AENJPLPP_00001	18
AENJPLPP_00003	32
AENJPLPP_00004	8
AENJPLPP_00005	5
AENJPLPP_00006	7
AENJPLPP_00007	8
AENJPLPP_00008	6
AENJPLPP_00009	47
AENJPLPP_00010	65
AENJPLPP_00011	13
AENJPLPP_00012	10
AENJPLPP_00013	23
AENJPLPP_00014	51
AENJPLPP_00015	44
AENJPLPP_00016	138
AENJPLPP_00017	3
AENJPLPP_00018	1
AENJPLPP_00019	0
AENJPLPP_00020	0
AENJPLPP_00021	203
AENJPLPP_00022	0
AENJPLPP_00023	1
AENJPLPP_00024	4
AENJPLPP_00025	32
AENJPLPP_00026	26
AENJPLPP_00027	2
AENJPLPP_00028	1
AENJPLPP_00029	0
AENJPLPP_00030	1
AENJPLPP_00031	30
AENJPLPP_00032	25
AENJPLPP_00034	16
AENJPLPP_00035	21
AENJPLPP_00036	8
AENJPLPP_00037	2
AENJPLPP_00038	2
AENJPLPP_00039	2
AENJPLPP_00040	1
AENJPLPP_00041	0
AENJPLPP_00042	44
AENJPLPP_00043	527
AENJPLPP_00044	30
AENJPLPP_00045	8
AENJPLPP_00046	4
AENJPLPP_00047	7
AENJPLPP_00048	2
AENJPLPP_00049	0
AENJPLPP_00050	0
AENJPLPP_00051	0
AENJPLPP_00052	1
AENJPLPP_00053	0
AENJPLPP_00054	0
AENJPLPP_00055	0
AENJPLPP_00056	4
AENJPLPP_00057	8
AENJPLPP_00058	313
AENJPLPP_00059	0
AENJPLPP_00060	0
AENJPLPP_00061	0
AENJPLPP_00062	1
AENJPLPP_00063	1
AENJPLPP_00064	2
AENJPLPP_00065	1
AENJPLPP_00066	1
AENJPLPP_00067	2
AENJPLPP_00068	7
AENJPLPP_00069	0
AENJPLPP_00070	1
AENJPLPP_00071	0
AENJPLPP_00072	3
AENJPLPP_00073	0
AENJPLPP_00074	2
AENJPLPP_00075	4
AENJPLPP_00076	3
AENJPLPP_00077	4
AENJPLPP_00078	0
AENJPLPP_00079	0
AENJPLPP_00080	0
AENJPLPP_00081	0
AENJPLPP_00082	0
AENJPLPP_00083	0
AENJPLPP_00084	0
AENJPLPP_00085	29
AENJPLPP_00086	14
AENJPLPP_00087	1
AENJPLPP_00088	14
AENJPLPP_00089	1
AENJPLPP_00090	3
AENJPLPP_00091	1
AENJPLPP_00092	197
AENJPLPP_00093	113
AENJPLPP_00094	2
AENJPLPP_00095	40
AENJPLPP_00096	17
AENJPLPP_00097	5
AENJPLPP_00098	7
AENJPLPP_00099	0
AENJPLPP_00100	6
AENJPLPP_00101	12
AENJPLPP_00102	15
AENJPLPP_00103	191
AENJPLPP_00104	9
AENJPLPP_00105	17
AENJPLPP_00106	117
AENJPLPP_00107	0
AENJPLPP_00108	66
AENJPLPP_00109	45
AENJPLPP_00110	29
AENJPLPP_00111	19
AENJPLPP_00112	12
AENJPLPP_00113	17
AENJPLPP_00114	40
AENJPLPP_00115	7
AENJPLPP_00116	66
AENJPLPP_00117	34
AENJPLPP_00118	8
AENJPLPP_00119	224
AENJPLPP_00120	23
AENJPLPP_00121	1
AENJPLPP_00122	36
AENJPLPP_00123	23
AENJPLPP_00124	214
AENJPLPP_00125	140
AENJPLPP_00126	73
AENJPLPP_00127	37
AENJPLPP_00128	13
AENJPLPP_00129	6
AENJPLPP_00130	60
AENJPLPP_00131	62
AENJPLPP_00132	145
AENJPLPP_00133	67
AENJPLPP_00134	79
AENJPLPP_00135	18
AENJPLPP_00136	68
AENJPLPP_00137	414
AENJPLPP_00138	29
AENJPLPP_00139	8
AENJPLPP_00140	35
AENJPLPP_00141	51
AENJPLPP_00142	16
AENJPLPP_00143	17
AENJPLPP_00144	6
AENJPLPP_00145	2
AENJPLPP_00146	2
AENJPLPP_00147	1
AENJPLPP_00148	1
AENJPLPP_00149	14
AENJPLPP_00150	8
AENJPLPP_00151	3
AENJPLPP_00152	0
AENJPLPP_00153	9
AENJPLPP_00154	81
AENJPLPP_00155	39
AENJPLPP_00156	197
AENJPLPP_00157	53
AENJPLPP_00158	0
AENJPLPP_00159	118
AENJPLPP_00160	212
AENJPLPP_00161	21
AENJPLPP_00162	144
AENJPLPP_00163	165
AENJPLPP_00164	57
AENJPLPP_00165	19
AENJPLPP_00166	46
AENJPLPP_00167	12
AENJPLPP_00168	1
AENJPLPP_00169	3
AENJPLPP_00170	3
AENJPLPP_00171	30
AENJPLPP_00172	2
AENJPLPP_00173	0
AENJPLPP_00174	1
AENJPLPP_00175	14
AENJPLPP_00176	6
AENJPLPP_00177	81
AENJPLPP_00178	29
AENJPLPP_00179	80
AENJPLPP_00180	123
AENJPLPP_00181	146
AENJPLPP_00182	5
AENJPLPP_00183	10
AENJPLPP_00184	9
AENJPLPP_00185	16
AENJPLPP_00186	291
AENJPLPP_00187	117
AENJPLPP_00188	23
AENJPLPP_00189	3
AENJPLPP_00190	7
AENJPLPP_00191	0
AENJPLPP_00192	67
AENJPLPP_00193	298
AENJPLPP_00194	165
AENJPLPP_00195	85
AENJPLPP_00196	105
AENJPLPP_00197	51
AENJPLPP_00198	18
AENJPLPP_00199	49
AENJPLPP_00200	117
AENJPLPP_00201	251
AENJPLPP_00202	42
AENJPLPP_00203	2
AENJPLPP_00204	42
AENJPLPP_00205	42
AENJPLPP_00206	8
AENJPLPP_00207	1
AENJPLPP_00208	7
AENJPLPP_00209	18
AENJPLPP_00210	41
AENJPLPP_00211	35
AENJPLPP_00212	20
AENJPLPP_00213	36
AENJPLPP_00214	9
AENJPLPP_00215	61
AENJPLPP_00216	1823
AENJPLPP_00217	20
AENJPLPP_00218	18
AENJPLPP_00219	2
AENJPLPP_00220	25
AENJPLPP_00221	1
AENJPLPP_00222	2
AENJPLPP_00223	6
AENJPLPP_00224	2
AENJPLPP_00225	8
AENJPLPP_00226	10
AENJPLPP_00227	51
AENJPLPP_00228	8
AENJPLPP_00229	9
AENJPLPP_00230	324
AENJPLPP_00231	0
AENJPLPP_00232	0
AENJPLPP_00233	11
AENJPLPP_00234	3
AENJPLPP_00235	39
AENJPLPP_00236	23
AENJPLPP_00237	53
AENJPLPP_00238	153
AENJPLPP_00239	25
AENJPLPP_00240	27
AENJPLPP_00241	44
AENJPLPP_00242	4
AENJPLPP_00243	5
AENJPLPP_00244	19
AENJPLPP_00245	19
AENJPLPP_00246	40
AENJPLPP_00247	2
AENJPLPP_00248	37
AENJPLPP_00249	22
AENJPLPP_00250	0
AENJPLPP_00251	10
AENJPLPP_00252	0
AENJPLPP_00253	3
AENJPLPP_00254	15
AENJPLPP_00255	13
AENJPLPP_00256	3
AENJPLPP_00257	8
AENJPLPP_00258	40
AENJPLPP_00259	34
AENJPLPP_00260	26
AENJPLPP_00261	32
AENJPLPP_00262	68
AENJPLPP_00263	10
AENJPLPP_00264	6
AENJPLPP_00265	4
AENJPLPP_00266	20
AENJPLPP_00267	9
AENJPLPP_00268	7
AENJPLPP_00269	4
AENJPLPP_00270	14
AENJPLPP_00271	0
AENJPLPP_00272	9
AENJPLPP_00273	16
AENJPLPP_00274	0
AENJPLPP_00275	4
AENJPLPP_00276	40
AENJPLPP_00277	13
AENJPLPP_00278	12
AENJPLPP_00279	3
AENJPLPP_00280	0
AENJPLPP_00281	4
AENJPLPP_00282	24
AENJPLPP_00283	0
AENJPLPP_00284	24
AENJPLPP_00285	49
AENJPLPP_00286	12
AENJPLPP_00287	3
AENJPLPP_00288	1
AENJPLPP_00289	0
AENJPLPP_00290	0
AENJPLPP_00291	1
AENJPLPP_00292	2
AENJPLPP_00293	0
AENJPLPP_00294	0
AENJPLPP_00295	0
AENJPLPP_00296	0
AENJPLPP_00297	0
AENJPLPP_00298	1
AENJPLPP_00299	2
AENJPLPP_00300	0
AENJPLPP_00301	29
AENJPLPP_00302	28
AENJPLPP_00303	2
AENJPLPP_00304	4
AENJPLPP_00305	9
AENJPLPP_00306	0
AENJPLPP_00308	1
AENJPLPP_00309	0
AENJPLPP_00310	5
AENJPLPP_00311	6
AENJPLPP_00312	2
AENJPLPP_00313	17
AENJPLPP_00314	4
AENJPLPP_00315	3
AENJPLPP_00316	18
AENJPLPP_00317	25
AENJPLPP_00318	3
AENJPLPP_00319	3
AENJPLPP_00320	9
AENJPLPP_00321	0
AENJPLPP_00322	10
AENJPLPP_00323	7
AENJPLPP_00324	17
AENJPLPP_00325	2
AENJPLPP_00326	0
AENJPLPP_00327	32
AENJPLPP_00328	62
AENJPLPP_00329	6
AENJPLPP_00330	2
AENJPLPP_00331	77
AENJPLPP_00332	11
AENJPLPP_00333	11
AENJPLPP_00334	61
AENJPLPP_00335	3
AENJPLPP_00336	711
AENJPLPP_00337	4
AENJPLPP_00338	17
AENJPLPP_00339	879
AENJPLPP_00340	56
AENJPLPP_00341	65
AENJPLPP_00342	13
AENJPLPP_00343	2
AENJPLPP_00344	83
AENJPLPP_00345	80
AENJPLPP_00346	6
AENJPLPP_00347	11
AENJPLPP_00348	7
AENJPLPP_00349	34
AENJPLPP_00350	21
AENJPLPP_00351	4
AENJPLPP_00352	29
AENJPLPP_00353	27
AENJPLPP_00354	4
AENJPLPP_00355	1
AENJPLPP_00356	0
AENJPLPP_00357	3
AENJPLPP_00358	15
AENJPLPP_00359	74
AENJPLPP_00360	20
AENJPLPP_00361	16
AENJPLPP_00362	42
AENJPLPP_00363	40
AENJPLPP_00364	34
AENJPLPP_00365	34
AENJPLPP_00366	12
AENJPLPP_00367	9
AENJPLPP_00368	16
AENJPLPP_00369	36
AENJPLPP_00370	26
AENJPLPP_00371	37
AENJPLPP_00372	91
AENJPLPP_00373	44
AENJPLPP_00374	10
AENJPLPP_00375	23
AENJPLPP_00376	23
AENJPLPP_00377	5
AENJPLPP_00378	4
AENJPLPP_00379	10
AENJPLPP_00380	35
AENJPLPP_00381	1
AENJPLPP_00382	121
AENJPLPP_00383	72
AENJPLPP_00384	29
AENJPLPP_00385	56
AENJPLPP_00386	242
AENJPLPP_00387	14
AENJPLPP_00388	20
AENJPLPP_00389	76
AENJPLPP_00390	101
AENJPLPP_00391	11
AENJPLPP_00392	4
AENJPLPP_00393	12
AENJPLPP_00394	5
AENJPLPP_00395	2
AENJPLPP_00396	1
AENJPLPP_00397	0
AENJPLPP_00398	5
AENJPLPP_00399	6
AENJPLPP_00400	4
AENJPLPP_00401	4
AENJPLPP_00402	81
AENJPLPP_00403	22
AENJPLPP_00404	7
AENJPLPP_00405	56
AENJPLPP_00406	290
AENJPLPP_00407	8
AENJPLPP_00408	43
AENJPLPP_00409	7
AENJPLPP_00410	9
AENJPLPP_00411	3
AENJPLPP_00412	5
AENJPLPP_00413	0
AENJPLPP_00414	9
AENJPLPP_00415	2
AENJPLPP_00416	1
AENJPLPP_00417	33
AENJPLPP_00418	3
AENJPLPP_00419	0
AENJPLPP_00420	3
AENJPLPP_00421	81
AENJPLPP_00422	10
AENJPLPP_00423	54
AENJPLPP_00424	6
AENJPLPP_00425	3
AENJPLPP_00426	8
AENJPLPP_00427	50
AENJPLPP_00428	4
AENJPLPP_00429	0
AENJPLPP_00430	135
AENJPLPP_00431	108
AENJPLPP_00432	10
AENJPLPP_00433	19
AENJPLPP_00434	4
AENJPLPP_00435	12
AENJPLPP_00436	14
AENJPLPP_00437	2
AENJPLPP_00438	5
AENJPLPP_00439	35
AENJPLPP_00440	11
AENJPLPP_00441	13
AENJPLPP_00442	4
AENJPLPP_00443	4
AENJPLPP_00444	8
AENJPLPP_00445	74
AENJPLPP_00446	17
AENJPLPP_00447	1
AENJPLPP_00448	7
AENJPLPP_00449	22
AENJPLPP_00450	27
AENJPLPP_00451	23
AENJPLPP_00452	579
AENJPLPP_00453	51
AENJPLPP_00454	43
AENJPLPP_00455	228
AENJPLPP_00456	19
AENJPLPP_00457	90
AENJPLPP_00458	50
AENJPLPP_00459	4
AENJPLPP_00460	64
AENJPLPP_00461	5
AENJPLPP_00462	3
AENJPLPP_00463	0
AENJPLPP_00464	13
AENJPLPP_00465	46
AENJPLPP_00466	121
AENJPLPP_00467	41
AENJPLPP_00468	17
AENJPLPP_00469	75
AENJPLPP_00470	272
AENJPLPP_00471	1
AENJPLPP_00472	45
AENJPLPP_00473	14
AENJPLPP_00474	12
AENJPLPP_00475	298
AENJPLPP_00476	6
AENJPLPP_00477	3
AENJPLPP_00478	41
AENJPLPP_00479	6
AENJPLPP_00480	31
AENJPLPP_00481	10
AENJPLPP_00482	241
AENJPLPP_00483	133
AENJPLPP_00484	12
AENJPLPP_00485	66
AENJPLPP_00486	95
AENJPLPP_00487	77
AENJPLPP_00488	104
AENJPLPP_00489	17
AENJPLPP_00490	15
AENJPLPP_00491	14
AENJPLPP_00492	23
AENJPLPP_00493	85
AENJPLPP_00494	50
AENJPLPP_00495	39
AENJPLPP_00496	1
AENJPLPP_00497	19
AENJPLPP_00498	136
AENJPLPP_00499	35
AENJPLPP_00500	53
AENJPLPP_00501	128
AENJPLPP_00502	83
AENJPLPP_00503	16
AENJPLPP_00504	9
AENJPLPP_00505	23
AENJPLPP_00506	11
AENJPLPP_00507	18
AENJPLPP_00508	19
AENJPLPP_00509	38
AENJPLPP_00510	41
AENJPLPP_00511	87
AENJPLPP_00512	185
AENJPLPP_00513	82
AENJPLPP_00514	10
AENJPLPP_00515	116
AENJPLPP_00516	60
AENJPLPP_00517	22
AENJPLPP_00518	1
AENJPLPP_00519	17
AENJPLPP_00520	13
AENJPLPP_00521	34
AENJPLPP_00522	8
AENJPLPP_00523	0
AENJPLPP_00524	157
AENJPLPP_00525	46
AENJPLPP_00527	9
AENJPLPP_00528	7
AENJPLPP_00529	1
AENJPLPP_00530	5
AENJPLPP_00531	7
AENJPLPP_00532	23
AENJPLPP_00533	2
AENJPLPP_00534	2
AENJPLPP_00535	20
AENJPLPP_00537	4
AENJPLPP_00538	18
AENJPLPP_00539	21
AENJPLPP_00540	43
AENJPLPP_00541	94
AENJPLPP_00542	33
AENJPLPP_00543	4
AENJPLPP_00544	84
AENJPLPP_00545	89
AENJPLPP_00546	35
AENJPLPP_00547	4
AENJPLPP_00548	51
AENJPLPP_00549	35
AENJPLPP_00550	16
AENJPLPP_00551	4
AENJPLPP_00552	4
AENJPLPP_00553	3
AENJPLPP_00554	2
AENJPLPP_00555	32
AENJPLPP_00556	4
AENJPLPP_00557	8
AENJPLPP_00558	10
AENJPLPP_00559	80
AENJPLPP_00560	20
AENJPLPP_00561	114
AENJPLPP_00562	111
AENJPLPP_00563	9
AENJPLPP_00564	37
AENJPLPP_00565	110
AENJPLPP_00566	11
AENJPLPP_00567	6
AENJPLPP_00568	130
AENJPLPP_00569	79
AENJPLPP_00570	72
AENJPLPP_00571	113
AENJPLPP_00572	8
AENJPLPP_00573	26
AENJPLPP_00574	1
AENJPLPP_00575	1
AENJPLPP_00576	4
AENJPLPP_00577	8
AENJPLPP_00578	27
AENJPLPP_00579	75
AENJPLPP_00580	9
AENJPLPP_00581	3
AENJPLPP_00582	14
AENJPLPP_00583	6
AENJPLPP_00584	9
AENJPLPP_00585	0
AENJPLPP_00586	4
AENJPLPP_00587	0
AENJPLPP_00588	1
AENJPLPP_00589	3
AENJPLPP_00590	5
AENJPLPP_00591	30
AENJPLPP_00592	16
AENJPLPP_00593	4
AENJPLPP_00594	35
AENJPLPP_00595	14
AENJPLPP_00596	1
AENJPLPP_00597	3
AENJPLPP_00598	2
AENJPLPP_00599	0
AENJPLPP_00600	2
AENJPLPP_00601	45
AENJPLPP_00602	26
AENJPLPP_00603	25
AENJPLPP_00604	8
AENJPLPP_00605	45
AENJPLPP_00606	57
AENJPLPP_00607	4
AENJPLPP_00608	26
AENJPLPP_00609	5
AENJPLPP_00610	5
AENJPLPP_00611	1
AENJPLPP_00612	10
AENJPLPP_00613	14
AENJPLPP_00614	2
AENJPLPP_00615	24
AENJPLPP_00616	19
AENJPLPP_00617	48
AENJPLPP_00618	1
AENJPLPP_00620	25
AENJPLPP_00621	30
AENJPLPP_00622	13
AENJPLPP_00623	5
AENJPLPP_00624	72
AENJPLPP_00625	7
AENJPLPP_00626	10
AENJPLPP_00627	16
AENJPLPP_00628	31
AENJPLPP_00629	51
AENJPLPP_00630	17
AENJPLPP_00631	24
AENJPLPP_00632	22
AENJPLPP_00633	0
AENJPLPP_00634	21
AENJPLPP_00635	38
AENJPLPP_00636	3
AENJPLPP_00637	104
AENJPLPP_00638	20
AENJPLPP_00639	8
AENJPLPP_00640	1
AENJPLPP_00641	17
AENJPLPP_00642	7
AENJPLPP_00643	35
AENJPLPP_00644	22
AENJPLPP_00645	104
AENJPLPP_00646	25
AENJPLPP_00647	70
AENJPLPP_00648	228
AENJPLPP_00649	99
AENJPLPP_00650	8
AENJPLPP_00651	441
AENJPLPP_00652	95
AENJPLPP_00653	100
AENJPLPP_00654	61
AENJPLPP_00655	38
AENJPLPP_00656	16
AENJPLPP_00657	56
AENJPLPP_00658	140
AENJPLPP_00659	208
AENJPLPP_00660	37
AENJPLPP_00661	17
AENJPLPP_00662	2
AENJPLPP_00663	203
AENJPLPP_00664	20
AENJPLPP_00665	4
AENJPLPP_00666	15
AENJPLPP_00667	26
AENJPLPP_00668	42
AENJPLPP_00669	70
AENJPLPP_00670	53
AENJPLPP_00671	21
AENJPLPP_00672	48
AENJPLPP_00673	46
AENJPLPP_00674	49
AENJPLPP_00675	22
AENJPLPP_00676	34
AENJPLPP_00677	27
AENJPLPP_00678	3
AENJPLPP_00679	73
AENJPLPP_00680	37
AENJPLPP_00681	46
AENJPLPP_00682	8
AENJPLPP_00683	57
AENJPLPP_00684	109
AENJPLPP_00685	112
AENJPLPP_00686	26
AENJPLPP_00687	55
AENJPLPP_00688	3
AENJPLPP_00689	2
AENJPLPP_00690	4
AENJPLPP_00691	48
AENJPLPP_00692	72
AENJPLPP_00693	82
AENJPLPP_00694	16
AENJPLPP_00695	20
AENJPLPP_00696	14
AENJPLPP_00697	34
AENJPLPP_00698	5
AENJPLPP_00699	27
AENJPLPP_00700	0
AENJPLPP_00701	10
AENJPLPP_00702	39
AENJPLPP_00703	94
AENJPLPP_00704	4
AENJPLPP_00705	127
AENJPLPP_00706	80
AENJPLPP_00707	91
AENJPLPP_00708	17
AENJPLPP_00709	1
AENJPLPP_00710	13
AENJPLPP_00711	55
AENJPLPP_00712	38
AENJPLPP_00713	16
AENJPLPP_00714	25
AENJPLPP_00715	28
AENJPLPP_00716	3
AENJPLPP_00717	114
AENJPLPP_00718	96
AENJPLPP_00719	27
AENJPLPP_00720	66
AENJPLPP_00721	16
AENJPLPP_00722	138
AENJPLPP_00723	97
AENJPLPP_00724	27
AENJPLPP_00725	18
AENJPLPP_00726	70
AENJPLPP_00727	6
AENJPLPP_00728	0
AENJPLPP_00729	6
AENJPLPP_00730	6
AENJPLPP_00731	7
AENJPLPP_00732	4
AENJPLPP_00733	11
AENJPLPP_00734	8
AENJPLPP_00735	1
AENJPLPP_00736	0
AENJPLPP_00737	1
AENJPLPP_00738	0
AENJPLPP_00739	0
AENJPLPP_00740	2
AENJPLPP_00741	7
AENJPLPP_00742	34
AENJPLPP_00743	1
AENJPLPP_00744	16
AENJPLPP_00745	4
AENJPLPP_00746	58
AENJPLPP_00747	8
AENJPLPP_00748	5
AENJPLPP_00749	9
AENJPLPP_00750	7
AENJPLPP_00751	0
AENJPLPP_00752	1
AENJPLPP_00753	2
AENJPLPP_00754	0
AENJPLPP_00755	0
AENJPLPP_00756	3
AENJPLPP_00757	0
AENJPLPP_00758	9
AENJPLPP_00759	2
AENJPLPP_00760	4
AENJPLPP_00761	2
AENJPLPP_00762	11
AENJPLPP_00763	5
AENJPLPP_00764	1
AENJPLPP_00765	3
AENJPLPP_00766	0
AENJPLPP_00767	8
AENJPLPP_00768	0
AENJPLPP_00769	4
AENJPLPP_00770	8
AENJPLPP_00771	17
AENJPLPP_00772	20
AENJPLPP_00773	0
AENJPLPP_00774	8
AENJPLPP_00775	1
AENJPLPP_00776	2
AENJPLPP_00777	0
AENJPLPP_00778	0
AENJPLPP_00779	0
AENJPLPP_00796	97
AENJPLPP_00797	21
AENJPLPP_00798	201
AENJPLPP_00799	24
AENJPLPP_00800	148
AENJPLPP_00801	50
AENJPLPP_00802	345
AENJPLPP_00803	367
AENJPLPP_00804	56
AENJPLPP_00805	154
AENJPLPP_00806	151
AENJPLPP_00807	0
AENJPLPP_00808	399
AENJPLPP_00809	14
AENJPLPP_00810	4
AENJPLPP_00811	104
AENJPLPP_00812	9
AENJPLPP_00813	228
AENJPLPP_00814	3
AENJPLPP_00815	8
AENJPLPP_00816	132
AENJPLPP_00817	19
AENJPLPP_00818	0
AENJPLPP_00819	65
AENJPLPP_00820	130
AENJPLPP_00821	45
AENJPLPP_00822	106
AENJPLPP_00823	166
AENJPLPP_00824	152
AENJPLPP_00825	24
AENJPLPP_00826	154
AENJPLPP_00827	40
AENJPLPP_00828	462
AENJPLPP_00829	166
AENJPLPP_00830	432
AENJPLPP_00831	48
AENJPLPP_00832	59
AENJPLPP_00833	267
AENJPLPP_00834	292
AENJPLPP_00835	250
AENJPLPP_00836	52
AENJPLPP_00837	328
AENJPLPP_00838	186
AENJPLPP_00839	34
AENJPLPP_00840	41
AENJPLPP_00841	40
AENJPLPP_00842	24
AENJPLPP_00843	31
AENJPLPP_00844	1118
AENJPLPP_00845	169
AENJPLPP_00846	163
AENJPLPP_00847	9
AENJPLPP_00848	9
AENJPLPP_00849	136
AENJPLPP_00850	58
AENJPLPP_00851	18
AENJPLPP_00852	83
AENJPLPP_00853	57
AENJPLPP_00854	95
AENJPLPP_00855	9
AENJPLPP_00856	52
AENJPLPP_00857	9
AENJPLPP_00858	27
AENJPLPP_00859	53
AENJPLPP_00860	26
AENJPLPP_00861	243
AENJPLPP_00862	5
AENJPLPP_00863	19
AENJPLPP_00864	37
AENJPLPP_00865	70
AENJPLPP_00866	5
AENJPLPP_00867	0
AENJPLPP_00868	0
AENJPLPP_00869	25
AENJPLPP_00870	69
AENJPLPP_00871	25
AENJPLPP_00872	79
AENJPLPP_00873	47
AENJPLPP_00874	211
AENJPLPP_00875	53
AENJPLPP_00876	49
AENJPLPP_00877	2
AENJPLPP_00878	113
AENJPLPP_00879	20
AENJPLPP_00880	44
AENJPLPP_00881	39
AENJPLPP_00882	6
AENJPLPP_00883	26
AENJPLPP_00884	43
AENJPLPP_00885	51
AENJPLPP_00886	42
AENJPLPP_00887	94
AENJPLPP_00888	8
AENJPLPP_00889	13
AENJPLPP_00890	0
AENJPLPP_00891	51
AENJPLPP_00892	1
AENJPLPP_00893	242
AENJPLPP_00894	58
AENJPLPP_00895	115
AENJPLPP_00896	67
AENJPLPP_00897	61
AENJPLPP_00898	86
AENJPLPP_00899	39
AENJPLPP_00900	134
AENJPLPP_00901	28
AENJPLPP_00902	38
AENJPLPP_00903	47
AENJPLPP_00904	28
AENJPLPP_00905	24
AENJPLPP_00906	38
AENJPLPP_00907	105
AENJPLPP_00908	78
AENJPLPP_00909	80
AENJPLPP_00910	19
AENJPLPP_00911	30
AENJPLPP_00912	30
AENJPLPP_00913	0
AENJPLPP_00914	0
AENJPLPP_00915	0
AENJPLPP_00916	0
AENJPLPP_00917	0
AENJPLPP_00918	0
AENJPLPP_00920	1
AENJPLPP_00921	0
AENJPLPP_00922	0
AENJPLPP_00923	0
AENJPLPP_00924	1
AENJPLPP_00925	0
AENJPLPP_00926	0
AENJPLPP_00927	0
AENJPLPP_00928	6
AENJPLPP_00929	4
AENJPLPP_00930	12
AENJPLPP_00931	0
AENJPLPP_00932	0
AENJPLPP_00933	0
AENJPLPP_00934	0
AENJPLPP_00935	1
AENJPLPP_00936	2
AENJPLPP_00937	2
AENJPLPP_00938	0
AENJPLPP_00939	1
AENJPLPP_00940	0
AENJPLPP_00941	55
AENJPLPP_00942	12
AENJPLPP_00943	2
AENJPLPP_00944	0
AENJPLPP_00945	0
AENJPLPP_00946	2
AENJPLPP_00947	4
AENJPLPP_00948	8
AENJPLPP_00949	0
AENJPLPP_00950	4
AENJPLPP_00951	57
AENJPLPP_00952	0
AENJPLPP_00953	0
AENJPLPP_00954	0
AENJPLPP_00955	0
AENJPLPP_00956	0
AENJPLPP_00957	0
AENJPLPP_00958	0
AENJPLPP_00959	0
AENJPLPP_00960	3
AENJPLPP_00961	1
AENJPLPP_00962	2
AENJPLPP_00963	1
AENJPLPP_00964	0
AENJPLPP_00965	0
AENJPLPP_00966	3
AENJPLPP_00967	0
AENJPLPP_00968	1
AENJPLPP_00969	0
AENJPLPP_00970	0
AENJPLPP_00971	0
AENJPLPP_00972	0
AENJPLPP_00973	0
AENJPLPP_00974	5
AENJPLPP_00975	0
AENJPLPP_00976	2
AENJPLPP_00977	13
AENJPLPP_00978	59
AENJPLPP_00979	184
AENJPLPP_00980	60
AENJPLPP_00981	8
AENJPLPP_00982	3
AENJPLPP_00983	5
AENJPLPP_00984	4
AENJPLPP_00985	52
AENJPLPP_00986	252
AENJPLPP_00987	29
AENJPLPP_00988	38
AENJPLPP_00989	36
AENJPLPP_00990	13
AENJPLPP_00991	73
AENJPLPP_00992	49
AENJPLPP_00993	47
AENJPLPP_00994	78
AENJPLPP_00995	23
AENJPLPP_00996	64
AENJPLPP_00997	32
AENJPLPP_00999	4
AENJPLPP_01000	10
AENJPLPP_01001	21
AENJPLPP_01002	6
AENJPLPP_01003	1
AENJPLPP_01004	164
AENJPLPP_01005	42
AENJPLPP_01006	9
AENJPLPP_01007	1
AENJPLPP_01008	31
AENJPLPP_01009	2
AENJPLPP_01010	11
AENJPLPP_01011	140
AENJPLPP_01012	117
AENJPLPP_01013	214
AENJPLPP_01014	54
AENJPLPP_01015	6
AENJPLPP_01016	46
AENJPLPP_01017	6
AENJPLPP_01018	16
AENJPLPP_01019	8
AENJPLPP_01020	205
AENJPLPP_01021	457
AENJPLPP_01022	114
AENJPLPP_01023	224
AENJPLPP_01024	37
AENJPLPP_01025	23
AENJPLPP_01026	288
AENJPLPP_01027	34
AENJPLPP_01028	32
AENJPLPP_01029	2
AENJPLPP_01030	8
AENJPLPP_01031	56
AENJPLPP_01032	123
AENJPLPP_01033	21
AENJPLPP_01034	107
AENJPLPP_01035	52
AENJPLPP_01036	6
AENJPLPP_01037	24
AENJPLPP_01038	2
AENJPLPP_01039	4
AENJPLPP_01040	70
AENJPLPP_01041	17
AENJPLPP_01042	5
AENJPLPP_01043	21
AENJPLPP_01044	155
AENJPLPP_01045	97
AENJPLPP_01046	88
AENJPLPP_01047	24
AENJPLPP_01048	18
AENJPLPP_01049	13
AENJPLPP_01050	11
AENJPLPP_01051	4
AENJPLPP_01052	0
AENJPLPP_01053	73
AENJPLPP_01054	2
AENJPLPP_01055	27
AENJPLPP_01056	42
AENJPLPP_01057	76
AENJPLPP_01058	148
AENJPLPP_01059	18
AENJPLPP_01060	31
AENJPLPP_01061	9
AENJPLPP_01062	5
AENJPLPP_01063	20
AENJPLPP_01064	18
AENJPLPP_01065	151
AENJPLPP_01066	150
AENJPLPP_01067	260
AENJPLPP_01068	35
AENJPLPP_01069	52
AENJPLPP_01070	33
AENJPLPP_01071	13
AENJPLPP_01072	219
AENJPLPP_01073	8
AENJPLPP_01074	22
AENJPLPP_01075	1
AENJPLPP_01076	4
AENJPLPP_01077	310
AENJPLPP_01078	4
AENJPLPP_01079	21
AENJPLPP_01080	0
AENJPLPP_01081	19
AENJPLPP_01082	56
AENJPLPP_01083	15
AENJPLPP_01084	0
AENJPLPP_01085	0
AENJPLPP_01086	1
AENJPLPP_01087	1
AENJPLPP_01088	2
AENJPLPP_01089	2
AENJPLPP_01090	13
AENJPLPP_01091	42
AENJPLPP_01092	20
AENJPLPP_01093	17
AENJPLPP_01094	19
AENJPLPP_01095	1
AENJPLPP_01096	25
AENJPLPP_01097	20
AENJPLPP_01098	76
AENJPLPP_01099	47
AENJPLPP_01100	58
AENJPLPP_01101	9
AENJPLPP_01102	3
AENJPLPP_01103	7
AENJPLPP_01104	5
AENJPLPP_01105	1
AENJPLPP_01106	1
AENJPLPP_01107	1
AENJPLPP_01108	0
AENJPLPP_01109	11
AENJPLPP_01110	6
AENJPLPP_01111	3
AENJPLPP_01112	0
AENJPLPP_01113	1
AENJPLPP_01114	8
AENJPLPP_01115	3
AENJPLPP_01116	4
AENJPLPP_01117	4
AENJPLPP_01118	5
AENJPLPP_01119	57
AENJPLPP_01120	60
AENJPLPP_01121	112
AENJPLPP_01122	252
AENJPLPP_01123	288
AENJPLPP_01124	36
AENJPLPP_01125	103
AENJPLPP_01126	67
AENJPLPP_01127	8
AENJPLPP_01128	24
AENJPLPP_01129	12
AENJPLPP_01130	23
AENJPLPP_01131	82
AENJPLPP_01132	17
AENJPLPP_01133	29
AENJPLPP_01134	13
AENJPLPP_01135	3
AENJPLPP_01136	4
AENJPLPP_01137	5
AENJPLPP_01138	33
AENJPLPP_01139	35
AENJPLPP_01140	6
AENJPLPP_01141	59
AENJPLPP_01142	65
AENJPLPP_01143	11
AENJPLPP_01144	4
AENJPLPP_01145	10
AENJPLPP_01146	0
AENJPLPP_01147	1
AENJPLPP_01148	22
AENJPLPP_01149	33
AENJPLPP_01150	18
AENJPLPP_01151	0
AENJPLPP_01152	29
AENJPLPP_01153	311
AENJPLPP_01154	415
AENJPLPP_01155	340
AENJPLPP_01156	252
AENJPLPP_01157	131
AENJPLPP_01158	59
AENJPLPP_01159	146
AENJPLPP_01160	26
AENJPLPP_01161	72
AENJPLPP_01162	70
AENJPLPP_01163	4
AENJPLPP_01164	6
AENJPLPP_01165	7
AENJPLPP_01166	0
AENJPLPP_01167	109
AENJPLPP_01194	6
AENJPLPP_01195	191
AENJPLPP_01196	20
AENJPLPP_01197	32
AENJPLPP_01198	205
AENJPLPP_01199	26
AENJPLPP_01200	15
AENJPLPP_01201	61
AENJPLPP_01202	39
AENJPLPP_01203	13
AENJPLPP_01204	35
AENJPLPP_01205	101
AENJPLPP_01206	7
AENJPLPP_01207	281
AENJPLPP_01208	50
AENJPLPP_01209	21
AENJPLPP_01210	5
AENJPLPP_01211	266
AENJPLPP_01212	349
AENJPLPP_01213	12
AENJPLPP_01214	95
AENJPLPP_01215	57
AENJPLPP_01216	15
AENJPLPP_01217	24
AENJPLPP_01218	261
AENJPLPP_01219	53
AENJPLPP_01220	93
AENJPLPP_01221	58
AENJPLPP_01222	35
AENJPLPP_01223	86
AENJPLPP_01224	17
AENJPLPP_01225	333
AENJPLPP_01226	10
AENJPLPP_01227	27
AENJPLPP_01228	1
AENJPLPP_01229	21
AENJPLPP_01230	58
AENJPLPP_01231	35
AENJPLPP_01232	135
AENJPLPP_01233	99
AENJPLPP_01234	41
AENJPLPP_01235	16
AENJPLPP_01236	5
AENJPLPP_01237	16
AENJPLPP_01238	26
AENJPLPP_01239	77
AENJPLPP_01240	35
AENJPLPP_01241	156
AENJPLPP_01242	74
AENJPLPP_01243	60
AENJPLPP_01244	29
AENJPLPP_01245	34
AENJPLPP_01246	28
AENJPLPP_01247	26
AENJPLPP_01248	93
AENJPLPP_01249	19
AENJPLPP_01250	13
AENJPLPP_01251	0
AENJPLPP_01252	19
AENJPLPP_01253	26
AENJPLPP_01254	6
AENJPLPP_01255	52
AENJPLPP_01256	31
AENJPLPP_01257	140
AENJPLPP_01258	35
AENJPLPP_01259	72
AENJPLPP_01260	14
AENJPLPP_01261	62
AENJPLPP_01262	202
AENJPLPP_01263	105
AENJPLPP_01264	4
AENJPLPP_01265	7
AENJPLPP_01266	0
AENJPLPP_01267	12
AENJPLPP_01268	30
AENJPLPP_01269	33
AENJPLPP_01270	7
AENJPLPP_01271	6
AENJPLPP_01272	7
AENJPLPP_01273	97
AENJPLPP_01274	7
AENJPLPP_01275	12
AENJPLPP_01276	15
AENJPLPP_01277	3
AENJPLPP_01278	25
AENJPLPP_01279	1
AENJPLPP_01280	3
AENJPLPP_01281	6
AENJPLPP_01282	5
AENJPLPP_01283	7
AENJPLPP_01284	7
AENJPLPP_01285	1
AENJPLPP_01286	12
AENJPLPP_01287	13
AENJPLPP_01288	245
AENJPLPP_01289	44
AENJPLPP_01290	28
AENJPLPP_01291	59
AENJPLPP_01292	5
AENJPLPP_01293	43
AENJPLPP_01294	15
AENJPLPP_01295	7
AENJPLPP_01296	2
AENJPLPP_01297	8
AENJPLPP_01298	4
AENJPLPP_01299	62
AENJPLPP_01300	1
AENJPLPP_01301	1
AENJPLPP_01302	3
AENJPLPP_01303	10
AENJPLPP_01304	0
AENJPLPP_01305	2
AENJPLPP_01306	7
AENJPLPP_01307	1
AENJPLPP_01308	2
AENJPLPP_01309	1
AENJPLPP_01310	0
AENJPLPP_01311	1
AENJPLPP_01312	0
AENJPLPP_01313	0
AENJPLPP_01314	2
AENJPLPP_01315	1
AENJPLPP_01316	5
AENJPLPP_01317	8
AENJPLPP_01318	29
AENJPLPP_01319	113
AENJPLPP_01320	13
AENJPLPP_01321	14
AENJPLPP_01322	3
AENJPLPP_01323	7
AENJPLPP_01324	32
AENJPLPP_01325	21
AENJPLPP_01326	0
AENJPLPP_01327	3
AENJPLPP_01328	7
AENJPLPP_01329	3
AENJPLPP_01330	119
AENJPLPP_01331	18
AENJPLPP_01332	97
AENJPLPP_01333	13
AENJPLPP_01334	27
AENJPLPP_01335	1
AENJPLPP_01336	15
AENJPLPP_01337	6
AENJPLPP_01338	1
AENJPLPP_01339	3
AENJPLPP_01340	0
AENJPLPP_01341	0
AENJPLPP_01342	17
AENJPLPP_01343	6
AENJPLPP_01344	7
AENJPLPP_01345	1
AENJPLPP_01346	2
AENJPLPP_01347	23
AENJPLPP_01348	3
AENJPLPP_01349	2
AENJPLPP_01350	1
AENJPLPP_01351	8
AENJPLPP_01352	7
AENJPLPP_01353	8
AENJPLPP_01354	6
AENJPLPP_01355	11
AENJPLPP_01356	54
AENJPLPP_01357	65
AENJPLPP_01358	262
AENJPLPP_01359	201
AENJPLPP_01360	55
AENJPLPP_01361	124
AENJPLPP_01362	15
AENJPLPP_01363	9
AENJPLPP_01364	20
AENJPLPP_01365	14
AENJPLPP_01366	4
AENJPLPP_01367	0
AENJPLPP_01368	2
AENJPLPP_01369	10
AENJPLPP_01370	23
AENJPLPP_01371	1
AENJPLPP_01372	5
AENJPLPP_01373	35
AENJPLPP_01374	1045
AENJPLPP_01375	607
AENJPLPP_01376	19
AENJPLPP_01377	51
AENJPLPP_01378	8
AENJPLPP_01379	46
AENJPLPP_01380	43
AENJPLPP_01381	153
AENJPLPP_01382	72
AENJPLPP_01383	79
AENJPLPP_01384	37
AENJPLPP_01385	88
AENJPLPP_01386	60
AENJPLPP_01387	22
AENJPLPP_01388	6
AENJPLPP_01389	91
AENJPLPP_01390	54
AENJPLPP_01391	20
AENJPLPP_01392	113
AENJPLPP_01393	5
AENJPLPP_01403	18
AENJPLPP_01404	50
AENJPLPP_01405	67
AENJPLPP_01406	215
AENJPLPP_01407	23
AENJPLPP_01408	100
AENJPLPP_01409	13
AENJPLPP_01410	73
AENJPLPP_01411	44
AENJPLPP_01412	40
AENJPLPP_01413	55
AENJPLPP_01414	23
AENJPLPP_01415	24
AENJPLPP_01416	53
AENJPLPP_01417	54
AENJPLPP_01418	69
AENJPLPP_01419	19
AENJPLPP_01420	5
AENJPLPP_01421	48
AENJPLPP_01422	45
AENJPLPP_01423	3
AENJPLPP_01424	108
AENJPLPP_01425	190
AENJPLPP_01426	278
AENJPLPP_01427	238
AENJPLPP_01428	294
AENJPLPP_01429	30
AENJPLPP_01430	0
AENJPLPP_01431	58
AENJPLPP_01432	15
AENJPLPP_01433	54
AENJPLPP_01434	66
AENJPLPP_01435	72
AENJPLPP_01436	93
AENJPLPP_01437	47
AENJPLPP_01438	36
AENJPLPP_01439	44
AENJPLPP_01440	52
AENJPLPP_01441	7
AENJPLPP_01442	0
AENJPLPP_01443	5
AENJPLPP_01444	75
AENJPLPP_01445	189
AENJPLPP_01446	11
AENJPLPP_01447	1
AENJPLPP_01448	0
AENJPLPP_01449	23
AENJPLPP_01450	25
AENJPLPP_01451	34
AENJPLPP_01452	3
AENJPLPP_01453	1
AENJPLPP_01454	8
AENJPLPP_01455	79
AENJPLPP_01456	433
AENJPLPP_01457	25
AENJPLPP_01458	59
AENJPLPP_01459	17
AENJPLPP_01460	56
AENJPLPP_01461	107
AENJPLPP_01462	46
AENJPLPP_01463	442
AENJPLPP_01464	150
AENJPLPP_01465	165
AENJPLPP_01466	96
AENJPLPP_01467	165
AENJPLPP_01468	63
AENJPLPP_01469	147
AENJPLPP_01470	560
AENJPLPP_01471	52
AENJPLPP_01472	31
AENJPLPP_01473	273
AENJPLPP_01474	155
AENJPLPP_01475	1502
AENJPLPP_01476	1461
AENJPLPP_01477	284
AENJPLPP_01478	274
AENJPLPP_01479	147
AENJPLPP_01480	78
AENJPLPP_01481	480
AENJPLPP_01482	82
AENJPLPP_01483	393
AENJPLPP_01484	1099
AENJPLPP_01485	248
AENJPLPP_01486	137
AENJPLPP_01487	487
AENJPLPP_01488	286
AENJPLPP_01489	178
AENJPLPP_01490	617
AENJPLPP_01491	879
AENJPLPP_01492	192
AENJPLPP_01493	265
AENJPLPP_01494	174
AENJPLPP_01495	356
AENJPLPP_01496	45
AENJPLPP_01497	153
AENJPLPP_01498	1823
AENJPLPP_01499	531
AENJPLPP_01500	321
AENJPLPP_01501	26
AENJPLPP_01502	515
AENJPLPP_01503	123
AENJPLPP_01504	537
AENJPLPP_01505	179
AENJPLPP_01506	60
AENJPLPP_01507	43
AENJPLPP_01508	29
AENJPLPP_01509	25
AENJPLPP_01510	74
AENJPLPP_01511	56
AENJPLPP_01512	11
AENJPLPP_01513	18
AENJPLPP_01514	14
AENJPLPP_01515	20
AENJPLPP_01516	8
AENJPLPP_01517	40
AENJPLPP_01518	89
AENJPLPP_01519	19
AENJPLPP_01520	28
AENJPLPP_01521	324
AENJPLPP_01522	56
AENJPLPP_01523	108
AENJPLPP_01524	19
AENJPLPP_01525	23
AENJPLPP_01526	38
AENJPLPP_01527	51
AENJPLPP_01528	39
AENJPLPP_01529	61
AENJPLPP_01530	140
AENJPLPP_01531	10
AENJPLPP_01532	141
AENJPLPP_01533	41
AENJPLPP_01534	40
AENJPLPP_01535	157
AENJPLPP_01536	13
AENJPLPP_01537	9
AENJPLPP_01538	15
AENJPLPP_01539	4
AENJPLPP_01540	22
AENJPLPP_01541	1
AENJPLPP_01542	5
AENJPLPP_01543	2
AENJPLPP_01544	1
AENJPLPP_01545	14
AENJPLPP_01546	18
AENJPLPP_01547	10
AENJPLPP_01548	16
AENJPLPP_01549	73
AENJPLPP_01550	0
AENJPLPP_01551	131
AENJPLPP_01552	8
AENJPLPP_01553	10
AENJPLPP_01554	24
AENJPLPP_01555	2
AENJPLPP_01556	32
AENJPLPP_01557	74
AENJPLPP_01558	17
AENJPLPP_01559	316
AENJPLPP_01560	3
AENJPLPP_01561	11
AENJPLPP_01562	20
AENJPLPP_01563	16
AENJPLPP_01564	0
AENJPLPP_01565	102
AENJPLPP_01566	68
AENJPLPP_01567	42
AENJPLPP_01568	66
AENJPLPP_01569	4
AENJPLPP_01570	5
AENJPLPP_01571	39
AENJPLPP_01572	136
AENJPLPP_01573	31
AENJPLPP_01574	32
AENJPLPP_01575	12
AENJPLPP_01576	17
AENJPLPP_01577	60
AENJPLPP_01578	794
AENJPLPP_01579	80
AENJPLPP_01580	145
AENJPLPP_01581	200
AENJPLPP_01582	11
AENJPLPP_01583	16
AENJPLPP_01584	15
AENJPLPP_01585	20
AENJPLPP_01586	77
AENJPLPP_01587	63
AENJPLPP_01588	83
AENJPLPP_01589	185
AENJPLPP_01590	6
AENJPLPP_01591	160
AENJPLPP_01592	40
AENJPLPP_01593	22
AENJPLPP_01594	7
AENJPLPP_01595	31
AENJPLPP_01596	21
AENJPLPP_01597	2
AENJPLPP_01598	43
AENJPLPP_01599	0
AENJPLPP_01600	0
AENJPLPP_01601	5
AENJPLPP_01602	16
AENJPLPP_01603	21
AENJPLPP_01604	32
AENJPLPP_01605	12
AENJPLPP_01606	212
AENJPLPP_01607	28
AENJPLPP_01608	63
AENJPLPP_01609	43
AENJPLPP_01610	134
AENJPLPP_01611	8
AENJPLPP_01612	26
AENJPLPP_01613	16
AENJPLPP_01614	11
AENJPLPP_01615	12
AENJPLPP_01616	151
AENJPLPP_01617	45
AENJPLPP_01618	1
AENJPLPP_01619	1
AENJPLPP_01620	1
AENJPLPP_01621	1
AENJPLPP_01622	37
AENJPLPP_01623	28
AENJPLPP_01624	20
AENJPLPP_01625	9
AENJPLPP_01626	57
AENJPLPP_01627	2
AENJPLPP_01628	128
AENJPLPP_01629	90
AENJPLPP_01630	29
AENJPLPP_01631	77
AENJPLPP_01632	0
AENJPLPP_01633	33
AENJPLPP_01634	488
AENJPLPP_01635	15
AENJPLPP_01636	4
AENJPLPP_01637	0
AENJPLPP_01638	2
AENJPLPP_01639	1
AENJPLPP_01640	9
AENJPLPP_01641	11
AENJPLPP_01642	63
AENJPLPP_01643	82
AENJPLPP_01644	55
AENJPLPP_01645	2
AENJPLPP_01646	433
AENJPLPP_01647	50
AENJPLPP_01648	31
AENJPLPP_01649	46
AENJPLPP_01650	34
AENJPLPP_01651	58
AENJPLPP_01652	132
AENJPLPP_01653	566
AENJPLPP_01654	168
AENJPLPP_01655	33
AENJPLPP_01656	43
AENJPLPP_01657	53
AENJPLPP_01658	66
AENJPLPP_01659	6
AENJPLPP_01660	16
AENJPLPP_01661	2
AENJPLPP_01662	6
AENJPLPP_01663	38
AENJPLPP_01664	140
AENJPLPP_01665	6
AENJPLPP_01666	14
AENJPLPP_01667	47
AENJPLPP_01668	5
AENJPLPP_01669	17
AENJPLPP_01670	13
AENJPLPP_01671	24
AENJPLPP_01672	82
AENJPLPP_01673	63
AENJPLPP_01674	61
AENJPLPP_01675	10
AENJPLPP_01676	4
AENJPLPP_01677	27
AENJPLPP_01678	0
AENJPLPP_01679	5
AENJPLPP_01680	63
AENJPLPP_01681	127
AENJPLPP_01682	0
AENJPLPP_01683	52
AENJPLPP_01684	10
AENJPLPP_01685	0
AENJPLPP_01686	1
AENJPLPP_01687	3
AENJPLPP_01688	0
AENJPLPP_01689	1
AENJPLPP_01690	0
AENJPLPP_01691	0
AENJPLPP_01692	3
AENJPLPP_01693	12
AENJPLPP_01694	33
AENJPLPP_01695	1
AENJPLPP_01696	1
AENJPLPP_01697	5
AENJPLPP_01698	9
AENJPLPP_01699	47
AENJPLPP_01700	12
AENJPLPP_01701	2
AENJPLPP_01702	5
AENJPLPP_01703	29
AENJPLPP_01704	2
AENJPLPP_01705	2
AENJPLPP_01706	0
AENJPLPP_01707	0
AENJPLPP_01708	16
AENJPLPP_01709	31
AENJPLPP_01710	4
AENJPLPP_01711	41
AENJPLPP_01712	117
AENJPLPP_01713	96
AENJPLPP_01714	88
AENJPLPP_01715	10
AENJPLPP_01716	9
AENJPLPP_01717	30
AENJPLPP_01718	0
AENJPLPP_01719	5
AENJPLPP_01720	6
AENJPLPP_01721	7
AENJPLPP_01722	8
AENJPLPP_01723	8
AENJPLPP_01724	0
AENJPLPP_01725	1
AENJPLPP_01726	40
AENJPLPP_01727	39
AENJPLPP_01728	4
AENJPLPP_01729	2
AENJPLPP_01730	3
AENJPLPP_01731	5
AENJPLPP_01732	9
AENJPLPP_01733	5
AENJPLPP_01734	3
AENJPLPP_01735	0
AENJPLPP_01736	1
AENJPLPP_01737	17
AENJPLPP_01738	80
AENJPLPP_01739	3
AENJPLPP_01740	5
AENJPLPP_01741	2
AENJPLPP_01742	13
AENJPLPP_01743	9
AENJPLPP_01744	1
AENJPLPP_01745	0
AENJPLPP_01746	18
AENJPLPP_01747	25
AENJPLPP_01748	20
AENJPLPP_01749	5
AENJPLPP_01750	11
AENJPLPP_01751	1
AENJPLPP_01752	7
AENJPLPP_01753	4
AENJPLPP_01754	353
AENJPLPP_01755	31
AENJPLPP_01756	12
AENJPLPP_01757	1
AENJPLPP_01758	5
AENJPLPP_01759	41
AENJPLPP_01760	67
AENJPLPP_01761	49
AENJPLPP_01762	39
AENJPLPP_01763	15
AENJPLPP_01764	7
AENJPLPP_01765	67
AENJPLPP_01766	165
AENJPLPP_01767	42
AENJPLPP_01768	133
AENJPLPP_01769	16
AENJPLPP_01770	23
AENJPLPP_01771	29
AENJPLPP_01772	21
AENJPLPP_01773	3
AENJPLPP_01774	0
AENJPLPP_01775	2
AENJPLPP_01776	9
AENJPLPP_01777	18
AENJPLPP_01778	23
AENJPLPP_01779	11
AENJPLPP_01780	4
AENJPLPP_01781	63
AENJPLPP_01782	128
AENJPLPP_01783	173
AENJPLPP_01784	14
AENJPLPP_01785	44
AENJPLPP_01786	4
AENJPLPP_01787	25
AENJPLPP_01788	5
AENJPLPP_01789	28
AENJPLPP_01790	0
AENJPLPP_01791	8
AENJPLPP_01792	21
AENJPLPP_01793	9
AENJPLPP_01794	2
AENJPLPP_01795	28
AENJPLPP_01796	29
AENJPLPP_01797	68
AENJPLPP_01798	25
AENJPLPP_01799	115
AENJPLPP_01800	6
AENJPLPP_01801	1
AENJPLPP_01802	17
AENJPLPP_01803	22
AENJPLPP_01804	5
AENJPLPP_01805	3
AENJPLPP_01806	21
AENJPLPP_01807	76
AENJPLPP_01808	12
AENJPLPP_01809	5
AENJPLPP_01810	24
AENJPLPP_01811	55
AENJPLPP_01812	14
AENJPLPP_01813	91
AENJPLPP_01814	3
AENJPLPP_01815	50
AENJPLPP_01816	31
AENJPLPP_01817	61
AENJPLPP_01818	17
AENJPLPP_01819	1
AENJPLPP_01820	6
AENJPLPP_01821	18
AENJPLPP_01822	160
AENJPLPP_01823	103
AENJPLPP_01824	62
AENJPLPP_01825	10
AENJPLPP_01826	5
AENJPLPP_01827	38
AENJPLPP_01828	2
AENJPLPP_01829	14
AENJPLPP_01830	4
AENJPLPP_01831	12
AENJPLPP_01832	13
AENJPLPP_01833	11
AENJPLPP_01834	52
AENJPLPP_01835	0
AENJPLPP_01836	0
AENJPLPP_01837	318
AENJPLPP_01838	19
AENJPLPP_01839	108
AENJPLPP_01840	15
AENJPLPP_01841	9
AENJPLPP_01842	26
AENJPLPP_01843	5
AENJPLPP_01844	13
AENJPLPP_01845	4
AENJPLPP_01846	26
AENJPLPP_01847	20
AENJPLPP_01848	8
AENJPLPP_01849	8
AENJPLPP_01850	44
AENJPLPP_01851	21
AENJPLPP_01852	47
AENJPLPP_01853	34
AENJPLPP_01854	43
AENJPLPP_01855	29
AENJPLPP_01856	34
AENJPLPP_01857	4
AENJPLPP_01858	12
AENJPLPP_01859	24
AENJPLPP_01860	0
AENJPLPP_01861	21
AENJPLPP_01862	5
AENJPLPP_01863	1
AENJPLPP_01864	15
AENJPLPP_01865	2
AENJPLPP_01866	0
AENJPLPP_01867	11
AENJPLPP_01868	1
AENJPLPP_01869	77
AENJPLPP_01870	7
AENJPLPP_01871	1
AENJPLPP_01872	4
AENJPLPP_01873	5
AENJPLPP_01874	9
AENJPLPP_01875	7
AENJPLPP_01876	14
AENJPLPP_01877	13
AENJPLPP_01878	0
AENJPLPP_01879	17
AENJPLPP_01880	0
AENJPLPP_01881	0
AENJPLPP_01882	1
AENJPLPP_01883	7
AENJPLPP_01884	20
AENJPLPP_01885	31
AENJPLPP_01886	71
AENJPLPP_01887	122
AENJPLPP_01888	98
AENJPLPP_01889	85
AENJPLPP_01890	4
AENJPLPP_01891	3
AENJPLPP_01892	26
AENJPLPP_01893	28
AENJPLPP_01894	24
AENJPLPP_01895	188
AENJPLPP_01896	15
AENJPLPP_01897	46
AENJPLPP_01898	41
AENJPLPP_01899	21
AENJPLPP_01900	103
AENJPLPP_01901	42
AENJPLPP_01902	57
AENJPLPP_01903	1
AENJPLPP_01904	3
AENJPLPP_01905	17
AENJPLPP_01906	13
AENJPLPP_01907	7
AENJPLPP_01908	197
AENJPLPP_01909	109
AENJPLPP_01910	21
AENJPLPP_01911	71
AENJPLPP_01912	124
AENJPLPP_01913	20
AENJPLPP_01914	70
AENJPLPP_01915	21
AENJPLPP_01916	28
AENJPLPP_01917	26
AENJPLPP_01918	40
AENJPLPP_01919	36
AENJPLPP_01920	26
AENJPLPP_01921	89
AENJPLPP_01922	60
AENJPLPP_01923	22
AENJPLPP_01924	170
AENJPLPP_01925	50
AENJPLPP_01926	10
AENJPLPP_01927	2
AENJPLPP_01928	43
AENJPLPP_01929	4
AENJPLPP_01930	1
AENJPLPP_01931	2
AENJPLPP_01932	0
AENJPLPP_01933	3
AENJPLPP_01934	16
AENJPLPP_01935	22
AENJPLPP_01936	76
AENJPLPP_01937	0
AENJPLPP_01938	39
AENJPLPP_01939	3
AENJPLPP_01940	2
AENJPLPP_01941	3
AENJPLPP_01942	68
AENJPLPP_01943	2
AENJPLPP_01944	9
AENJPLPP_01945	11
AENJPLPP_01946	4
AENJPLPP_01947	11
AENJPLPP_01948	71
AENJPLPP_01949	19
AENJPLPP_01950	210
AENJPLPP_01951	0
AENJPLPP_01952	8
AENJPLPP_01953	12
AENJPLPP_01954	10
AENJPLPP_01955	0
AENJPLPP_01956	5
AENJPLPP_01957	17
AENJPLPP_01958	10
AENJPLPP_01959	7
AENJPLPP_01960	0
AENJPLPP_01961	48
AENJPLPP_01962	68
AENJPLPP_01963	105
AENJPLPP_01964	8
AENJPLPP_01965	43
AENJPLPP_01966	9
AENJPLPP_01967	15
AENJPLPP_01968	19
AENJPLPP_01969	30
AENJPLPP_01970	67
AENJPLPP_01971	7
AENJPLPP_01972	42
AENJPLPP_01973	28
AENJPLPP_01974	1899
AENJPLPP_01975	5
AENJPLPP_01976	10
AENJPLPP_01977	5
AENJPLPP_01978	26
AENJPLPP_01979	279
AENJPLPP_01980	40
AENJPLPP_01981	11
AENJPLPP_01982	5
AENJPLPP_01983	151
AENJPLPP_01984	13
AENJPLPP_01985	6
AENJPLPP_01986	28
AENJPLPP_01987	21
AENJPLPP_01988	39
AENJPLPP_01989	115
AENJPLPP_01990	20
AENJPLPP_01991	54
AENJPLPP_01992	70
AENJPLPP_01993	74
AENJPLPP_01994	18
AENJPLPP_01995	62
AENJPLPP_01996	96
AENJPLPP_01997	67
AENJPLPP_01998	235
AENJPLPP_01999	29
AENJPLPP_02000	9
AENJPLPP_02001	16
AENJPLPP_02002	11
AENJPLPP_02003	62
AENJPLPP_02004	9
AENJPLPP_02005	31
AENJPLPP_02006	13
AENJPLPP_02007	102
AENJPLPP_02008	14
AENJPLPP_02009	26
AENJPLPP_02010	53
AENJPLPP_02011	46
AENJPLPP_02012	23
AENJPLPP_02013	56
AENJPLPP_02014	0
AENJPLPP_02015	7
AENJPLPP_02016	10
AENJPLPP_02017	34
AENJPLPP_02018	20
AENJPLPP_02019	104
AENJPLPP_02020	44
AENJPLPP_02021	31
AENJPLPP_02022	24
AENJPLPP_02023	11
AENJPLPP_02024	49
AENJPLPP_02025	5
AENJPLPP_02026	15
AENJPLPP_02027	10
AENJPLPP_02028	17
AENJPLPP_02029	66
AENJPLPP_02030	76
AENJPLPP_02031	2
AENJPLPP_02032	0
AENJPLPP_02033	6
AENJPLPP_02034	3
AENJPLPP_02035	6
AENJPLPP_02036	5
AENJPLPP_02037	14
AENJPLPP_02038	3
AENJPLPP_02039	2
AENJPLPP_02040	34
AENJPLPP_02041	1
AENJPLPP_02042	20
AENJPLPP_02043	222
AENJPLPP_02044	2
AENJPLPP_02045	159
AENJPLPP_02046	335
AENJPLPP_02047	19
AENJPLPP_02048	67
AENJPLPP_02049	590
AENJPLPP_02050	77
AENJPLPP_02051	31
AENJPLPP_02052	37
AENJPLPP_02053	0
AENJPLPP_02054	4
AENJPLPP_02055	0
AENJPLPP_02056	6
AENJPLPP_02057	23
AENJPLPP_02058	57
AENJPLPP_02059	4
AENJPLPP_02060	43
AENJPLPP_02061	74
AENJPLPP_02062	26
AENJPLPP_02063	29
AENJPLPP_02064	54
AENJPLPP_02065	24
AENJPLPP_02066	33
AENJPLPP_02067	32
AENJPLPP_02068	5
AENJPLPP_02069	36
AENJPLPP_02070	111
AENJPLPP_02071	4
AENJPLPP_02072	16
AENJPLPP_02073	7
AENJPLPP_02074	18
AENJPLPP_02075	66
AENJPLPP_02076	7
AENJPLPP_02077	41
AENJPLPP_02078	31
AENJPLPP_02079	47
AENJPLPP_02080	4
AENJPLPP_02081	87
AENJPLPP_02082	27
AENJPLPP_02083	17
AENJPLPP_02084	27
AENJPLPP_02085	12
AENJPLPP_02086	59
AENJPLPP_02087	80
AENJPLPP_02088	0
AENJPLPP_02089	15
AENJPLPP_02091	2
AENJPLPP_02092	68
AENJPLPP_02093	49
AENJPLPP_02094	463
AENJPLPP_02095	162
AENJPLPP_02096	73
AENJPLPP_02097	45
AENJPLPP_02098	35
AENJPLPP_02099	99
AENJPLPP_02100	27
AENJPLPP_02101	56
AENJPLPP_02102	3
AENJPLPP_02103	0
AENJPLPP_02104	70
AENJPLPP_02105	94
AENJPLPP_02106	8
AENJPLPP_02107	16
AENJPLPP_02108	13
AENJPLPP_02109	1
AENJPLPP_02110	46
AENJPLPP_02111	27
AENJPLPP_02112	5
AENJPLPP_02113	61
AENJPLPP_02114	27
AENJPLPP_02115	184
AENJPLPP_02116	3
AENJPLPP_02117	13
AENJPLPP_02118	69
AENJPLPP_02119	16
AENJPLPP_02120	162
AENJPLPP_02121	38
AENJPLPP_02122	39
AENJPLPP_02123	31
AENJPLPP_02124	111
AENJPLPP_02125	363
AENJPLPP_02126	225
AENJPLPP_02127	440
AENJPLPP_02128	153
AENJPLPP_02129	163
AENJPLPP_02130	239
AENJPLPP_02131	113
AENJPLPP_02132	166
AENJPLPP_02133	34
AENJPLPP_02134	69
AENJPLPP_02135	18
AENJPLPP_02136	44
AENJPLPP_02137	20
AENJPLPP_02138	29
AENJPLPP_02139	3
AENJPLPP_02140	6
AENJPLPP_02141	152
AENJPLPP_02142	0
AENJPLPP_02143	0
AENJPLPP_02144	2
AENJPLPP_02145	24
AENJPLPP_02146	2
AENJPLPP_02148	16
AENJPLPP_02149	293
AENJPLPP_02150	108
AENJPLPP_02151	17
AENJPLPP_02152	27
AENJPLPP_02153	2
AENJPLPP_02154	5
AENJPLPP_02155	5
AENJPLPP_02156	0
AENJPLPP_02157	1
AENJPLPP_02158	4
AENJPLPP_02159	87
AENJPLPP_02160	58
AENJPLPP_02161	0
AENJPLPP_02162	0
AENJPLPP_02163	2
AENJPLPP_02164	0
AENJPLPP_02165	3
AENJPLPP_02166	0
AENJPLPP_02167	1
AENJPLPP_02168	0
AENJPLPP_02169	0
AENJPLPP_02170	0
AENJPLPP_02171	0
AENJPLPP_02172	0
AENJPLPP_02173	0
AENJPLPP_02174	0
AENJPLPP_02175	0
AENJPLPP_02176	0
AENJPLPP_02177	1
AENJPLPP_02178	1
AENJPLPP_02179	0
AENJPLPP_02180	0
AENJPLPP_02181	0
AENJPLPP_02182	4
AENJPLPP_02183	2
AENJPLPP_02184	1
AENJPLPP_02185	5
AENJPLPP_02186	6
AENJPLPP_02187	0
AENJPLPP_02188	0
AENJPLPP_02189	0
AENJPLPP_02190	1
AENJPLPP_02191	7
AENJPLPP_02192	1
AENJPLPP_02193	32
AENJPLPP_02194	1
AENJPLPP_02195	4
AENJPLPP_02196	12
AENJPLPP_02197	4
AENJPLPP_02198	1
AENJPLPP_02199	0
AENJPLPP_02200	0
AENJPLPP_02201	0
AENJPLPP_02202	0
AENJPLPP_02203	0
AENJPLPP_02205	0
AENJPLPP_02206	0
AENJPLPP_02207	0
AENJPLPP_02208	0
AENJPLPP_02209	0
AENJPLPP_02210	0
AENJPLPP_02211	34
AENJPLPP_02212	30
AENJPLPP_02213	0
AENJPLPP_02214	0
AENJPLPP_02215	5
AENJPLPP_02216	10
AENJPLPP_02217	4
AENJPLPP_02218	45
AENJPLPP_02219	74
AENJPLPP_02220	19
AENJPLPP_02221	4
AENJPLPP_02222	20
AENJPLPP_02223	43
AENJPLPP_02224	26
AENJPLPP_02225	5
AENJPLPP_02226	9
AENJPLPP_02227	5
AENJPLPP_02228	5
AENJPLPP_02229	127
AENJPLPP_02230	4
AENJPLPP_02231	0
AENJPLPP_02232	1
AENJPLPP_02233	7
AENJPLPP_02234	17
AENJPLPP_02235	32
AENJPLPP_02236	0
AENJPLPP_02237	18
AENJPLPP_02238	14
AENJPLPP_02239	54
AENJPLPP_02240	51
AENJPLPP_02241	3
AENJPLPP_02242	1
AENJPLPP_02243	23
AENJPLPP_02244	1
AENJPLPP_02245	37
AENJPLPP_02246	14
AENJPLPP_02247	15
AENJPLPP_02248	49
AENJPLPP_02249	2
AENJPLPP_02250	10
AENJPLPP_02251	28
AENJPLPP_02252	0
AENJPLPP_02253	1
AENJPLPP_02254	0
AENJPLPP_02255	3
AENJPLPP_02256	1
AENJPLPP_02257	36
AENJPLPP_02258	16
AENJPLPP_02259	9
AENJPLPP_02260	8
AENJPLPP_02261	16
AENJPLPP_02262	24
AENJPLPP_02263	28
AENJPLPP_02264	0
AENJPLPP_02265	7
AENJPLPP_02266	144
AENJPLPP_02267	5
AENJPLPP_02268	0
AENJPLPP_02269	21
AENJPLPP_02270	38
AENJPLPP_02271	25
AENJPLPP_02272	18
AENJPLPP_02273	1
AENJPLPP_02274	32
AENJPLPP_02275	18
AENJPLPP_02276	40
AENJPLPP_02277	17
AENJPLPP_02279	69
AENJPLPP_02280	14
AENJPLPP_02281	2
AENJPLPP_02282	48
AENJPLPP_02283	178
AENJPLPP_02284	1
AENJPLPP_02285	3
AENJPLPP_02286	10
AENJPLPP_02287	10
AENJPLPP_02288	64
AENJPLPP_02289	22
AENJPLPP_02290	375
AENJPLPP_02291	1
AENJPLPP_02292	21
AENJPLPP_02293	51
AENJPLPP_02294	17
AENJPLPP_02295	29
AENJPLPP_02296	97
AENJPLPP_02297	130
AENJPLPP_02298	213
AENJPLPP_02299	19
AENJPLPP_02300	5
AENJPLPP_02301	349
AENJPLPP_02302	35
AENJPLPP_02303	20
AENJPLPP_02304	8
AENJPLPP_02305	3
AENJPLPP_02306	54
AENJPLPP_02307	2
AENJPLPP_02308	10
AENJPLPP_02309	7
AENJPLPP_02310	33
AENJPLPP_02311	60
AENJPLPP_02312	217
AENJPLPP_02313	1
AENJPLPP_02314	6
AENJPLPP_02315	0
AENJPLPP_02316	0
AENJPLPP_02317	0
AENJPLPP_02318	0
AENJPLPP_02319	3
AENJPLPP_02320	3
AENJPLPP_02321	22
AENJPLPP_02322	33
AENJPLPP_02323	34
AENJPLPP_02324	27
AENJPLPP_02325	5
AENJPLPP_02326	136
AENJPLPP_02327	89
AENJPLPP_02328	11
AENJPLPP_02329	5
AENJPLPP_02330	5
AENJPLPP_02331	100
AENJPLPP_02332	0
AENJPLPP_02333	6
AENJPLPP_02334	11
AENJPLPP_02335	12
AENJPLPP_02336	29
AENJPLPP_02337	80
AENJPLPP_02338	152
AENJPLPP_02339	1
AENJPLPP_02340	12
AENJPLPP_02341	1
AENJPLPP_02342	120
AENJPLPP_02343	11
AENJPLPP_02344	0
AENJPLPP_02345	21
AENJPLPP_02346	18
AENJPLPP_02347	14
AENJPLPP_02348	10
AENJPLPP_02349	4
AENJPLPP_02350	43
AENJPLPP_02351	23
AENJPLPP_02352	280
AENJPLPP_02353	11
AENJPLPP_02354	3
AENJPLPP_02356	0
AENJPLPP_02357	0
AENJPLPP_02358	2
AENJPLPP_02359	29
AENJPLPP_02362	21
AENJPLPP_02363	9
AENJPLPP_02364	14
AENJPLPP_02365	18
AENJPLPP_02366	624
AENJPLPP_02367	10
AENJPLPP_02368	7
AENJPLPP_02369	5
AENJPLPP_02370	139
AENJPLPP_02371	43
AENJPLPP_02372	4
AENJPLPP_02373	18
AENJPLPP_02374	2
AENJPLPP_02375	255
AENJPLPP_02376	26
AENJPLPP_02377	10
AENJPLPP_02378	6
AENJPLPP_02379	67
AENJPLPP_02380	184
AENJPLPP_02381	3
AENJPLPP_02382	28
AENJPLPP_02383	29
AENJPLPP_02384	1
AENJPLPP_02385	35
AENJPLPP_02386	96
AENJPLPP_02387	10
AENJPLPP_02388	4
AENJPLPP_02389	14
AENJPLPP_02390	60
AENJPLPP_02391	71
AENJPLPP_02392	3
AENJPLPP_02393	27
AENJPLPP_02394	18
AENJPLPP_02395	12
AENJPLPP_02396	11
AENJPLPP_02397	16
AENJPLPP_02398	8
AENJPLPP_02399	8
AENJPLPP_02400	15
AENJPLPP_02401	65
AENJPLPP_02402	49
AENJPLPP_02403	6
AENJPLPP_02404	3
AENJPLPP_02405	1
AENJPLPP_02406	0
AENJPLPP_02407	7
AENJPLPP_02408	231
AENJPLPP_02409	19
AENJPLPP_02410	27
AENJPLPP_02412	16
AENJPLPP_02413	11
AENJPLPP_02414	42
AENJPLPP_02415	41
AENJPLPP_02416	61
AENJPLPP_02417	3
AENJPLPP_02418	0
AENJPLPP_02419	1
AENJPLPP_02420	0
AENJPLPP_02421	2
AENJPLPP_02422	0
AENJPLPP_02423	0
AENJPLPP_02424	2
AENJPLPP_02425	6
AENJPLPP_02426	2
AENJPLPP_02427	0
AENJPLPP_02428	2
AENJPLPP_02429	10
AENJPLPP_02430	4
AENJPLPP_02431	45
AENJPLPP_02432	275
AENJPLPP_02433	90
AENJPLPP_02434	0
AENJPLPP_02435	15
AENJPLPP_02436	2
AENJPLPP_02437	0
AENJPLPP_02438	17
AENJPLPP_02439	17
AENJPLPP_02440	1
AENJPLPP_02441	4
AENJPLPP_02442	4
AENJPLPP_02443	10
AENJPLPP_02444	6
AENJPLPP_02445	74
AENJPLPP_02446	20
AENJPLPP_02447	19
AENJPLPP_02448	7
AENJPLPP_02449	15
AENJPLPP_02450	36
AENJPLPP_02451	91
AENJPLPP_02452	6
AENJPLPP_02453	12
AENJPLPP_02454	12
AENJPLPP_02455	79
AENJPLPP_02456	6
AENJPLPP_02457	19
AENJPLPP_02458	34
AENJPLPP_02459	33
AENJPLPP_02460	115
AENJPLPP_02461	501
AENJPLPP_02462	31
AENJPLPP_02463	50
AENJPLPP_02464	2
AENJPLPP_02465	23
AENJPLPP_02466	30
AENJPLPP_02467	16
AENJPLPP_02468	105
AENJPLPP_02469	228
AENJPLPP_02470	40
AENJPLPP_02471	54
AENJPLPP_02472	92
AENJPLPP_02473	0
AENJPLPP_02474	3
AENJPLPP_02475	44
AENJPLPP_02476	9
AENJPLPP_02477	77
AENJPLPP_02478	151
AENJPLPP_02479	103
AENJPLPP_02480	3
AENJPLPP_02481	214
AENJPLPP_02482	4
AENJPLPP_02483	17
AENJPLPP_02484	23
AENJPLPP_02486	4
AENJPLPP_02487	58
AENJPLPP_02488	1193
AENJPLPP_02489	300
AENJPLPP_02490	704
AENJPLPP_02491	531
AENJPLPP_02492	0
AENJPLPP_02493	0
AENJPLPP_02494	9
AENJPLPP_02495	39
AENJPLPP_02496	76
AENJPLPP_02497	54
AENJPLPP_02498	11
AENJPLPP_02499	6
AENJPLPP_02500	10
AENJPLPP_02501	8
AENJPLPP_02502	81
AENJPLPP_02503	19
AENJPLPP_02504	39
AENJPLPP_02505	11
AENJPLPP_02506	53
AENJPLPP_02507	19
AENJPLPP_02508	92
AENJPLPP_02509	142
AENJPLPP_02510	140
AENJPLPP_02511	41
AENJPLPP_02512	7
AENJPLPP_02513	84
AENJPLPP_02514	3
AENJPLPP_02515	3
AENJPLPP_02516	6
AENJPLPP_02517	3
AENJPLPP_02518	2
AENJPLPP_02521	4
AENJPLPP_02522	37
AENJPLPP_02523	61
AENJPLPP_02524	3
AENJPLPP_02525	3
AENJPLPP_02526	6
AENJPLPP_02527	21
AENJPLPP_02528	42
AENJPLPP_02529	116
AENJPLPP_02530	21
AENJPLPP_02531	32
AENJPLPP_02532	55
AENJPLPP_02533	47
AENJPLPP_02534	14
AENJPLPP_02535	8
AENJPLPP_02536	15
AENJPLPP_02537	20
AENJPLPP_02538	19
AENJPLPP_02539	16
AENJPLPP_02540	4
AENJPLPP_02541	3
AENJPLPP_02542	52
AENJPLPP_02543	29
AENJPLPP_02544	17
AENJPLPP_02545	0
AENJPLPP_02546	16
AENJPLPP_02547	29
AENJPLPP_02548	79
AENJPLPP_02549	39
AENJPLPP_02550	14
AENJPLPP_02551	51
AENJPLPP_02552	117
AENJPLPP_02553	80
AENJPLPP_02554	169
AENJPLPP_02555	36
AENJPLPP_02556	0
AENJPLPP_02557	54
AENJPLPP_02558	45
AENJPLPP_02559	7
AENJPLPP_02560	19
AENJPLPP_02561	6
AENJPLPP_02562	1
AENJPLPP_02563	32
AENJPLPP_02564	18
AENJPLPP_02565	5
AENJPLPP_02566	49
AENJPLPP_02567	59
AENJPLPP_02568	106
AENJPLPP_02569	1
AENJPLPP_02570	39
AENJPLPP_02571	8
AENJPLPP_02572	59
AENJPLPP_02573	93
AENJPLPP_02574	75
AENJPLPP_02575	18
AENJPLPP_02576	91
AENJPLPP_02577	8
AENJPLPP_02578	2
AENJPLPP_02579	58
AENJPLPP_02580	19
AENJPLPP_02581	34
AENJPLPP_02582	51
AENJPLPP_02583	11
AENJPLPP_02584	21
AENJPLPP_02585	30
AENJPLPP_02586	28
AENJPLPP_02587	15
AENJPLPP_02588	67
AENJPLPP_02589	6
AENJPLPP_02590	16
AENJPLPP_02591	15
AENJPLPP_02592	16
AENJPLPP_02593	13
AENJPLPP_02594	4
AENJPLPP_02595	16
AENJPLPP_02596	5
AENJPLPP_02597	10
AENJPLPP_02598	18
AENJPLPP_02599	7
AENJPLPP_02600	19
AENJPLPP_02601	16
AENJPLPP_02602	69
AENJPLPP_02603	17
AENJPLPP_02604	3
AENJPLPP_02605	0
AENJPLPP_02606	7
AENJPLPP_02607	0
AENJPLPP_02608	10
AENJPLPP_02609	84
AENJPLPP_02610	4
AENJPLPP_02611	10
AENJPLPP_02612	27
AENJPLPP_02613	22
AENJPLPP_02614	63
AENJPLPP_02615	38
AENJPLPP_02616	35
AENJPLPP_02617	1
AENJPLPP_02618	20
AENJPLPP_02619	2
AENJPLPP_02620	1
AENJPLPP_02621	192
AENJPLPP_02622	19
AENJPLPP_02623	13
AENJPLPP_02624	39
AENJPLPP_02625	73
AENJPLPP_02626	1
AENJPLPP_02627	0
AENJPLPP_02628	5
AENJPLPP_02629	8
AENJPLPP_02630	76
AENJPLPP_02631	2
AENJPLPP_02632	0
AENJPLPP_02633	6
AENJPLPP_02634	0
AENJPLPP_02635	18
AENJPLPP_02636	20
AENJPLPP_02637	29
AENJPLPP_02638	55
AENJPLPP_02639	5
AENJPLPP_02640	4
AENJPLPP_02641	12
AENJPLPP_02642	8
AENJPLPP_02643	4
AENJPLPP_02644	13
AENJPLPP_02645	105
AENJPLPP_02646	96
AENJPLPP_02647	0
AENJPLPP_02648	0
AENJPLPP_02649	0
AENJPLPP_02650	1
AENJPLPP_02651	1
AENJPLPP_02652	8
AENJPLPP_02653	1
AENJPLPP_02654	9
AENJPLPP_02655	36
AENJPLPP_02656	1
AENJPLPP_02657	1
AENJPLPP_02658	20
AENJPLPP_02659	116
AENJPLPP_02660	6
AENJPLPP_02661	3
AENJPLPP_02662	0
AENJPLPP_02663	59
AENJPLPP_02664	121
AENJPLPP_02665	100
AENJPLPP_02666	23
AENJPLPP_02667	27
AENJPLPP_02668	15
AENJPLPP_02669	40
AENJPLPP_02670	3
AENJPLPP_02671	2
AENJPLPP_02672	23
AENJPLPP_02673	92
AENJPLPP_02674	43
AENJPLPP_02675	15
AENJPLPP_02676	20
AENJPLPP_02677	23
AENJPLPP_02678	79
AENJPLPP_02679	0
AENJPLPP_02680	3
AENJPLPP_02681	0
AENJPLPP_02682	0
AENJPLPP_02683	0
AENJPLPP_02684	0
AENJPLPP_02685	0
AENJPLPP_02686	0
AENJPLPP_02687	0
AENJPLPP_02688	0
AENJPLPP_02689	0
AENJPLPP_02690	0
AENJPLPP_02691	0
AENJPLPP_02692	0
AENJPLPP_02693	6
AENJPLPP_02694	6
AENJPLPP_02695	0
AENJPLPP_02696	24
AENJPLPP_02697	0
AENJPLPP_02698	1
AENJPLPP_02699	3
AENJPLPP_02700	11
AENJPLPP_02701	5
AENJPLPP_02702	2
AENJPLPP_02703	32
AENJPLPP_02704	63
AENJPLPP_02705	5
AENJPLPP_02706	7
AENJPLPP_02707	7
AENJPLPP_02708	15
AENJPLPP_02709	2
AENJPLPP_02710	4
AENJPLPP_02711	0
AENJPLPP_02712	9
AENJPLPP_02713	22
AENJPLPP_02714	3
AENJPLPP_02715	3
AENJPLPP_02716	0
AENJPLPP_02717	0
AENJPLPP_02718	0
AENJPLPP_02719	1
AENJPLPP_02720	0
AENJPLPP_02721	0
AENJPLPP_02722	0
AENJPLPP_02723	6
AENJPLPP_02724	4
AENJPLPP_02725	0
AENJPLPP_02726	36
AENJPLPP_02727	7
AENJPLPP_02728	10
AENJPLPP_02729	9
AENJPLPP_02730	22
AENJPLPP_02731	8
AENJPLPP_02732	11
AENJPLPP_02733	6
AENJPLPP_02734	21
AENJPLPP_02735	68
AENJPLPP_02736	29
AENJPLPP_02737	10
AENJPLPP_02738	5
AENJPLPP_02739	27
AENJPLPP_02740	0
AENJPLPP_02741	8
AENJPLPP_02742	17
AENJPLPP_02743	0
AENJPLPP_02744	11
AENJPLPP_02745	6
AENJPLPP_02746	0
AENJPLPP_02747	10
AENJPLPP_02748	6
AENJPLPP_02749	26
AENJPLPP_02750	10
AENJPLPP_02751	1
AENJPLPP_02752	3
AENJPLPP_02753	1
AENJPLPP_02754	0
AENJPLPP_02756	0
AENJPLPP_02757	1
AENJPLPP_02758	36
AENJPLPP_02759	88
AENJPLPP_02760	2
AENJPLPP_02761	0
AENJPLPP_02762	0
AENJPLPP_02763	0
AENJPLPP_02764	4
AENJPLPP_02765	6
AENJPLPP_02766	7
AENJPLPP_02767	4
AENJPLPP_02768	6
AENJPLPP_02769	2
AENJPLPP_02770	0
AENJPLPP_02771	10
AENJPLPP_02772	32
AENJPLPP_02773	0
AENJPLPP_02774	0
AENJPLPP_02775	5
AENJPLPP_02776	4
AENJPLPP_02777	0
AENJPLPP_02778	1
AENJPLPP_02779	1
AENJPLPP_02780	0
AENJPLPP_02781	0
AENJPLPP_02782	0
AENJPLPP_02783	0
AENJPLPP_02784	9
AENJPLPP_02785	2
AENJPLPP_02786	1
AENJPLPP_02787	0
AENJPLPP_02788	7
AENJPLPP_02789	0
AENJPLPP_02790	0
AENJPLPP_02791	0
AENJPLPP_02792	2
AENJPLPP_02793	5
AENJPLPP_02794	22
AENJPLPP_02795	9
AENJPLPP_02796	1
AENJPLPP_02797	2
AENJPLPP_02798	4
AENJPLPP_02799	1
AENJPLPP_02800	8
AENJPLPP_02801	27
AENJPLPP_02802	0
AENJPLPP_02803	3
AENJPLPP_02804	2
AENJPLPP_02805	4
AENJPLPP_02806	3
AENJPLPP_02807	1
AENJPLPP_02808	0
AENJPLPP_02809	5
AENJPLPP_02810	5
AENJPLPP_02811	4
AENJPLPP_02812	5
AENJPLPP_02813	42
AENJPLPP_02814	188
AENJPLPP_02815	0
AENJPLPP_02816	30
AENJPLPP_02817	2
AENJPLPP_02818	7
AENJPLPP_02819	0
AENJPLPP_02820	5
AENJPLPP_02821	8
AENJPLPP_02822	4
AENJPLPP_02823	18
AENJPLPP_02824	0
AENJPLPP_02825	1
AENJPLPP_02826	7
AENJPLPP_02827	4
AENJPLPP_02828	15
AENJPLPP_02829	1
AENJPLPP_02830	16
AENJPLPP_02831	103
AENJPLPP_02832	95
AENJPLPP_02833	63
AENJPLPP_02834	40
AENJPLPP_02835	1
AENJPLPP_02836	3
AENJPLPP_02837	7
AENJPLPP_02838	4
AENJPLPP_02839	0
AENJPLPP_02840	23
AENJPLPP_02841	30
AENJPLPP_02842	6
AENJPLPP_02843	19
AENJPLPP_02844	4
AENJPLPP_02845	12
AENJPLPP_02846	0
AENJPLPP_02847	4
AENJPLPP_02848	104
AENJPLPP_02849	75
AENJPLPP_02850	515
AENJPLPP_02851	147
AENJPLPP_02852	35
AENJPLPP_02853	18
AENJPLPP_02854	5
AENJPLPP_02855	0
AENJPLPP_02856	2
AENJPLPP_02857	17
AENJPLPP_02858	2
AENJPLPP_02859	82
AENJPLPP_02860	16
AENJPLPP_02861	2
AENJPLPP_02862	46
AENJPLPP_02863	26
AENJPLPP_02864	3
AENJPLPP_02865	2
AENJPLPP_02866	0
AENJPLPP_02867	1
AENJPLPP_02868	38
AENJPLPP_02869	1
AENJPLPP_02870	0
AENJPLPP_02871	195
AENJPLPP_02872	4156
AENJPLPP_02873	39
AENJPLPP_02874	67
AENJPLPP_02875	18
AENJPLPP_02876	7
AENJPLPP_02877	15
AENJPLPP_02878	71
AENJPLPP_02879	563
AENJPLPP_02880	226
AENJPLPP_02881	138
AENJPLPP_02882	177
AENJPLPP_02883	26
AENJPLPP_02884	16
AENJPLPP_02885	11
AENJPLPP_02886	5
AENJPLPP_02887	27
AENJPLPP_02888	8
AENJPLPP_02889	5
AENJPLPP_02890	11
AENJPLPP_02891	3
AENJPLPP_02892	0
AENJPLPP_02893	0
AENJPLPP_02894	3
AENJPLPP_02895	4
AENJPLPP_02896	1
AENJPLPP_02897	9
AENJPLPP_02898	236
AENJPLPP_02899	0
AENJPLPP_02900	4
AENJPLPP_02901	1
AENJPLPP_02902	16
AENJPLPP_02903	1
AENJPLPP_02904	2
AENJPLPP_02905	26
AENJPLPP_02906	4
AENJPLPP_02907	7
AENJPLPP_02908	42
AENJPLPP_02909	12
AENJPLPP_02910	10
AENJPLPP_02911	3
AENJPLPP_02912	0
AENJPLPP_02913	34
AENJPLPP_02914	3
AENJPLPP_02915	152
AENJPLPP_02916	56
AENJPLPP_02917	17
AENJPLPP_02918	0
AENJPLPP_02919	4
AENJPLPP_02920	13
AENJPLPP_02921	3
AENJPLPP_02922	2
AENJPLPP_02923	7
AENJPLPP_02924	1
AENJPLPP_02925	1
AENJPLPP_02926	47
AENJPLPP_02927	4
AENJPLPP_02928	16
AENJPLPP_02929	3
AENJPLPP_02930	40
AENJPLPP_02931	3
AENJPLPP_02932	1
AENJPLPP_02933	2
AENJPLPP_02934	6
AENJPLPP_02935	1
AENJPLPP_02936	36
AENJPLPP_02937	108
AENJPLPP_02938	5
AENJPLPP_02939	47
AENJPLPP_02940	15
AENJPLPP_02941	7
AENJPLPP_02942	1
AENJPLPP_02943	13
AENJPLPP_02944	43
AENJPLPP_02945	0
AENJPLPP_02946	0
AENJPLPP_02947	1
AENJPLPP_02948	2
AENJPLPP_02949	7
AENJPLPP_02950	3
AENJPLPP_02951	11
AENJPLPP_02952	7
AENJPLPP_02953	3
AENJPLPP_02954	45
AENJPLPP_02955	2
AENJPLPP_02956	27
AENJPLPP_02957	15
AENJPLPP_02958	7
AENJPLPP_02959	11
AENJPLPP_02960	0
AENJPLPP_02961	0
AENJPLPP_02962	103
AENJPLPP_02963	0
AENJPLPP_02964	0
AENJPLPP_02965	133
AENJPLPP_02966	38
AENJPLPP_02967	6
AENJPLPP_02968	4
AENJPLPP_02969	0
AENJPLPP_02970	5
AENJPLPP_02971	5
AENJPLPP_02972	0
AENJPLPP_02973	1
AENJPLPP_02974	10
AENJPLPP_02975	4
AENJPLPP_02976	0
AENJPLPP_02977	0
AENJPLPP_02978	0
AENJPLPP_02979	0
AENJPLPP_02980	0
AENJPLPP_02981	1
AENJPLPP_02982	70
AENJPLPP_02983	3
AENJPLPP_02984	6
AENJPLPP_02985	17
AENJPLPP_02986	0
AENJPLPP_02987	2
AENJPLPP_02988	0
AENJPLPP_02989	8
AENJPLPP_02990	7
AENJPLPP_02991	63
AENJPLPP_02992	37
AENJPLPP_02993	2
AENJPLPP_02994	6
AENJPLPP_02995	47
AENJPLPP_02996	468
AENJPLPP_02997	35
AENJPLPP_02998	14
AENJPLPP_02999	5
AENJPLPP_03000	13
AENJPLPP_03001	2
AENJPLPP_03002	5
AENJPLPP_03003	22
AENJPLPP_03004	29
AENJPLPP_03005	1
AENJPLPP_03006	36
AENJPLPP_03007	16
AENJPLPP_03008	2
AENJPLPP_03009	0
AENJPLPP_03010	0
AENJPLPP_03011	0
AENJPLPP_03012	0
AENJPLPP_03013	0
AENJPLPP_03014	54
AENJPLPP_03015	2
AENJPLPP_03016	1
AENJPLPP_03017	0
AENJPLPP_03018	1
AENJPLPP_03019	0
AENJPLPP_03020	0
AENJPLPP_03021	9
AENJPLPP_03022	6
AENJPLPP_03023	4
AENJPLPP_03024	24
AENJPLPP_03025	21
AENJPLPP_03026	0
AENJPLPP_03027	0
AENJPLPP_03028	0
AENJPLPP_03029	0
AENJPLPP_03030	0
AENJPLPP_03031	0
AENJPLPP_03032	0
AENJPLPP_03033	0
AENJPLPP_03034	0
AENJPLPP_03035	0
AENJPLPP_03036	0
AENJPLPP_03037	0
AENJPLPP_03038	0
AENJPLPP_03039	0
AENJPLPP_03040	0
AENJPLPP_03041	0
AENJPLPP_03042	0
AENJPLPP_03043	1
AENJPLPP_03044	0
AENJPLPP_03045	0
AENJPLPP_03046	0
AENJPLPP_03047	10
AENJPLPP_03048	191
AENJPLPP_03049	546
AENJPLPP_03050	90
AENJPLPP_03051	4
AENJPLPP_03052	23
AENJPLPP_03053	0
AENJPLPP_03054	5
AENJPLPP_03055	0
AENJPLPP_03056	40
AENJPLPP_03057	3
AENJPLPP_03058	26
AENJPLPP_03059	252
AENJPLPP_03060	54
AENJPLPP_03061	12
AENJPLPP_03062	4
AENJPLPP_03063	9
AENJPLPP_03064	173
AENJPLPP_03065	57
AENJPLPP_03066	0
AENJPLPP_03067	4
AENJPLPP_03068	92
AENJPLPP_03069	36
AENJPLPP_03070	178
AENJPLPP_03071	47
AENJPLPP_03072	1
AENJPLPP_03073	5
AENJPLPP_03074	7
AENJPLPP_03075	7
AENJPLPP_03076	19
AENJPLPP_03077	6
AENJPLPP_03078	3
AENJPLPP_03079	61
AENJPLPP_03080	7
AENJPLPP_03081	0
AENJPLPP_03082	0
AENJPLPP_03083	0
AENJPLPP_03084	0
AENJPLPP_03085	0
AENJPLPP_03086	0
AENJPLPP_03087	0
AENJPLPP_03088	0
AENJPLPP_03089	0
AENJPLPP_03090	0
AENJPLPP_03091	0
AENJPLPP_03092	0
AENJPLPP_03093	0
AENJPLPP_03094	0
AENJPLPP_03095	2
AENJPLPP_03096	1
AENJPLPP_03097	0
AENJPLPP_03098	0
AENJPLPP_03099	0
AENJPLPP_03100	34
AENJPLPP_03101	13
AENJPLPP_03102	1
AENJPLPP_03103	3
AENJPLPP_03104	0
AENJPLPP_03105	0
AENJPLPP_03106	0
AENJPLPP_03107	1
AENJPLPP_03108	0
AENJPLPP_03109	1
AENJPLPP_03110	13
AENJPLPP_03111	0
AENJPLPP_03112	0
AENJPLPP_03113	0
AENJPLPP_03114	0
AENJPLPP_03115	2
AENJPLPP_03116	0
AENJPLPP_03117	0
AENJPLPP_03118	2
AENJPLPP_03119	12
AENJPLPP_03120	9
AENJPLPP_03121	2
AENJPLPP_03122	0
AENJPLPP_03123	6
AENJPLPP_03124	52
AENJPLPP_03125	5
AENJPLPP_03126	12
AENJPLPP_03127	0
AENJPLPP_03128	0
AENJPLPP_03129	0
AENJPLPP_03130	0
AENJPLPP_03131	0
AENJPLPP_03132	0
AENJPLPP_03133	4
AENJPLPP_03134	0
AENJPLPP_03135	0
AENJPLPP_03136	2
AENJPLPP_03137	0
AENJPLPP_03138	0
AENJPLPP_03139	0
AENJPLPP_03140	0
AENJPLPP_03141	3
AENJPLPP_03142	0
AENJPLPP_03143	2
AENJPLPP_03144	0
AENJPLPP_03145	1
AENJPLPP_03146	1
AENJPLPP_03147	0
AENJPLPP_03148	0
AENJPLPP_03149	0
AENJPLPP_03150	0
AENJPLPP_03151	2
AENJPLPP_03152	1
AENJPLPP_03153	7
AENJPLPP_03154	0
AENJPLPP_03155	3
AENJPLPP_03156	4
AENJPLPP_03157	1
AENJPLPP_03158	1
AENJPLPP_03159	0
AENJPLPP_03160	0
AENJPLPP_03161	0
AENJPLPP_03162	0
AENJPLPP_03163	0
AENJPLPP_03164	5
AENJPLPP_03165	1
AENJPLPP_03166	0
AENJPLPP_03167	0
AENJPLPP_03168	3
AENJPLPP_03169	0
AENJPLPP_03170	0
AENJPLPP_03171	0
AENJPLPP_03172	0
AENJPLPP_03173	0
AENJPLPP_03174	10
AENJPLPP_03175	0
AENJPLPP_03176	2
AENJPLPP_03177	0
AENJPLPP_03178	100
AENJPLPP_03179	145
AENJPLPP_03180	111
AENJPLPP_03181	1
AENJPLPP_03182	0
AENJPLPP_03183	0
AENJPLPP_03184	0
AENJPLPP_03185	0
AENJPLPP_03186	0
AENJPLPP_03187	0
AENJPLPP_03188	0
AENJPLPP_03189	0
__no_feature	13248240
__ambiguous	10998
__too_low_aQual	159528
__not_aligned	194019
__alignment_not_unique	0
