AENJPLPP_00001	81
AENJPLPP_00003	63
AENJPLPP_00004	4
AENJPLPP_00005	6
AENJPLPP_00006	9
AENJPLPP_00007	24
AENJPLPP_00008	6
AENJPLPP_00009	71
AENJPLPP_00010	121
AENJPLPP_00011	9
AENJPLPP_00012	17
AENJPLPP_00013	13
AENJPLPP_00014	48
AENJPLPP_00015	63
AENJPLPP_00016	176
AENJPLPP_00017	0
AENJPLPP_00018	5
AENJPLPP_00019	0
AENJPLPP_00020	0
AENJPLPP_00021	176
AENJPLPP_00022	13
AENJPLPP_00023	1
AENJPLPP_00024	10
AENJPLPP_00025	28
AENJPLPP_00026	47
AENJPLPP_00027	7
AENJPLPP_00028	1
AENJPLPP_00029	2
AENJPLPP_00030	1
AENJPLPP_00031	48
AENJPLPP_00032	74
AENJPLPP_00034	9
AENJPLPP_00035	48
AENJPLPP_00036	11
AENJPLPP_00037	5
AENJPLPP_00038	8
AENJPLPP_00039	4
AENJPLPP_00040	3
AENJPLPP_00041	1
AENJPLPP_00042	79
AENJPLPP_00043	2675
AENJPLPP_00044	81
AENJPLPP_00045	23
AENJPLPP_00046	14
AENJPLPP_00047	29
AENJPLPP_00048	1
AENJPLPP_00049	2
AENJPLPP_00050	3
AENJPLPP_00051	10
AENJPLPP_00052	4
AENJPLPP_00053	3
AENJPLPP_00054	0
AENJPLPP_00055	0
AENJPLPP_00056	17
AENJPLPP_00057	5
AENJPLPP_00058	1698
AENJPLPP_00059	6
AENJPLPP_00060	1
AENJPLPP_00061	1
AENJPLPP_00062	0
AENJPLPP_00063	1
AENJPLPP_00064	0
AENJPLPP_00065	4
AENJPLPP_00066	3
AENJPLPP_00067	2
AENJPLPP_00068	9
AENJPLPP_00069	1
AENJPLPP_00070	2
AENJPLPP_00071	0
AENJPLPP_00072	1
AENJPLPP_00073	1
AENJPLPP_00074	1
AENJPLPP_00075	5
AENJPLPP_00076	0
AENJPLPP_00077	4
AENJPLPP_00078	0
AENJPLPP_00079	0
AENJPLPP_00080	0
AENJPLPP_00081	0
AENJPLPP_00082	2
AENJPLPP_00083	0
AENJPLPP_00084	0
AENJPLPP_00085	27
AENJPLPP_00086	1
AENJPLPP_00087	0
AENJPLPP_00088	7
AENJPLPP_00089	0
AENJPLPP_00090	0
AENJPLPP_00091	0
AENJPLPP_00092	178
AENJPLPP_00093	32
AENJPLPP_00094	1
AENJPLPP_00095	9
AENJPLPP_00096	83
AENJPLPP_00097	3
AENJPLPP_00098	3
AENJPLPP_00099	2
AENJPLPP_00100	1
AENJPLPP_00101	3
AENJPLPP_00102	3
AENJPLPP_00103	49
AENJPLPP_00104	10
AENJPLPP_00105	20
AENJPLPP_00106	315
AENJPLPP_00107	8
AENJPLPP_00108	68
AENJPLPP_00109	43
AENJPLPP_00110	29
AENJPLPP_00111	5
AENJPLPP_00112	1
AENJPLPP_00113	4
AENJPLPP_00114	8
AENJPLPP_00115	3
AENJPLPP_00116	38
AENJPLPP_00117	9
AENJPLPP_00118	1
AENJPLPP_00119	1778
AENJPLPP_00120	11
AENJPLPP_00121	1
AENJPLPP_00122	24
AENJPLPP_00123	30
AENJPLPP_00124	31
AENJPLPP_00125	39
AENJPLPP_00126	29
AENJPLPP_00127	30
AENJPLPP_00128	6
AENJPLPP_00129	16
AENJPLPP_00130	45
AENJPLPP_00131	33
AENJPLPP_00132	87
AENJPLPP_00133	21
AENJPLPP_00134	35
AENJPLPP_00135	6
AENJPLPP_00136	17
AENJPLPP_00137	187
AENJPLPP_00138	20
AENJPLPP_00139	24
AENJPLPP_00140	113
AENJPLPP_00141	182
AENJPLPP_00142	9
AENJPLPP_00143	2
AENJPLPP_00144	42
AENJPLPP_00145	30
AENJPLPP_00146	3
AENJPLPP_00147	8
AENJPLPP_00148	0
AENJPLPP_00149	12
AENJPLPP_00150	6
AENJPLPP_00151	30
AENJPLPP_00152	0
AENJPLPP_00153	5
AENJPLPP_00154	18
AENJPLPP_00155	12
AENJPLPP_00156	83
AENJPLPP_00157	18
AENJPLPP_00158	1
AENJPLPP_00159	69
AENJPLPP_00160	133
AENJPLPP_00161	33
AENJPLPP_00162	97
AENJPLPP_00163	53
AENJPLPP_00164	30
AENJPLPP_00165	34
AENJPLPP_00166	84
AENJPLPP_00167	21
AENJPLPP_00168	1
AENJPLPP_00169	3
AENJPLPP_00170	26
AENJPLPP_00171	120
AENJPLPP_00172	0
AENJPLPP_00173	0
AENJPLPP_00174	4
AENJPLPP_00175	4
AENJPLPP_00176	12
AENJPLPP_00177	84
AENJPLPP_00178	54
AENJPLPP_00179	132
AENJPLPP_00180	219
AENJPLPP_00181	66
AENJPLPP_00182	9
AENJPLPP_00183	27
AENJPLPP_00184	21
AENJPLPP_00185	7
AENJPLPP_00186	63
AENJPLPP_00187	93
AENJPLPP_00188	18
AENJPLPP_00189	14
AENJPLPP_00190	20
AENJPLPP_00191	1
AENJPLPP_00192	4
AENJPLPP_00193	8
AENJPLPP_00194	8
AENJPLPP_00195	14
AENJPLPP_00196	60
AENJPLPP_00197	30
AENJPLPP_00198	8
AENJPLPP_00199	50
AENJPLPP_00200	113
AENJPLPP_00201	152
AENJPLPP_00202	6
AENJPLPP_00203	2
AENJPLPP_00204	42
AENJPLPP_00205	18
AENJPLPP_00206	3
AENJPLPP_00207	2
AENJPLPP_00208	3
AENJPLPP_00209	6
AENJPLPP_00210	20
AENJPLPP_00211	19
AENJPLPP_00212	13
AENJPLPP_00213	22
AENJPLPP_00214	1
AENJPLPP_00215	25
AENJPLPP_00216	466
AENJPLPP_00217	24
AENJPLPP_00218	7
AENJPLPP_00219	1
AENJPLPP_00220	3
AENJPLPP_00221	0
AENJPLPP_00222	2
AENJPLPP_00223	2
AENJPLPP_00224	0
AENJPLPP_00225	12
AENJPLPP_00226	7
AENJPLPP_00227	31
AENJPLPP_00228	5
AENJPLPP_00229	5
AENJPLPP_00230	66
AENJPLPP_00231	0
AENJPLPP_00232	0
AENJPLPP_00233	15
AENJPLPP_00234	9
AENJPLPP_00235	29
AENJPLPP_00236	28
AENJPLPP_00237	22
AENJPLPP_00238	50
AENJPLPP_00239	45
AENJPLPP_00240	63
AENJPLPP_00241	40
AENJPLPP_00242	20
AENJPLPP_00243	15
AENJPLPP_00244	59
AENJPLPP_00245	89
AENJPLPP_00246	64
AENJPLPP_00247	2
AENJPLPP_00248	61
AENJPLPP_00249	48
AENJPLPP_00250	0
AENJPLPP_00251	6
AENJPLPP_00252	0
AENJPLPP_00253	6
AENJPLPP_00254	14
AENJPLPP_00255	8
AENJPLPP_00256	4
AENJPLPP_00257	1
AENJPLPP_00258	25
AENJPLPP_00259	21
AENJPLPP_00260	27
AENJPLPP_00261	20
AENJPLPP_00262	53
AENJPLPP_00263	4
AENJPLPP_00264	1
AENJPLPP_00265	6
AENJPLPP_00266	40
AENJPLPP_00267	4
AENJPLPP_00268	13
AENJPLPP_00269	0
AENJPLPP_00270	9
AENJPLPP_00271	0
AENJPLPP_00272	3
AENJPLPP_00273	3
AENJPLPP_00274	1
AENJPLPP_00275	6
AENJPLPP_00276	29
AENJPLPP_00277	4
AENJPLPP_00278	39
AENJPLPP_00279	11
AENJPLPP_00280	0
AENJPLPP_00281	10
AENJPLPP_00282	61
AENJPLPP_00283	0
AENJPLPP_00284	22
AENJPLPP_00285	81
AENJPLPP_00286	25
AENJPLPP_00287	4
AENJPLPP_00288	1
AENJPLPP_00289	0
AENJPLPP_00290	0
AENJPLPP_00291	0
AENJPLPP_00292	0
AENJPLPP_00293	0
AENJPLPP_00294	1
AENJPLPP_00295	0
AENJPLPP_00296	0
AENJPLPP_00297	0
AENJPLPP_00298	1
AENJPLPP_00299	0
AENJPLPP_00300	0
AENJPLPP_00301	11
AENJPLPP_00302	40
AENJPLPP_00303	9
AENJPLPP_00304	6
AENJPLPP_00305	25
AENJPLPP_00306	3
AENJPLPP_00308	14
AENJPLPP_00309	15
AENJPLPP_00310	117
AENJPLPP_00311	80
AENJPLPP_00312	6
AENJPLPP_00313	112
AENJPLPP_00314	182
AENJPLPP_00315	48
AENJPLPP_00316	168
AENJPLPP_00317	22
AENJPLPP_00318	2
AENJPLPP_00319	2
AENJPLPP_00320	3
AENJPLPP_00321	0
AENJPLPP_00322	91
AENJPLPP_00323	68
AENJPLPP_00324	130
AENJPLPP_00325	13
AENJPLPP_00326	0
AENJPLPP_00327	101
AENJPLPP_00328	201
AENJPLPP_00329	3
AENJPLPP_00330	2
AENJPLPP_00331	6
AENJPLPP_00332	4
AENJPLPP_00333	4
AENJPLPP_00334	10
AENJPLPP_00335	0
AENJPLPP_00336	413
AENJPLPP_00337	1
AENJPLPP_00338	40
AENJPLPP_00339	1258
AENJPLPP_00340	84
AENJPLPP_00341	62
AENJPLPP_00342	34
AENJPLPP_00343	0
AENJPLPP_00344	6
AENJPLPP_00345	4
AENJPLPP_00346	0
AENJPLPP_00347	7
AENJPLPP_00348	4
AENJPLPP_00349	20
AENJPLPP_00350	8
AENJPLPP_00351	1
AENJPLPP_00352	15
AENJPLPP_00353	21
AENJPLPP_00354	6
AENJPLPP_00355	1
AENJPLPP_00356	7
AENJPLPP_00357	1
AENJPLPP_00358	20
AENJPLPP_00359	31
AENJPLPP_00360	8
AENJPLPP_00361	9
AENJPLPP_00362	17
AENJPLPP_00363	37
AENJPLPP_00364	39
AENJPLPP_00365	56
AENJPLPP_00366	13
AENJPLPP_00367	11
AENJPLPP_00368	7
AENJPLPP_00369	16
AENJPLPP_00370	5
AENJPLPP_00371	13
AENJPLPP_00372	44
AENJPLPP_00373	20
AENJPLPP_00374	1
AENJPLPP_00375	37
AENJPLPP_00376	32
AENJPLPP_00377	0
AENJPLPP_00378	0
AENJPLPP_00379	2
AENJPLPP_00380	8
AENJPLPP_00381	1
AENJPLPP_00382	24
AENJPLPP_00383	18
AENJPLPP_00384	8
AENJPLPP_00385	61
AENJPLPP_00386	452
AENJPLPP_00387	16
AENJPLPP_00388	47
AENJPLPP_00389	114
AENJPLPP_00390	230
AENJPLPP_00391	19
AENJPLPP_00392	128
AENJPLPP_00393	61
AENJPLPP_00394	17
AENJPLPP_00395	0
AENJPLPP_00396	0
AENJPLPP_00397	0
AENJPLPP_00398	1
AENJPLPP_00399	3
AENJPLPP_00400	1
AENJPLPP_00401	3
AENJPLPP_00402	39
AENJPLPP_00403	11
AENJPLPP_00404	7
AENJPLPP_00405	19
AENJPLPP_00406	211
AENJPLPP_00407	1
AENJPLPP_00408	15
AENJPLPP_00409	3
AENJPLPP_00410	78
AENJPLPP_00411	0
AENJPLPP_00412	2
AENJPLPP_00413	0
AENJPLPP_00414	4
AENJPLPP_00415	3
AENJPLPP_00416	0
AENJPLPP_00417	50
AENJPLPP_00418	3
AENJPLPP_00419	0
AENJPLPP_00420	2
AENJPLPP_00421	25
AENJPLPP_00422	7
AENJPLPP_00423	32
AENJPLPP_00424	9
AENJPLPP_00425	21
AENJPLPP_00426	44
AENJPLPP_00427	190
AENJPLPP_00428	6
AENJPLPP_00429	1
AENJPLPP_00430	162
AENJPLPP_00431	80
AENJPLPP_00432	7
AENJPLPP_00433	13
AENJPLPP_00434	8
AENJPLPP_00435	19
AENJPLPP_00436	17
AENJPLPP_00437	1
AENJPLPP_00438	11
AENJPLPP_00439	88
AENJPLPP_00440	22
AENJPLPP_00441	19
AENJPLPP_00442	17
AENJPLPP_00443	10
AENJPLPP_00444	17
AENJPLPP_00445	62
AENJPLPP_00446	22
AENJPLPP_00447	7
AENJPLPP_00448	9
AENJPLPP_00449	202
AENJPLPP_00450	10
AENJPLPP_00451	27
AENJPLPP_00452	485
AENJPLPP_00453	41
AENJPLPP_00454	41
AENJPLPP_00455	53
AENJPLPP_00456	5
AENJPLPP_00457	39
AENJPLPP_00458	49
AENJPLPP_00459	11
AENJPLPP_00460	22
AENJPLPP_00461	1
AENJPLPP_00462	0
AENJPLPP_00463	1
AENJPLPP_00464	10
AENJPLPP_00465	59
AENJPLPP_00466	89
AENJPLPP_00467	26
AENJPLPP_00468	7
AENJPLPP_00469	27
AENJPLPP_00470	134
AENJPLPP_00471	0
AENJPLPP_00472	10
AENJPLPP_00473	33
AENJPLPP_00474	9
AENJPLPP_00475	446
AENJPLPP_00476	1
AENJPLPP_00477	8
AENJPLPP_00478	83
AENJPLPP_00479	5
AENJPLPP_00480	90
AENJPLPP_00481	4
AENJPLPP_00482	278
AENJPLPP_00483	359
AENJPLPP_00484	9
AENJPLPP_00485	55
AENJPLPP_00486	20
AENJPLPP_00487	14
AENJPLPP_00488	68
AENJPLPP_00489	27
AENJPLPP_00490	17
AENJPLPP_00491	9
AENJPLPP_00492	80
AENJPLPP_00493	35
AENJPLPP_00494	235
AENJPLPP_00495	8
AENJPLPP_00496	1
AENJPLPP_00497	32
AENJPLPP_00498	18
AENJPLPP_00499	7
AENJPLPP_00500	14
AENJPLPP_00501	80
AENJPLPP_00502	15
AENJPLPP_00503	8
AENJPLPP_00504	6
AENJPLPP_00505	11
AENJPLPP_00506	7
AENJPLPP_00507	15
AENJPLPP_00508	11
AENJPLPP_00509	34
AENJPLPP_00510	50
AENJPLPP_00511	19
AENJPLPP_00512	73
AENJPLPP_00513	12
AENJPLPP_00514	22
AENJPLPP_00515	173
AENJPLPP_00516	84
AENJPLPP_00517	24
AENJPLPP_00518	0
AENJPLPP_00519	12
AENJPLPP_00520	10
AENJPLPP_00521	22
AENJPLPP_00522	15
AENJPLPP_00523	4
AENJPLPP_00524	129
AENJPLPP_00525	70
AENJPLPP_00527	51
AENJPLPP_00528	49
AENJPLPP_00529	4
AENJPLPP_00530	13
AENJPLPP_00531	54
AENJPLPP_00532	11
AENJPLPP_00533	12
AENJPLPP_00534	14
AENJPLPP_00535	24
AENJPLPP_00537	8
AENJPLPP_00538	41
AENJPLPP_00539	12
AENJPLPP_00540	25
AENJPLPP_00541	86
AENJPLPP_00542	21
AENJPLPP_00543	13
AENJPLPP_00544	27
AENJPLPP_00545	64
AENJPLPP_00546	60
AENJPLPP_00547	46
AENJPLPP_00548	44
AENJPLPP_00549	11
AENJPLPP_00550	20
AENJPLPP_00551	1
AENJPLPP_00552	3
AENJPLPP_00553	3
AENJPLPP_00554	0
AENJPLPP_00555	18
AENJPLPP_00556	10
AENJPLPP_00557	7
AENJPLPP_00558	8
AENJPLPP_00559	111
AENJPLPP_00560	16
AENJPLPP_00561	113
AENJPLPP_00562	95
AENJPLPP_00563	6
AENJPLPP_00564	10
AENJPLPP_00565	67
AENJPLPP_00566	5
AENJPLPP_00567	0
AENJPLPP_00568	62
AENJPLPP_00569	61
AENJPLPP_00570	33
AENJPLPP_00571	36
AENJPLPP_00572	10
AENJPLPP_00573	33
AENJPLPP_00574	0
AENJPLPP_00575	0
AENJPLPP_00576	0
AENJPLPP_00577	1
AENJPLPP_00578	6
AENJPLPP_00579	22
AENJPLPP_00580	554
AENJPLPP_00581	659
AENJPLPP_00582	1169
AENJPLPP_00583	195
AENJPLPP_00584	734
AENJPLPP_00585	440
AENJPLPP_00586	1093
AENJPLPP_00587	241
AENJPLPP_00588	31
AENJPLPP_00589	622
AENJPLPP_00590	52
AENJPLPP_00591	387
AENJPLPP_00592	227
AENJPLPP_00593	64
AENJPLPP_00594	108
AENJPLPP_00595	48
AENJPLPP_00596	6
AENJPLPP_00597	8
AENJPLPP_00598	6
AENJPLPP_00599	6
AENJPLPP_00600	3
AENJPLPP_00601	100
AENJPLPP_00602	39
AENJPLPP_00603	63
AENJPLPP_00604	7
AENJPLPP_00605	161
AENJPLPP_00606	67
AENJPLPP_00607	3
AENJPLPP_00608	33
AENJPLPP_00609	9
AENJPLPP_00610	27
AENJPLPP_00611	4
AENJPLPP_00612	5
AENJPLPP_00613	122
AENJPLPP_00614	10
AENJPLPP_00615	19
AENJPLPP_00616	15
AENJPLPP_00617	35
AENJPLPP_00618	0
AENJPLPP_00620	20
AENJPLPP_00621	35
AENJPLPP_00622	19
AENJPLPP_00623	15
AENJPLPP_00624	183
AENJPLPP_00625	12
AENJPLPP_00626	14
AENJPLPP_00627	50
AENJPLPP_00628	93
AENJPLPP_00629	101
AENJPLPP_00630	31
AENJPLPP_00631	36
AENJPLPP_00632	36
AENJPLPP_00633	0
AENJPLPP_00634	32
AENJPLPP_00635	57
AENJPLPP_00636	2
AENJPLPP_00637	45
AENJPLPP_00638	70
AENJPLPP_00639	14
AENJPLPP_00640	6
AENJPLPP_00641	19
AENJPLPP_00642	11
AENJPLPP_00643	9
AENJPLPP_00644	92
AENJPLPP_00645	57
AENJPLPP_00646	13
AENJPLPP_00647	29
AENJPLPP_00648	149
AENJPLPP_00649	52
AENJPLPP_00650	12
AENJPLPP_00651	165
AENJPLPP_00652	37
AENJPLPP_00653	77
AENJPLPP_00654	21
AENJPLPP_00655	5
AENJPLPP_00656	4
AENJPLPP_00657	22
AENJPLPP_00658	21
AENJPLPP_00659	55
AENJPLPP_00660	8
AENJPLPP_00661	9
AENJPLPP_00662	5
AENJPLPP_00663	507
AENJPLPP_00664	52
AENJPLPP_00665	7
AENJPLPP_00666	32
AENJPLPP_00667	26
AENJPLPP_00668	46
AENJPLPP_00669	36
AENJPLPP_00670	79
AENJPLPP_00671	24
AENJPLPP_00672	38
AENJPLPP_00673	39
AENJPLPP_00674	22
AENJPLPP_00675	4
AENJPLPP_00676	43
AENJPLPP_00677	33
AENJPLPP_00678	1
AENJPLPP_00679	47
AENJPLPP_00680	48
AENJPLPP_00681	44
AENJPLPP_00682	15
AENJPLPP_00683	79
AENJPLPP_00684	30
AENJPLPP_00685	161
AENJPLPP_00686	6
AENJPLPP_00687	33
AENJPLPP_00688	5
AENJPLPP_00689	1
AENJPLPP_00690	8
AENJPLPP_00691	118
AENJPLPP_00692	135
AENJPLPP_00693	98
AENJPLPP_00694	34
AENJPLPP_00695	16
AENJPLPP_00696	4
AENJPLPP_00697	30
AENJPLPP_00698	1
AENJPLPP_00699	22
AENJPLPP_00700	0
AENJPLPP_00701	1
AENJPLPP_00702	19
AENJPLPP_00703	40
AENJPLPP_00704	0
AENJPLPP_00705	114
AENJPLPP_00706	73
AENJPLPP_00707	24
AENJPLPP_00708	9
AENJPLPP_00709	3
AENJPLPP_00710	5
AENJPLPP_00711	38
AENJPLPP_00712	247
AENJPLPP_00713	23
AENJPLPP_00714	7
AENJPLPP_00715	143
AENJPLPP_00716	10
AENJPLPP_00717	27
AENJPLPP_00718	42
AENJPLPP_00719	20
AENJPLPP_00720	31
AENJPLPP_00721	22
AENJPLPP_00722	115
AENJPLPP_00723	32
AENJPLPP_00724	7
AENJPLPP_00725	2
AENJPLPP_00726	8
AENJPLPP_00727	2
AENJPLPP_00728	0
AENJPLPP_00729	8
AENJPLPP_00730	3
AENJPLPP_00731	2
AENJPLPP_00732	6
AENJPLPP_00733	16
AENJPLPP_00734	7
AENJPLPP_00735	1
AENJPLPP_00736	0
AENJPLPP_00737	4
AENJPLPP_00738	1
AENJPLPP_00739	0
AENJPLPP_00740	5
AENJPLPP_00741	2
AENJPLPP_00742	8
AENJPLPP_00743	1
AENJPLPP_00744	29
AENJPLPP_00745	0
AENJPLPP_00746	58
AENJPLPP_00747	27
AENJPLPP_00748	29
AENJPLPP_00749	4
AENJPLPP_00750	4
AENJPLPP_00751	1
AENJPLPP_00752	2
AENJPLPP_00753	1
AENJPLPP_00754	0
AENJPLPP_00755	0
AENJPLPP_00756	5
AENJPLPP_00757	0
AENJPLPP_00758	6
AENJPLPP_00759	0
AENJPLPP_00760	12
AENJPLPP_00761	6
AENJPLPP_00762	8
AENJPLPP_00763	2
AENJPLPP_00764	1
AENJPLPP_00765	1
AENJPLPP_00766	0
AENJPLPP_00767	4
AENJPLPP_00768	1
AENJPLPP_00769	2
AENJPLPP_00770	2
AENJPLPP_00771	4
AENJPLPP_00772	25
AENJPLPP_00773	1
AENJPLPP_00774	10
AENJPLPP_00775	4
AENJPLPP_00776	4
AENJPLPP_00777	1
AENJPLPP_00778	0
AENJPLPP_00779	0
AENJPLPP_00796	92
AENJPLPP_00797	14
AENJPLPP_00798	94
AENJPLPP_00799	12
AENJPLPP_00800	46
AENJPLPP_00801	13
AENJPLPP_00802	145
AENJPLPP_00803	164
AENJPLPP_00804	72
AENJPLPP_00805	481
AENJPLPP_00806	173
AENJPLPP_00807	0
AENJPLPP_00808	190
AENJPLPP_00809	25
AENJPLPP_00810	0
AENJPLPP_00811	123
AENJPLPP_00812	12
AENJPLPP_00813	57
AENJPLPP_00814	5
AENJPLPP_00815	3
AENJPLPP_00816	161
AENJPLPP_00817	12
AENJPLPP_00818	0
AENJPLPP_00819	32
AENJPLPP_00820	25
AENJPLPP_00821	14
AENJPLPP_00822	20
AENJPLPP_00823	43
AENJPLPP_00824	30
AENJPLPP_00825	1
AENJPLPP_00826	15
AENJPLPP_00827	4
AENJPLPP_00828	12
AENJPLPP_00829	9
AENJPLPP_00830	15
AENJPLPP_00831	1
AENJPLPP_00832	5
AENJPLPP_00833	7
AENJPLPP_00834	11
AENJPLPP_00835	6
AENJPLPP_00836	0
AENJPLPP_00837	17
AENJPLPP_00838	11
AENJPLPP_00839	17
AENJPLPP_00840	42
AENJPLPP_00841	39
AENJPLPP_00842	42
AENJPLPP_00843	36
AENJPLPP_00844	842
AENJPLPP_00845	111
AENJPLPP_00846	158
AENJPLPP_00847	140
AENJPLPP_00848	27
AENJPLPP_00849	94
AENJPLPP_00850	33
AENJPLPP_00851	28
AENJPLPP_00852	72
AENJPLPP_00853	40
AENJPLPP_00854	43
AENJPLPP_00855	6
AENJPLPP_00856	33
AENJPLPP_00857	7
AENJPLPP_00858	26
AENJPLPP_00859	50
AENJPLPP_00860	64
AENJPLPP_00861	350
AENJPLPP_00862	0
AENJPLPP_00863	14
AENJPLPP_00864	55
AENJPLPP_00865	81
AENJPLPP_00866	0
AENJPLPP_00867	0
AENJPLPP_00868	0
AENJPLPP_00869	40
AENJPLPP_00870	99
AENJPLPP_00871	8
AENJPLPP_00872	30
AENJPLPP_00873	11
AENJPLPP_00874	43
AENJPLPP_00875	24
AENJPLPP_00876	24
AENJPLPP_00877	0
AENJPLPP_00878	70
AENJPLPP_00879	10
AENJPLPP_00880	17
AENJPLPP_00881	27
AENJPLPP_00882	9
AENJPLPP_00883	12
AENJPLPP_00884	13
AENJPLPP_00885	23
AENJPLPP_00886	19
AENJPLPP_00887	17
AENJPLPP_00888	3
AENJPLPP_00889	12
AENJPLPP_00890	2
AENJPLPP_00891	22
AENJPLPP_00892	1
AENJPLPP_00893	79
AENJPLPP_00894	6
AENJPLPP_00895	19
AENJPLPP_00896	13
AENJPLPP_00897	24
AENJPLPP_00898	44
AENJPLPP_00899	46
AENJPLPP_00900	107
AENJPLPP_00901	30
AENJPLPP_00902	25
AENJPLPP_00903	17
AENJPLPP_00904	14
AENJPLPP_00905	17
AENJPLPP_00906	19
AENJPLPP_00907	52
AENJPLPP_00908	37
AENJPLPP_00909	38
AENJPLPP_00910	25
AENJPLPP_00911	81
AENJPLPP_00912	19
AENJPLPP_00913	0
AENJPLPP_00914	0
AENJPLPP_00915	0
AENJPLPP_00916	0
AENJPLPP_00917	0
AENJPLPP_00918	0
AENJPLPP_00920	2
AENJPLPP_00921	0
AENJPLPP_00922	0
AENJPLPP_00923	0
AENJPLPP_00924	0
AENJPLPP_00925	0
AENJPLPP_00926	0
AENJPLPP_00927	0
AENJPLPP_00928	10
AENJPLPP_00929	12
AENJPLPP_00930	10
AENJPLPP_00931	2
AENJPLPP_00932	4
AENJPLPP_00933	7
AENJPLPP_00934	8
AENJPLPP_00935	3
AENJPLPP_00936	14
AENJPLPP_00937	7
AENJPLPP_00938	1
AENJPLPP_00939	9
AENJPLPP_00940	1
AENJPLPP_00941	59
AENJPLPP_00942	14
AENJPLPP_00943	9
AENJPLPP_00944	1
AENJPLPP_00945	0
AENJPLPP_00946	10
AENJPLPP_00947	5
AENJPLPP_00948	6
AENJPLPP_00949	2
AENJPLPP_00950	86
AENJPLPP_00951	58
AENJPLPP_00952	31
AENJPLPP_00953	0
AENJPLPP_00954	0
AENJPLPP_00955	0
AENJPLPP_00956	0
AENJPLPP_00957	2
AENJPLPP_00958	0
AENJPLPP_00959	1
AENJPLPP_00960	11
AENJPLPP_00961	2
AENJPLPP_00962	1
AENJPLPP_00963	2
AENJPLPP_00964	1
AENJPLPP_00965	1
AENJPLPP_00966	34
AENJPLPP_00967	16
AENJPLPP_00968	14
AENJPLPP_00969	0
AENJPLPP_00970	5
AENJPLPP_00971	4
AENJPLPP_00972	2
AENJPLPP_00973	8
AENJPLPP_00974	29
AENJPLPP_00975	1
AENJPLPP_00976	3
AENJPLPP_00977	47
AENJPLPP_00978	2730
AENJPLPP_00979	741
AENJPLPP_00980	3874
AENJPLPP_00981	12
AENJPLPP_00982	5
AENJPLPP_00983	3
AENJPLPP_00984	44
AENJPLPP_00985	24
AENJPLPP_00986	289
AENJPLPP_00987	8
AENJPLPP_00988	44
AENJPLPP_00989	38
AENJPLPP_00990	22
AENJPLPP_00991	108
AENJPLPP_00992	39
AENJPLPP_00993	36
AENJPLPP_00994	63
AENJPLPP_00995	34
AENJPLPP_00996	26
AENJPLPP_00997	4
AENJPLPP_00999	16
AENJPLPP_01000	29
AENJPLPP_01001	10
AENJPLPP_01002	11
AENJPLPP_01003	3
AENJPLPP_01004	174
AENJPLPP_01005	27
AENJPLPP_01006	7
AENJPLPP_01007	0
AENJPLPP_01008	23
AENJPLPP_01009	7
AENJPLPP_01010	9
AENJPLPP_01011	142
AENJPLPP_01012	104
AENJPLPP_01013	67
AENJPLPP_01014	19
AENJPLPP_01015	4
AENJPLPP_01016	12
AENJPLPP_01017	3
AENJPLPP_01018	4
AENJPLPP_01019	7
AENJPLPP_01020	34
AENJPLPP_01021	89
AENJPLPP_01022	35
AENJPLPP_01023	42
AENJPLPP_01024	22
AENJPLPP_01025	34
AENJPLPP_01026	237
AENJPLPP_01027	57
AENJPLPP_01028	15
AENJPLPP_01029	2
AENJPLPP_01030	7
AENJPLPP_01031	126
AENJPLPP_01032	82
AENJPLPP_01033	5
AENJPLPP_01034	32
AENJPLPP_01035	33
AENJPLPP_01036	2
AENJPLPP_01037	21
AENJPLPP_01038	0
AENJPLPP_01039	7
AENJPLPP_01040	43
AENJPLPP_01041	16
AENJPLPP_01042	4
AENJPLPP_01043	9
AENJPLPP_01044	69
AENJPLPP_01045	40
AENJPLPP_01046	38
AENJPLPP_01047	17
AENJPLPP_01048	8
AENJPLPP_01049	8
AENJPLPP_01050	5
AENJPLPP_01051	2
AENJPLPP_01052	0
AENJPLPP_01053	101
AENJPLPP_01054	3
AENJPLPP_01055	97
AENJPLPP_01056	172
AENJPLPP_01057	13
AENJPLPP_01058	98
AENJPLPP_01059	12
AENJPLPP_01060	23
AENJPLPP_01061	5
AENJPLPP_01062	11
AENJPLPP_01063	16
AENJPLPP_01064	11
AENJPLPP_01065	214
AENJPLPP_01066	123
AENJPLPP_01067	138
AENJPLPP_01068	14
AENJPLPP_01069	123
AENJPLPP_01070	67
AENJPLPP_01071	19
AENJPLPP_01072	416
AENJPLPP_01073	2
AENJPLPP_01074	17
AENJPLPP_01075	2
AENJPLPP_01076	5
AENJPLPP_01077	49
AENJPLPP_01078	9
AENJPLPP_01079	85
AENJPLPP_01080	0
AENJPLPP_01081	7
AENJPLPP_01082	10
AENJPLPP_01083	2
AENJPLPP_01084	0
AENJPLPP_01085	0
AENJPLPP_01086	1
AENJPLPP_01087	0
AENJPLPP_01088	0
AENJPLPP_01089	2
AENJPLPP_01090	0
AENJPLPP_01091	64
AENJPLPP_01092	13
AENJPLPP_01093	23
AENJPLPP_01094	12
AENJPLPP_01095	8
AENJPLPP_01096	67
AENJPLPP_01097	51
AENJPLPP_01098	189
AENJPLPP_01099	64
AENJPLPP_01100	92
AENJPLPP_01101	20
AENJPLPP_01102	3
AENJPLPP_01103	4
AENJPLPP_01104	4
AENJPLPP_01105	3
AENJPLPP_01106	0
AENJPLPP_01107	1
AENJPLPP_01108	3
AENJPLPP_01109	5
AENJPLPP_01110	6
AENJPLPP_01111	11
AENJPLPP_01112	1
AENJPLPP_01113	1
AENJPLPP_01114	2
AENJPLPP_01115	4
AENJPLPP_01116	1
AENJPLPP_01117	6
AENJPLPP_01118	3
AENJPLPP_01119	17
AENJPLPP_01120	10
AENJPLPP_01121	40
AENJPLPP_01122	93
AENJPLPP_01123	76
AENJPLPP_01124	30
AENJPLPP_01125	55
AENJPLPP_01126	21
AENJPLPP_01127	2
AENJPLPP_01128	7
AENJPLPP_01129	1
AENJPLPP_01130	15
AENJPLPP_01131	43
AENJPLPP_01132	7
AENJPLPP_01133	10
AENJPLPP_01134	1
AENJPLPP_01135	0
AENJPLPP_01136	0
AENJPLPP_01137	4
AENJPLPP_01138	8
AENJPLPP_01139	21
AENJPLPP_01140	5
AENJPLPP_01141	52
AENJPLPP_01142	54
AENJPLPP_01143	4
AENJPLPP_01144	1
AENJPLPP_01145	9
AENJPLPP_01146	7
AENJPLPP_01147	1
AENJPLPP_01148	27
AENJPLPP_01149	25
AENJPLPP_01150	12
AENJPLPP_01151	2
AENJPLPP_01152	15
AENJPLPP_01153	24
AENJPLPP_01154	41
AENJPLPP_01155	116
AENJPLPP_01156	92
AENJPLPP_01157	644
AENJPLPP_01158	10
AENJPLPP_01159	57
AENJPLPP_01160	10
AENJPLPP_01161	26
AENJPLPP_01162	26
AENJPLPP_01163	10
AENJPLPP_01164	6
AENJPLPP_01165	3
AENJPLPP_01166	0
AENJPLPP_01167	75
AENJPLPP_01194	0
AENJPLPP_01195	110
AENJPLPP_01196	14
AENJPLPP_01197	10
AENJPLPP_01198	166
AENJPLPP_01199	30
AENJPLPP_01200	12
AENJPLPP_01201	59
AENJPLPP_01202	26
AENJPLPP_01203	2
AENJPLPP_01204	21
AENJPLPP_01205	46
AENJPLPP_01206	2
AENJPLPP_01207	79
AENJPLPP_01208	121
AENJPLPP_01209	14
AENJPLPP_01210	2
AENJPLPP_01211	218
AENJPLPP_01212	1430
AENJPLPP_01213	17
AENJPLPP_01214	100
AENJPLPP_01215	61
AENJPLPP_01216	16
AENJPLPP_01217	66
AENJPLPP_01218	218
AENJPLPP_01219	38
AENJPLPP_01220	74
AENJPLPP_01221	50
AENJPLPP_01222	29
AENJPLPP_01223	54
AENJPLPP_01224	70
AENJPLPP_01225	584
AENJPLPP_01226	7
AENJPLPP_01227	35
AENJPLPP_01228	0
AENJPLPP_01229	17
AENJPLPP_01230	134
AENJPLPP_01231	45
AENJPLPP_01232	91
AENJPLPP_01233	72
AENJPLPP_01234	26
AENJPLPP_01235	3
AENJPLPP_01236	1
AENJPLPP_01237	7
AENJPLPP_01238	39
AENJPLPP_01239	78
AENJPLPP_01240	14
AENJPLPP_01241	256
AENJPLPP_01242	118
AENJPLPP_01243	19
AENJPLPP_01244	23
AENJPLPP_01245	25
AENJPLPP_01246	13
AENJPLPP_01247	18
AENJPLPP_01248	74
AENJPLPP_01249	20
AENJPLPP_01250	31
AENJPLPP_01251	0
AENJPLPP_01252	6
AENJPLPP_01253	13
AENJPLPP_01254	1
AENJPLPP_01255	15
AENJPLPP_01256	15
AENJPLPP_01257	117
AENJPLPP_01258	36
AENJPLPP_01259	73
AENJPLPP_01260	9
AENJPLPP_01261	50
AENJPLPP_01262	195
AENJPLPP_01263	122
AENJPLPP_01264	14
AENJPLPP_01265	4
AENJPLPP_01266	0
AENJPLPP_01267	15
AENJPLPP_01268	26
AENJPLPP_01269	48
AENJPLPP_01270	0
AENJPLPP_01271	4
AENJPLPP_01272	0
AENJPLPP_01273	34
AENJPLPP_01274	10
AENJPLPP_01275	8
AENJPLPP_01276	16
AENJPLPP_01277	3
AENJPLPP_01278	7
AENJPLPP_01279	1
AENJPLPP_01280	3
AENJPLPP_01281	1
AENJPLPP_01282	15
AENJPLPP_01283	10
AENJPLPP_01284	1
AENJPLPP_01285	0
AENJPLPP_01286	12
AENJPLPP_01287	7
AENJPLPP_01288	29
AENJPLPP_01289	10
AENJPLPP_01290	16
AENJPLPP_01291	31
AENJPLPP_01292	2
AENJPLPP_01293	38
AENJPLPP_01294	4
AENJPLPP_01295	9
AENJPLPP_01296	2
AENJPLPP_01297	9
AENJPLPP_01298	2
AENJPLPP_01299	11
AENJPLPP_01300	2
AENJPLPP_01301	0
AENJPLPP_01302	2
AENJPLPP_01303	3
AENJPLPP_01304	0
AENJPLPP_01305	0
AENJPLPP_01306	23
AENJPLPP_01307	2
AENJPLPP_01308	0
AENJPLPP_01309	2
AENJPLPP_01310	0
AENJPLPP_01311	2
AENJPLPP_01312	0
AENJPLPP_01313	0
AENJPLPP_01314	1
AENJPLPP_01315	0
AENJPLPP_01316	1
AENJPLPP_01317	0
AENJPLPP_01318	4
AENJPLPP_01319	34
AENJPLPP_01320	1
AENJPLPP_01321	13
AENJPLPP_01322	8
AENJPLPP_01323	2
AENJPLPP_01324	9
AENJPLPP_01325	12
AENJPLPP_01326	1
AENJPLPP_01327	6
AENJPLPP_01328	1
AENJPLPP_01329	3
AENJPLPP_01330	33
AENJPLPP_01331	2
AENJPLPP_01332	19
AENJPLPP_01333	5
AENJPLPP_01334	12
AENJPLPP_01335	0
AENJPLPP_01336	5
AENJPLPP_01337	6
AENJPLPP_01338	0
AENJPLPP_01339	3
AENJPLPP_01340	1
AENJPLPP_01341	1
AENJPLPP_01342	15
AENJPLPP_01343	17
AENJPLPP_01344	11
AENJPLPP_01345	3
AENJPLPP_01346	10
AENJPLPP_01347	14
AENJPLPP_01348	1
AENJPLPP_01349	2
AENJPLPP_01350	1
AENJPLPP_01351	9
AENJPLPP_01352	10
AENJPLPP_01353	19
AENJPLPP_01354	13
AENJPLPP_01355	12
AENJPLPP_01356	27
AENJPLPP_01357	52
AENJPLPP_01358	47
AENJPLPP_01359	215
AENJPLPP_01360	54
AENJPLPP_01361	84
AENJPLPP_01362	23
AENJPLPP_01363	7
AENJPLPP_01364	6
AENJPLPP_01365	4
AENJPLPP_01366	1
AENJPLPP_01367	0
AENJPLPP_01368	0
AENJPLPP_01369	7
AENJPLPP_01370	12
AENJPLPP_01371	1
AENJPLPP_01372	3
AENJPLPP_01373	16
AENJPLPP_01374	502
AENJPLPP_01375	333
AENJPLPP_01376	10
AENJPLPP_01377	26
AENJPLPP_01378	5
AENJPLPP_01379	33
AENJPLPP_01380	39
AENJPLPP_01381	46
AENJPLPP_01382	19
AENJPLPP_01383	14
AENJPLPP_01384	6
AENJPLPP_01385	65
AENJPLPP_01386	54
AENJPLPP_01387	21
AENJPLPP_01388	0
AENJPLPP_01389	55
AENJPLPP_01390	17
AENJPLPP_01391	11
AENJPLPP_01392	216
AENJPLPP_01393	4
AENJPLPP_01403	17
AENJPLPP_01404	57
AENJPLPP_01405	43
AENJPLPP_01406	424
AENJPLPP_01407	17
AENJPLPP_01408	41
AENJPLPP_01409	7
AENJPLPP_01410	28
AENJPLPP_01411	18
AENJPLPP_01412	20
AENJPLPP_01413	32
AENJPLPP_01414	7
AENJPLPP_01415	6
AENJPLPP_01416	9
AENJPLPP_01417	39
AENJPLPP_01418	29
AENJPLPP_01419	4
AENJPLPP_01420	5
AENJPLPP_01421	36
AENJPLPP_01422	31
AENJPLPP_01423	4
AENJPLPP_01424	61
AENJPLPP_01425	106
AENJPLPP_01426	151
AENJPLPP_01427	63
AENJPLPP_01428	127
AENJPLPP_01429	15
AENJPLPP_01430	0
AENJPLPP_01431	73
AENJPLPP_01432	32
AENJPLPP_01433	8
AENJPLPP_01434	198
AENJPLPP_01435	26
AENJPLPP_01436	47
AENJPLPP_01437	61
AENJPLPP_01438	41
AENJPLPP_01439	43
AENJPLPP_01440	17
AENJPLPP_01441	5
AENJPLPP_01442	0
AENJPLPP_01443	1
AENJPLPP_01444	71
AENJPLPP_01445	43
AENJPLPP_01446	3
AENJPLPP_01447	2
AENJPLPP_01448	2
AENJPLPP_01449	7
AENJPLPP_01450	18
AENJPLPP_01451	12
AENJPLPP_01452	1
AENJPLPP_01453	0
AENJPLPP_01454	16
AENJPLPP_01455	56
AENJPLPP_01456	198
AENJPLPP_01457	30
AENJPLPP_01458	26
AENJPLPP_01459	8
AENJPLPP_01460	25
AENJPLPP_01461	65
AENJPLPP_01462	22
AENJPLPP_01463	804
AENJPLPP_01464	162
AENJPLPP_01465	164
AENJPLPP_01466	85
AENJPLPP_01467	114
AENJPLPP_01468	84
AENJPLPP_01469	149
AENJPLPP_01470	220
AENJPLPP_01471	26
AENJPLPP_01472	16
AENJPLPP_01473	53
AENJPLPP_01474	43
AENJPLPP_01475	455
AENJPLPP_01476	570
AENJPLPP_01477	48
AENJPLPP_01478	71
AENJPLPP_01479	52
AENJPLPP_01480	16
AENJPLPP_01481	109
AENJPLPP_01482	52
AENJPLPP_01483	65
AENJPLPP_01484	232
AENJPLPP_01485	55
AENJPLPP_01486	26
AENJPLPP_01487	101
AENJPLPP_01488	59
AENJPLPP_01489	37
AENJPLPP_01490	69
AENJPLPP_01491	110
AENJPLPP_01492	21
AENJPLPP_01493	52
AENJPLPP_01494	41
AENJPLPP_01495	65
AENJPLPP_01496	11
AENJPLPP_01497	21
AENJPLPP_01498	294
AENJPLPP_01499	94
AENJPLPP_01500	32
AENJPLPP_01501	9
AENJPLPP_01502	101
AENJPLPP_01503	28
AENJPLPP_01504	89
AENJPLPP_01505	43
AENJPLPP_01506	48
AENJPLPP_01507	30
AENJPLPP_01508	33
AENJPLPP_01509	15
AENJPLPP_01510	71
AENJPLPP_01511	31
AENJPLPP_01512	12
AENJPLPP_01513	31
AENJPLPP_01514	16
AENJPLPP_01515	10
AENJPLPP_01516	9
AENJPLPP_01517	19
AENJPLPP_01518	79
AENJPLPP_01519	15
AENJPLPP_01520	20
AENJPLPP_01521	381
AENJPLPP_01522	48
AENJPLPP_01523	70
AENJPLPP_01524	14
AENJPLPP_01525	102
AENJPLPP_01526	88
AENJPLPP_01527	93
AENJPLPP_01528	73
AENJPLPP_01529	44
AENJPLPP_01530	483
AENJPLPP_01531	12
AENJPLPP_01532	171
AENJPLPP_01533	20
AENJPLPP_01534	35
AENJPLPP_01535	148
AENJPLPP_01536	17
AENJPLPP_01537	118
AENJPLPP_01538	66
AENJPLPP_01539	48
AENJPLPP_01540	185
AENJPLPP_01541	1
AENJPLPP_01542	1
AENJPLPP_01543	0
AENJPLPP_01544	1
AENJPLPP_01545	31
AENJPLPP_01546	27
AENJPLPP_01547	2
AENJPLPP_01548	1
AENJPLPP_01549	26
AENJPLPP_01550	0
AENJPLPP_01551	31
AENJPLPP_01552	3
AENJPLPP_01553	7
AENJPLPP_01554	39
AENJPLPP_01555	14
AENJPLPP_01556	319
AENJPLPP_01557	1935
AENJPLPP_01558	150
AENJPLPP_01559	78
AENJPLPP_01560	2
AENJPLPP_01561	9
AENJPLPP_01562	12
AENJPLPP_01563	5
AENJPLPP_01564	2
AENJPLPP_01565	64
AENJPLPP_01566	40
AENJPLPP_01567	26
AENJPLPP_01568	10
AENJPLPP_01569	7
AENJPLPP_01570	17
AENJPLPP_01571	24
AENJPLPP_01572	93
AENJPLPP_01573	27
AENJPLPP_01574	23
AENJPLPP_01575	31
AENJPLPP_01576	17
AENJPLPP_01577	120
AENJPLPP_01578	2024
AENJPLPP_01579	114
AENJPLPP_01580	156
AENJPLPP_01581	245
AENJPLPP_01582	19
AENJPLPP_01583	28
AENJPLPP_01584	23
AENJPLPP_01585	20
AENJPLPP_01586	39
AENJPLPP_01587	28
AENJPLPP_01588	40
AENJPLPP_01589	247
AENJPLPP_01590	4
AENJPLPP_01591	131
AENJPLPP_01592	26
AENJPLPP_01593	47
AENJPLPP_01594	25
AENJPLPP_01595	114
AENJPLPP_01596	13
AENJPLPP_01597	8
AENJPLPP_01598	16
AENJPLPP_01599	3
AENJPLPP_01600	0
AENJPLPP_01601	0
AENJPLPP_01602	8
AENJPLPP_01603	13
AENJPLPP_01604	30
AENJPLPP_01605	12
AENJPLPP_01606	64
AENJPLPP_01607	3
AENJPLPP_01608	25
AENJPLPP_01609	28
AENJPLPP_01610	50
AENJPLPP_01611	6
AENJPLPP_01612	61
AENJPLPP_01613	10
AENJPLPP_01614	11
AENJPLPP_01615	33
AENJPLPP_01616	87
AENJPLPP_01617	11
AENJPLPP_01618	2
AENJPLPP_01619	3
AENJPLPP_01620	0
AENJPLPP_01621	2
AENJPLPP_01622	14
AENJPLPP_01623	36
AENJPLPP_01624	15
AENJPLPP_01625	17
AENJPLPP_01626	46
AENJPLPP_01627	1
AENJPLPP_01628	100
AENJPLPP_01629	199
AENJPLPP_01630	39
AENJPLPP_01631	75
AENJPLPP_01632	1
AENJPLPP_01633	816
AENJPLPP_01634	788
AENJPLPP_01635	14
AENJPLPP_01636	2
AENJPLPP_01637	0
AENJPLPP_01638	1
AENJPLPP_01639	1
AENJPLPP_01640	7
AENJPLPP_01641	10
AENJPLPP_01642	34
AENJPLPP_01643	15
AENJPLPP_01644	23
AENJPLPP_01645	0
AENJPLPP_01646	174
AENJPLPP_01647	18
AENJPLPP_01648	14
AENJPLPP_01649	16
AENJPLPP_01650	11
AENJPLPP_01651	54
AENJPLPP_01652	376
AENJPLPP_01653	266
AENJPLPP_01654	76
AENJPLPP_01655	9
AENJPLPP_01656	15
AENJPLPP_01657	39
AENJPLPP_01658	23
AENJPLPP_01659	3
AENJPLPP_01660	7
AENJPLPP_01661	18
AENJPLPP_01662	12
AENJPLPP_01663	19
AENJPLPP_01664	182
AENJPLPP_01665	36
AENJPLPP_01666	3
AENJPLPP_01667	30
AENJPLPP_01668	7
AENJPLPP_01669	55
AENJPLPP_01670	23
AENJPLPP_01671	75
AENJPLPP_01672	33
AENJPLPP_01673	76
AENJPLPP_01674	78
AENJPLPP_01675	3
AENJPLPP_01676	2
AENJPLPP_01677	14
AENJPLPP_01678	1
AENJPLPP_01679	35
AENJPLPP_01680	46
AENJPLPP_01681	138
AENJPLPP_01682	0
AENJPLPP_01683	99
AENJPLPP_01684	15
AENJPLPP_01685	0
AENJPLPP_01686	1
AENJPLPP_01687	8
AENJPLPP_01688	0
AENJPLPP_01689	0
AENJPLPP_01690	0
AENJPLPP_01691	0
AENJPLPP_01692	3
AENJPLPP_01693	8
AENJPLPP_01694	10
AENJPLPP_01695	2
AENJPLPP_01696	0
AENJPLPP_01697	6
AENJPLPP_01698	3
AENJPLPP_01699	42
AENJPLPP_01700	24
AENJPLPP_01701	1
AENJPLPP_01702	1
AENJPLPP_01703	31
AENJPLPP_01704	4
AENJPLPP_01705	1
AENJPLPP_01706	0
AENJPLPP_01707	0
AENJPLPP_01708	3
AENJPLPP_01709	15
AENJPLPP_01710	1
AENJPLPP_01711	12
AENJPLPP_01712	44
AENJPLPP_01713	44
AENJPLPP_01714	296
AENJPLPP_01715	11
AENJPLPP_01716	3
AENJPLPP_01717	15
AENJPLPP_01718	1
AENJPLPP_01719	8
AENJPLPP_01720	0
AENJPLPP_01721	0
AENJPLPP_01722	0
AENJPLPP_01723	4
AENJPLPP_01724	1
AENJPLPP_01725	1
AENJPLPP_01726	21
AENJPLPP_01727	6
AENJPLPP_01728	1
AENJPLPP_01729	2
AENJPLPP_01730	19
AENJPLPP_01731	15
AENJPLPP_01732	17
AENJPLPP_01733	10
AENJPLPP_01734	8
AENJPLPP_01735	1
AENJPLPP_01736	2
AENJPLPP_01737	20
AENJPLPP_01738	160
AENJPLPP_01739	5
AENJPLPP_01740	2
AENJPLPP_01741	0
AENJPLPP_01742	5
AENJPLPP_01743	20
AENJPLPP_01744	2
AENJPLPP_01745	1
AENJPLPP_01746	24
AENJPLPP_01747	59
AENJPLPP_01748	29
AENJPLPP_01749	4
AENJPLPP_01750	17
AENJPLPP_01751	7
AENJPLPP_01752	0
AENJPLPP_01753	7
AENJPLPP_01754	695
AENJPLPP_01755	25
AENJPLPP_01756	6
AENJPLPP_01757	2
AENJPLPP_01758	4
AENJPLPP_01759	20
AENJPLPP_01760	31
AENJPLPP_01761	3
AENJPLPP_01762	5
AENJPLPP_01763	5
AENJPLPP_01764	3
AENJPLPP_01765	60
AENJPLPP_01766	160
AENJPLPP_01767	15
AENJPLPP_01768	131
AENJPLPP_01769	9
AENJPLPP_01770	7
AENJPLPP_01771	42
AENJPLPP_01772	52
AENJPLPP_01773	3
AENJPLPP_01774	1
AENJPLPP_01775	1
AENJPLPP_01776	8
AENJPLPP_01777	4
AENJPLPP_01778	13
AENJPLPP_01779	2
AENJPLPP_01780	0
AENJPLPP_01781	44
AENJPLPP_01782	102
AENJPLPP_01783	124
AENJPLPP_01784	10
AENJPLPP_01785	44
AENJPLPP_01786	7
AENJPLPP_01787	41
AENJPLPP_01788	2
AENJPLPP_01789	3
AENJPLPP_01790	4
AENJPLPP_01791	1
AENJPLPP_01792	14
AENJPLPP_01793	7
AENJPLPP_01794	11
AENJPLPP_01795	1
AENJPLPP_01796	2
AENJPLPP_01797	18
AENJPLPP_01798	16
AENJPLPP_01799	229
AENJPLPP_01800	5
AENJPLPP_01801	4
AENJPLPP_01802	24
AENJPLPP_01803	12
AENJPLPP_01804	4
AENJPLPP_01805	2
AENJPLPP_01806	13
AENJPLPP_01807	15
AENJPLPP_01808	11
AENJPLPP_01809	1
AENJPLPP_01810	10
AENJPLPP_01811	19
AENJPLPP_01812	13
AENJPLPP_01813	56
AENJPLPP_01814	2
AENJPLPP_01815	9
AENJPLPP_01816	37
AENJPLPP_01817	48
AENJPLPP_01818	28
AENJPLPP_01819	22
AENJPLPP_01820	31
AENJPLPP_01821	26
AENJPLPP_01822	72
AENJPLPP_01823	30
AENJPLPP_01824	49
AENJPLPP_01825	119
AENJPLPP_01826	28
AENJPLPP_01827	90
AENJPLPP_01828	17
AENJPLPP_01829	40
AENJPLPP_01830	38
AENJPLPP_01831	48
AENJPLPP_01832	40
AENJPLPP_01833	36
AENJPLPP_01834	69
AENJPLPP_01835	0
AENJPLPP_01836	0
AENJPLPP_01837	125
AENJPLPP_01838	57
AENJPLPP_01839	118
AENJPLPP_01840	19
AENJPLPP_01841	7
AENJPLPP_01842	21
AENJPLPP_01843	4
AENJPLPP_01844	15
AENJPLPP_01845	4
AENJPLPP_01846	41
AENJPLPP_01847	38
AENJPLPP_01848	4
AENJPLPP_01849	2
AENJPLPP_01850	39
AENJPLPP_01851	34
AENJPLPP_01852	51
AENJPLPP_01853	35
AENJPLPP_01854	21
AENJPLPP_01855	5
AENJPLPP_01856	19
AENJPLPP_01857	3
AENJPLPP_01858	24
AENJPLPP_01859	40
AENJPLPP_01860	0
AENJPLPP_01861	137
AENJPLPP_01862	44
AENJPLPP_01863	19
AENJPLPP_01864	9
AENJPLPP_01865	4
AENJPLPP_01866	1
AENJPLPP_01867	16
AENJPLPP_01868	1
AENJPLPP_01869	41
AENJPLPP_01870	12
AENJPLPP_01871	9
AENJPLPP_01872	7
AENJPLPP_01873	8
AENJPLPP_01874	12
AENJPLPP_01875	8
AENJPLPP_01876	18
AENJPLPP_01877	8
AENJPLPP_01878	1
AENJPLPP_01879	12
AENJPLPP_01880	0
AENJPLPP_01881	0
AENJPLPP_01882	1
AENJPLPP_01883	0
AENJPLPP_01884	18
AENJPLPP_01885	33
AENJPLPP_01886	18
AENJPLPP_01887	124
AENJPLPP_01888	90
AENJPLPP_01889	119
AENJPLPP_01890	3
AENJPLPP_01891	2
AENJPLPP_01892	10
AENJPLPP_01893	20
AENJPLPP_01894	5
AENJPLPP_01895	84
AENJPLPP_01896	18
AENJPLPP_01897	79
AENJPLPP_01898	17
AENJPLPP_01899	18
AENJPLPP_01900	261
AENJPLPP_01901	42
AENJPLPP_01902	87
AENJPLPP_01903	44
AENJPLPP_01904	37
AENJPLPP_01905	70
AENJPLPP_01906	10
AENJPLPP_01907	6
AENJPLPP_01908	130
AENJPLPP_01909	68
AENJPLPP_01910	6
AENJPLPP_01911	31
AENJPLPP_01912	30
AENJPLPP_01913	15
AENJPLPP_01914	37
AENJPLPP_01915	4
AENJPLPP_01916	25
AENJPLPP_01917	8
AENJPLPP_01918	12
AENJPLPP_01919	31
AENJPLPP_01920	18
AENJPLPP_01921	109
AENJPLPP_01922	70
AENJPLPP_01923	59
AENJPLPP_01924	348
AENJPLPP_01925	37
AENJPLPP_01926	9
AENJPLPP_01927	1
AENJPLPP_01928	71
AENJPLPP_01929	4
AENJPLPP_01930	0
AENJPLPP_01931	2
AENJPLPP_01932	1
AENJPLPP_01933	0
AENJPLPP_01934	15
AENJPLPP_01935	16
AENJPLPP_01936	77
AENJPLPP_01937	2
AENJPLPP_01938	17
AENJPLPP_01939	13
AENJPLPP_01940	1
AENJPLPP_01941	6
AENJPLPP_01942	15
AENJPLPP_01943	1
AENJPLPP_01944	14
AENJPLPP_01945	26
AENJPLPP_01946	19
AENJPLPP_01947	35
AENJPLPP_01948	57
AENJPLPP_01949	12
AENJPLPP_01950	141
AENJPLPP_01951	0
AENJPLPP_01952	8
AENJPLPP_01953	39
AENJPLPP_01954	20
AENJPLPP_01955	0
AENJPLPP_01956	7
AENJPLPP_01957	6
AENJPLPP_01958	9
AENJPLPP_01959	17
AENJPLPP_01960	1
AENJPLPP_01961	3
AENJPLPP_01962	7
AENJPLPP_01963	20
AENJPLPP_01964	9
AENJPLPP_01965	14
AENJPLPP_01966	5
AENJPLPP_01967	8
AENJPLPP_01968	6
AENJPLPP_01969	68
AENJPLPP_01970	126
AENJPLPP_01971	31
AENJPLPP_01972	6
AENJPLPP_01973	2
AENJPLPP_01974	1006
AENJPLPP_01975	4
AENJPLPP_01976	15
AENJPLPP_01977	9
AENJPLPP_01978	20
AENJPLPP_01979	332
AENJPLPP_01980	61
AENJPLPP_01981	29
AENJPLPP_01982	18
AENJPLPP_01983	128
AENJPLPP_01984	14
AENJPLPP_01985	25
AENJPLPP_01986	27
AENJPLPP_01987	25
AENJPLPP_01988	38
AENJPLPP_01989	85
AENJPLPP_01990	19
AENJPLPP_01991	48
AENJPLPP_01992	18
AENJPLPP_01993	43
AENJPLPP_01994	9
AENJPLPP_01995	23
AENJPLPP_01996	46
AENJPLPP_01997	39
AENJPLPP_01998	48
AENJPLPP_01999	9
AENJPLPP_02000	8
AENJPLPP_02001	6
AENJPLPP_02002	12
AENJPLPP_02003	64
AENJPLPP_02004	15
AENJPLPP_02005	45
AENJPLPP_02006	5
AENJPLPP_02007	24
AENJPLPP_02008	16
AENJPLPP_02009	38
AENJPLPP_02010	32
AENJPLPP_02011	38
AENJPLPP_02012	48
AENJPLPP_02013	12
AENJPLPP_02014	2
AENJPLPP_02015	6
AENJPLPP_02016	14
AENJPLPP_02017	65
AENJPLPP_02018	22
AENJPLPP_02019	91
AENJPLPP_02020	34
AENJPLPP_02021	11
AENJPLPP_02022	21
AENJPLPP_02023	4
AENJPLPP_02024	22
AENJPLPP_02025	0
AENJPLPP_02026	0
AENJPLPP_02027	9
AENJPLPP_02028	15
AENJPLPP_02029	42
AENJPLPP_02030	41
AENJPLPP_02031	34
AENJPLPP_02032	4
AENJPLPP_02033	12
AENJPLPP_02034	2
AENJPLPP_02035	3
AENJPLPP_02036	4
AENJPLPP_02037	8
AENJPLPP_02038	2
AENJPLPP_02039	2
AENJPLPP_02040	9
AENJPLPP_02041	0
AENJPLPP_02042	16
AENJPLPP_02043	114
AENJPLPP_02044	1
AENJPLPP_02045	147
AENJPLPP_02046	391
AENJPLPP_02047	12
AENJPLPP_02048	20
AENJPLPP_02049	166
AENJPLPP_02050	54
AENJPLPP_02051	24
AENJPLPP_02052	13
AENJPLPP_02053	0
AENJPLPP_02054	3
AENJPLPP_02055	1
AENJPLPP_02056	6
AENJPLPP_02057	60
AENJPLPP_02058	83
AENJPLPP_02059	0
AENJPLPP_02060	20
AENJPLPP_02061	101
AENJPLPP_02062	36
AENJPLPP_02063	47
AENJPLPP_02064	43
AENJPLPP_02065	12
AENJPLPP_02066	26
AENJPLPP_02067	24
AENJPLPP_02068	9
AENJPLPP_02069	23
AENJPLPP_02070	167
AENJPLPP_02071	2
AENJPLPP_02072	5
AENJPLPP_02073	18
AENJPLPP_02074	14
AENJPLPP_02075	58
AENJPLPP_02076	11
AENJPLPP_02077	75
AENJPLPP_02078	12
AENJPLPP_02079	28
AENJPLPP_02080	3
AENJPLPP_02081	38
AENJPLPP_02082	5
AENJPLPP_02083	49
AENJPLPP_02084	44
AENJPLPP_02085	22
AENJPLPP_02086	91
AENJPLPP_02087	87
AENJPLPP_02088	2
AENJPLPP_02089	10
AENJPLPP_02091	3
AENJPLPP_02092	71
AENJPLPP_02093	5
AENJPLPP_02094	89
AENJPLPP_02095	40
AENJPLPP_02096	19
AENJPLPP_02097	110
AENJPLPP_02098	93
AENJPLPP_02099	240
AENJPLPP_02100	62
AENJPLPP_02101	77
AENJPLPP_02102	7
AENJPLPP_02103	1
AENJPLPP_02104	99
AENJPLPP_02105	213
AENJPLPP_02106	13
AENJPLPP_02107	34
AENJPLPP_02108	30
AENJPLPP_02109	2
AENJPLPP_02110	55
AENJPLPP_02111	22
AENJPLPP_02112	9
AENJPLPP_02113	97
AENJPLPP_02114	28
AENJPLPP_02115	108
AENJPLPP_02116	3
AENJPLPP_02117	10
AENJPLPP_02118	92
AENJPLPP_02119	29
AENJPLPP_02120	83
AENJPLPP_02121	27
AENJPLPP_02122	31
AENJPLPP_02123	28
AENJPLPP_02124	93
AENJPLPP_02125	240
AENJPLPP_02126	182
AENJPLPP_02127	430
AENJPLPP_02128	195
AENJPLPP_02129	235
AENJPLPP_02130	191
AENJPLPP_02131	35
AENJPLPP_02132	56
AENJPLPP_02133	9
AENJPLPP_02134	23
AENJPLPP_02135	17
AENJPLPP_02136	41
AENJPLPP_02137	21
AENJPLPP_02138	32
AENJPLPP_02139	32
AENJPLPP_02140	25
AENJPLPP_02141	164
AENJPLPP_02142	1
AENJPLPP_02143	0
AENJPLPP_02144	3
AENJPLPP_02145	49
AENJPLPP_02146	14
AENJPLPP_02148	18
AENJPLPP_02149	337
AENJPLPP_02150	381
AENJPLPP_02151	91
AENJPLPP_02152	15
AENJPLPP_02153	2
AENJPLPP_02154	2
AENJPLPP_02155	25
AENJPLPP_02156	0
AENJPLPP_02157	2
AENJPLPP_02158	13
AENJPLPP_02159	1037
AENJPLPP_02160	30
AENJPLPP_02161	7
AENJPLPP_02162	0
AENJPLPP_02163	9
AENJPLPP_02164	1
AENJPLPP_02165	0
AENJPLPP_02166	0
AENJPLPP_02167	2
AENJPLPP_02168	1
AENJPLPP_02169	3
AENJPLPP_02170	0
AENJPLPP_02171	0
AENJPLPP_02172	0
AENJPLPP_02173	0
AENJPLPP_02174	0
AENJPLPP_02175	0
AENJPLPP_02176	1
AENJPLPP_02177	13
AENJPLPP_02178	0
AENJPLPP_02179	0
AENJPLPP_02180	0
AENJPLPP_02181	1
AENJPLPP_02182	5
AENJPLPP_02183	4
AENJPLPP_02184	0
AENJPLPP_02185	5
AENJPLPP_02186	7
AENJPLPP_02187	2
AENJPLPP_02188	2
AENJPLPP_02189	0
AENJPLPP_02190	0
AENJPLPP_02191	5
AENJPLPP_02192	0
AENJPLPP_02193	43
AENJPLPP_02194	5
AENJPLPP_02195	6
AENJPLPP_02196	26
AENJPLPP_02197	8
AENJPLPP_02198	4
AENJPLPP_02199	0
AENJPLPP_02200	0
AENJPLPP_02201	0
AENJPLPP_02202	0
AENJPLPP_02203	0
AENJPLPP_02205	0
AENJPLPP_02206	0
AENJPLPP_02207	0
AENJPLPP_02208	0
AENJPLPP_02209	0
AENJPLPP_02210	0
AENJPLPP_02211	16
AENJPLPP_02212	15
AENJPLPP_02213	0
AENJPLPP_02214	0
AENJPLPP_02215	7
AENJPLPP_02216	23
AENJPLPP_02217	8
AENJPLPP_02218	36
AENJPLPP_02219	67
AENJPLPP_02220	13
AENJPLPP_02221	2
AENJPLPP_02222	25
AENJPLPP_02223	49
AENJPLPP_02224	32
AENJPLPP_02225	14
AENJPLPP_02226	7
AENJPLPP_02227	2
AENJPLPP_02228	6
AENJPLPP_02229	215
AENJPLPP_02230	0
AENJPLPP_02231	0
AENJPLPP_02232	1
AENJPLPP_02233	11
AENJPLPP_02234	11
AENJPLPP_02235	14
AENJPLPP_02236	0
AENJPLPP_02237	23
AENJPLPP_02238	27
AENJPLPP_02239	69
AENJPLPP_02240	12
AENJPLPP_02241	0
AENJPLPP_02242	2
AENJPLPP_02243	17
AENJPLPP_02244	0
AENJPLPP_02245	31
AENJPLPP_02246	13
AENJPLPP_02247	13
AENJPLPP_02248	69
AENJPLPP_02249	3
AENJPLPP_02250	10
AENJPLPP_02251	23
AENJPLPP_02252	1
AENJPLPP_02253	2
AENJPLPP_02254	0
AENJPLPP_02255	1
AENJPLPP_02256	1
AENJPLPP_02257	20
AENJPLPP_02258	12
AENJPLPP_02259	11
AENJPLPP_02260	8
AENJPLPP_02261	26
AENJPLPP_02262	46
AENJPLPP_02263	41
AENJPLPP_02264	11
AENJPLPP_02265	2
AENJPLPP_02266	97
AENJPLPP_02267	1
AENJPLPP_02268	0
AENJPLPP_02269	9
AENJPLPP_02270	18
AENJPLPP_02271	6
AENJPLPP_02272	10
AENJPLPP_02273	2
AENJPLPP_02274	80
AENJPLPP_02275	44
AENJPLPP_02276	95
AENJPLPP_02277	22
AENJPLPP_02279	44
AENJPLPP_02280	12
AENJPLPP_02281	4
AENJPLPP_02282	60
AENJPLPP_02283	97
AENJPLPP_02284	0
AENJPLPP_02285	1
AENJPLPP_02286	5
AENJPLPP_02287	26
AENJPLPP_02288	39
AENJPLPP_02289	38
AENJPLPP_02290	206
AENJPLPP_02291	4
AENJPLPP_02292	820
AENJPLPP_02293	9477
AENJPLPP_02294	234
AENJPLPP_02295	144
AENJPLPP_02296	355
AENJPLPP_02297	385
AENJPLPP_02298	591
AENJPLPP_02299	102
AENJPLPP_02300	32
AENJPLPP_02301	228
AENJPLPP_02302	8
AENJPLPP_02303	14
AENJPLPP_02304	9
AENJPLPP_02305	1
AENJPLPP_02306	36
AENJPLPP_02307	86
AENJPLPP_02308	755
AENJPLPP_02309	3
AENJPLPP_02310	483
AENJPLPP_02311	60
AENJPLPP_02312	145
AENJPLPP_02313	2
AENJPLPP_02314	3
AENJPLPP_02315	0
AENJPLPP_02316	0
AENJPLPP_02317	0
AENJPLPP_02318	1
AENJPLPP_02319	2
AENJPLPP_02320	1
AENJPLPP_02321	29
AENJPLPP_02322	39
AENJPLPP_02323	30
AENJPLPP_02324	8
AENJPLPP_02325	3
AENJPLPP_02326	85
AENJPLPP_02327	50
AENJPLPP_02328	73
AENJPLPP_02329	4
AENJPLPP_02330	0
AENJPLPP_02331	120
AENJPLPP_02332	1
AENJPLPP_02333	10
AENJPLPP_02334	19
AENJPLPP_02335	18
AENJPLPP_02336	24
AENJPLPP_02337	89
AENJPLPP_02338	9
AENJPLPP_02339	0
AENJPLPP_02340	4
AENJPLPP_02341	24
AENJPLPP_02342	104
AENJPLPP_02343	6
AENJPLPP_02344	1
AENJPLPP_02345	12
AENJPLPP_02346	29
AENJPLPP_02347	19
AENJPLPP_02348	8
AENJPLPP_02349	9
AENJPLPP_02350	28
AENJPLPP_02351	20
AENJPLPP_02352	214
AENJPLPP_02353	8
AENJPLPP_02354	28
AENJPLPP_02356	0
AENJPLPP_02357	1
AENJPLPP_02358	10
AENJPLPP_02359	141
AENJPLPP_02362	20
AENJPLPP_02363	82
AENJPLPP_02364	15
AENJPLPP_02365	10
AENJPLPP_02366	161
AENJPLPP_02367	12
AENJPLPP_02368	25
AENJPLPP_02369	14
AENJPLPP_02370	116
AENJPLPP_02371	12
AENJPLPP_02372	3
AENJPLPP_02373	15
AENJPLPP_02374	10
AENJPLPP_02375	110
AENJPLPP_02376	25
AENJPLPP_02377	5
AENJPLPP_02378	4
AENJPLPP_02379	65
AENJPLPP_02380	132
AENJPLPP_02381	1
AENJPLPP_02382	14
AENJPLPP_02383	17
AENJPLPP_02384	0
AENJPLPP_02385	10
AENJPLPP_02386	44
AENJPLPP_02387	9
AENJPLPP_02388	5
AENJPLPP_02389	16
AENJPLPP_02390	110
AENJPLPP_02391	180
AENJPLPP_02392	8
AENJPLPP_02393	47
AENJPLPP_02394	10
AENJPLPP_02395	12
AENJPLPP_02396	6
AENJPLPP_02397	3
AENJPLPP_02398	9
AENJPLPP_02399	5
AENJPLPP_02400	15
AENJPLPP_02401	66
AENJPLPP_02402	57
AENJPLPP_02403	18
AENJPLPP_02404	3
AENJPLPP_02405	0
AENJPLPP_02406	3
AENJPLPP_02407	7
AENJPLPP_02408	246
AENJPLPP_02409	12
AENJPLPP_02410	8
AENJPLPP_02412	26
AENJPLPP_02413	30
AENJPLPP_02414	149
AENJPLPP_02415	107
AENJPLPP_02416	456
AENJPLPP_02417	6
AENJPLPP_02418	0
AENJPLPP_02419	0
AENJPLPP_02420	2
AENJPLPP_02421	2
AENJPLPP_02422	0
AENJPLPP_02423	0
AENJPLPP_02424	2
AENJPLPP_02425	3
AENJPLPP_02426	0
AENJPLPP_02427	0
AENJPLPP_02428	0
AENJPLPP_02429	6
AENJPLPP_02430	1
AENJPLPP_02431	22
AENJPLPP_02432	93
AENJPLPP_02433	47
AENJPLPP_02434	0
AENJPLPP_02435	9
AENJPLPP_02436	4
AENJPLPP_02437	3
AENJPLPP_02438	18
AENJPLPP_02439	24
AENJPLPP_02440	5
AENJPLPP_02441	4
AENJPLPP_02442	3
AENJPLPP_02443	0
AENJPLPP_02444	0
AENJPLPP_02445	20
AENJPLPP_02446	22
AENJPLPP_02447	20
AENJPLPP_02448	5
AENJPLPP_02449	17
AENJPLPP_02450	23
AENJPLPP_02451	101
AENJPLPP_02452	3
AENJPLPP_02453	3
AENJPLPP_02454	10
AENJPLPP_02455	74
AENJPLPP_02456	15
AENJPLPP_02457	23
AENJPLPP_02458	31
AENJPLPP_02459	81
AENJPLPP_02460	219
AENJPLPP_02461	386
AENJPLPP_02462	22
AENJPLPP_02463	59
AENJPLPP_02464	5
AENJPLPP_02465	22
AENJPLPP_02466	55
AENJPLPP_02467	15
AENJPLPP_02468	121
AENJPLPP_02469	235
AENJPLPP_02470	56
AENJPLPP_02471	40
AENJPLPP_02472	17
AENJPLPP_02473	0
AENJPLPP_02474	2
AENJPLPP_02475	52
AENJPLPP_02476	4
AENJPLPP_02477	40
AENJPLPP_02478	111
AENJPLPP_02479	25
AENJPLPP_02480	6
AENJPLPP_02481	90
AENJPLPP_02482	2
AENJPLPP_02483	10
AENJPLPP_02484	19
AENJPLPP_02486	11
AENJPLPP_02487	17
AENJPLPP_02488	434
AENJPLPP_02489	200
AENJPLPP_02490	271
AENJPLPP_02491	305
AENJPLPP_02492	2
AENJPLPP_02493	2
AENJPLPP_02494	17
AENJPLPP_02495	36
AENJPLPP_02496	72
AENJPLPP_02497	41
AENJPLPP_02498	19
AENJPLPP_02499	15
AENJPLPP_02500	6
AENJPLPP_02501	12
AENJPLPP_02502	132
AENJPLPP_02503	21
AENJPLPP_02504	34
AENJPLPP_02505	11
AENJPLPP_02506	21
AENJPLPP_02507	25
AENJPLPP_02508	117
AENJPLPP_02509	97
AENJPLPP_02510	136
AENJPLPP_02511	47
AENJPLPP_02512	12
AENJPLPP_02513	87
AENJPLPP_02514	3
AENJPLPP_02515	1
AENJPLPP_02516	5
AENJPLPP_02517	2
AENJPLPP_02518	4
AENJPLPP_02521	18
AENJPLPP_02522	52
AENJPLPP_02523	90
AENJPLPP_02524	0
AENJPLPP_02525	7
AENJPLPP_02526	2
AENJPLPP_02527	6
AENJPLPP_02528	233
AENJPLPP_02529	193
AENJPLPP_02530	28
AENJPLPP_02531	35
AENJPLPP_02532	91
AENJPLPP_02533	45
AENJPLPP_02534	12
AENJPLPP_02535	27
AENJPLPP_02536	28
AENJPLPP_02537	47
AENJPLPP_02538	39
AENJPLPP_02539	63
AENJPLPP_02540	6
AENJPLPP_02541	8
AENJPLPP_02542	66
AENJPLPP_02543	45
AENJPLPP_02544	14
AENJPLPP_02545	0
AENJPLPP_02546	23
AENJPLPP_02547	22
AENJPLPP_02548	140
AENJPLPP_02549	72
AENJPLPP_02550	20
AENJPLPP_02551	147
AENJPLPP_02552	160
AENJPLPP_02553	67
AENJPLPP_02554	323
AENJPLPP_02555	1
AENJPLPP_02556	0
AENJPLPP_02557	22
AENJPLPP_02558	38
AENJPLPP_02559	7
AENJPLPP_02560	48
AENJPLPP_02561	17
AENJPLPP_02562	6
AENJPLPP_02563	20
AENJPLPP_02564	21
AENJPLPP_02565	16
AENJPLPP_02566	9
AENJPLPP_02567	30
AENJPLPP_02568	57
AENJPLPP_02569	4
AENJPLPP_02570	22
AENJPLPP_02571	5
AENJPLPP_02572	79
AENJPLPP_02573	112
AENJPLPP_02574	72
AENJPLPP_02575	28
AENJPLPP_02576	99
AENJPLPP_02577	7
AENJPLPP_02578	7
AENJPLPP_02579	70
AENJPLPP_02580	18
AENJPLPP_02581	0
AENJPLPP_02582	23
AENJPLPP_02583	3
AENJPLPP_02584	9
AENJPLPP_02585	26
AENJPLPP_02586	17
AENJPLPP_02587	2
AENJPLPP_02588	30
AENJPLPP_02589	7
AENJPLPP_02590	10
AENJPLPP_02591	21
AENJPLPP_02592	23
AENJPLPP_02593	9
AENJPLPP_02594	1
AENJPLPP_02595	5
AENJPLPP_02596	1
AENJPLPP_02597	29
AENJPLPP_02598	48
AENJPLPP_02599	11
AENJPLPP_02600	93
AENJPLPP_02601	20
AENJPLPP_02602	30
AENJPLPP_02603	6
AENJPLPP_02604	4
AENJPLPP_02605	2
AENJPLPP_02606	1
AENJPLPP_02607	1
AENJPLPP_02608	1
AENJPLPP_02609	29
AENJPLPP_02610	15
AENJPLPP_02611	9
AENJPLPP_02612	100
AENJPLPP_02613	38
AENJPLPP_02614	19
AENJPLPP_02615	33
AENJPLPP_02616	20
AENJPLPP_02617	0
AENJPLPP_02618	102
AENJPLPP_02619	2
AENJPLPP_02620	0
AENJPLPP_02621	88
AENJPLPP_02622	12
AENJPLPP_02623	18
AENJPLPP_02624	26
AENJPLPP_02625	55
AENJPLPP_02626	2
AENJPLPP_02627	1
AENJPLPP_02628	7
AENJPLPP_02629	14
AENJPLPP_02630	76
AENJPLPP_02631	1
AENJPLPP_02632	2
AENJPLPP_02633	5
AENJPLPP_02634	0
AENJPLPP_02635	26
AENJPLPP_02636	37
AENJPLPP_02637	27
AENJPLPP_02638	29
AENJPLPP_02639	2
AENJPLPP_02640	4
AENJPLPP_02641	8
AENJPLPP_02642	2
AENJPLPP_02643	0
AENJPLPP_02644	15
AENJPLPP_02645	75
AENJPLPP_02646	70
AENJPLPP_02647	0
AENJPLPP_02648	0
AENJPLPP_02649	2
AENJPLPP_02650	0
AENJPLPP_02651	0
AENJPLPP_02652	6
AENJPLPP_02653	1
AENJPLPP_02654	17
AENJPLPP_02655	47
AENJPLPP_02656	0
AENJPLPP_02657	0
AENJPLPP_02658	12
AENJPLPP_02659	119
AENJPLPP_02660	1
AENJPLPP_02661	11
AENJPLPP_02662	0
AENJPLPP_02663	72
AENJPLPP_02664	29
AENJPLPP_02665	104
AENJPLPP_02666	20
AENJPLPP_02667	24
AENJPLPP_02668	17
AENJPLPP_02669	65
AENJPLPP_02670	2
AENJPLPP_02671	0
AENJPLPP_02672	23
AENJPLPP_02673	29
AENJPLPP_02674	13
AENJPLPP_02675	17
AENJPLPP_02676	7
AENJPLPP_02677	17
AENJPLPP_02678	23
AENJPLPP_02679	0
AENJPLPP_02680	1
AENJPLPP_02681	0
AENJPLPP_02682	0
AENJPLPP_02683	0
AENJPLPP_02684	0
AENJPLPP_02685	0
AENJPLPP_02686	0
AENJPLPP_02687	1
AENJPLPP_02688	0
AENJPLPP_02689	1
AENJPLPP_02690	0
AENJPLPP_02691	0
AENJPLPP_02692	0
AENJPLPP_02693	13
AENJPLPP_02694	15
AENJPLPP_02695	1
AENJPLPP_02696	8
AENJPLPP_02697	0
AENJPLPP_02698	2
AENJPLPP_02699	0
AENJPLPP_02700	6
AENJPLPP_02701	4
AENJPLPP_02702	3
AENJPLPP_02703	48
AENJPLPP_02704	16
AENJPLPP_02705	5
AENJPLPP_02706	0
AENJPLPP_02707	5
AENJPLPP_02708	7
AENJPLPP_02709	1
AENJPLPP_02710	5
AENJPLPP_02711	0
AENJPLPP_02712	5
AENJPLPP_02713	5
AENJPLPP_02714	0
AENJPLPP_02715	1
AENJPLPP_02716	0
AENJPLPP_02717	0
AENJPLPP_02718	0
AENJPLPP_02719	2
AENJPLPP_02720	0
AENJPLPP_02721	0
AENJPLPP_02722	0
AENJPLPP_02723	12
AENJPLPP_02724	1
AENJPLPP_02725	1
AENJPLPP_02726	46
AENJPLPP_02727	11
AENJPLPP_02728	16
AENJPLPP_02729	1
AENJPLPP_02730	12
AENJPLPP_02731	2
AENJPLPP_02732	2
AENJPLPP_02733	5
AENJPLPP_02734	4
AENJPLPP_02735	44
AENJPLPP_02736	12
AENJPLPP_02737	6
AENJPLPP_02738	2
AENJPLPP_02739	18
AENJPLPP_02740	7
AENJPLPP_02741	7
AENJPLPP_02742	8
AENJPLPP_02743	0
AENJPLPP_02744	7
AENJPLPP_02745	3
AENJPLPP_02746	0
AENJPLPP_02747	2
AENJPLPP_02748	5
AENJPLPP_02749	1
AENJPLPP_02750	11
AENJPLPP_02751	19
AENJPLPP_02752	23
AENJPLPP_02753	2
AENJPLPP_02754	1
AENJPLPP_02756	0
AENJPLPP_02757	1
AENJPLPP_02758	37
AENJPLPP_02759	130
AENJPLPP_02760	2
AENJPLPP_02761	0
AENJPLPP_02762	0
AENJPLPP_02763	3
AENJPLPP_02764	6
AENJPLPP_02765	6
AENJPLPP_02766	4
AENJPLPP_02767	24
AENJPLPP_02768	3
AENJPLPP_02769	8
AENJPLPP_02770	1
AENJPLPP_02771	21
AENJPLPP_02772	24
AENJPLPP_02773	0
AENJPLPP_02774	3
AENJPLPP_02775	20
AENJPLPP_02776	10
AENJPLPP_02777	0
AENJPLPP_02778	2
AENJPLPP_02779	1
AENJPLPP_02780	0
AENJPLPP_02781	0
AENJPLPP_02782	0
AENJPLPP_02783	0
AENJPLPP_02784	10
AENJPLPP_02785	9
AENJPLPP_02786	6
AENJPLPP_02787	0
AENJPLPP_02788	9
AENJPLPP_02789	0
AENJPLPP_02790	0
AENJPLPP_02791	0
AENJPLPP_02792	3
AENJPLPP_02793	4
AENJPLPP_02794	13
AENJPLPP_02795	36
AENJPLPP_02796	4
AENJPLPP_02797	6
AENJPLPP_02798	3
AENJPLPP_02799	0
AENJPLPP_02800	10
AENJPLPP_02801	35
AENJPLPP_02802	0
AENJPLPP_02803	0
AENJPLPP_02804	0
AENJPLPP_02805	4
AENJPLPP_02806	5
AENJPLPP_02807	2
AENJPLPP_02808	1
AENJPLPP_02809	16
AENJPLPP_02810	8
AENJPLPP_02811	5
AENJPLPP_02812	6
AENJPLPP_02813	11
AENJPLPP_02814	64
AENJPLPP_02815	2
AENJPLPP_02816	29
AENJPLPP_02817	3
AENJPLPP_02818	3
AENJPLPP_02819	0
AENJPLPP_02820	0
AENJPLPP_02821	1
AENJPLPP_02822	4
AENJPLPP_02823	51
AENJPLPP_02824	0
AENJPLPP_02825	1
AENJPLPP_02826	6
AENJPLPP_02827	7
AENJPLPP_02828	29
AENJPLPP_02829	0
AENJPLPP_02830	12
AENJPLPP_02831	7
AENJPLPP_02832	95
AENJPLPP_02833	47
AENJPLPP_02834	79
AENJPLPP_02835	1
AENJPLPP_02836	0
AENJPLPP_02837	6
AENJPLPP_02838	1
AENJPLPP_02839	0
AENJPLPP_02840	22
AENJPLPP_02841	20
AENJPLPP_02842	5
AENJPLPP_02843	12
AENJPLPP_02844	6
AENJPLPP_02845	23
AENJPLPP_02846	0
AENJPLPP_02847	17
AENJPLPP_02848	210
AENJPLPP_02849	56
AENJPLPP_02850	219
AENJPLPP_02851	98
AENJPLPP_02852	44
AENJPLPP_02853	16
AENJPLPP_02854	7
AENJPLPP_02855	0
AENJPLPP_02856	2
AENJPLPP_02857	9
AENJPLPP_02858	2
AENJPLPP_02859	120
AENJPLPP_02860	39
AENJPLPP_02861	2
AENJPLPP_02862	75
AENJPLPP_02863	64
AENJPLPP_02864	0
AENJPLPP_02865	1
AENJPLPP_02866	1
AENJPLPP_02867	0
AENJPLPP_02868	24
AENJPLPP_02869	1
AENJPLPP_02870	0
AENJPLPP_02871	112
AENJPLPP_02872	1801
AENJPLPP_02873	121
AENJPLPP_02874	39
AENJPLPP_02875	40
AENJPLPP_02876	13
AENJPLPP_02877	2
AENJPLPP_02878	45
AENJPLPP_02879	135
AENJPLPP_02880	95
AENJPLPP_02881	127
AENJPLPP_02882	163
AENJPLPP_02883	12
AENJPLPP_02884	18
AENJPLPP_02885	6
AENJPLPP_02886	8
AENJPLPP_02887	33
AENJPLPP_02888	3
AENJPLPP_02889	4
AENJPLPP_02890	7
AENJPLPP_02891	3
AENJPLPP_02892	1
AENJPLPP_02893	0
AENJPLPP_02894	6
AENJPLPP_02895	7
AENJPLPP_02896	6
AENJPLPP_02897	4
AENJPLPP_02898	393
AENJPLPP_02899	0
AENJPLPP_02900	3
AENJPLPP_02901	1
AENJPLPP_02902	10
AENJPLPP_02903	0
AENJPLPP_02904	1
AENJPLPP_02905	21
AENJPLPP_02906	1
AENJPLPP_02907	11
AENJPLPP_02908	26
AENJPLPP_02909	25
AENJPLPP_02910	18
AENJPLPP_02911	11
AENJPLPP_02912	0
AENJPLPP_02913	31
AENJPLPP_02914	4
AENJPLPP_02915	164
AENJPLPP_02916	44
AENJPLPP_02917	14
AENJPLPP_02918	0
AENJPLPP_02919	2
AENJPLPP_02920	13
AENJPLPP_02921	6
AENJPLPP_02922	1
AENJPLPP_02923	33
AENJPLPP_02924	17
AENJPLPP_02925	4
AENJPLPP_02926	45
AENJPLPP_02927	60
AENJPLPP_02928	307
AENJPLPP_02929	0
AENJPLPP_02930	98
AENJPLPP_02931	3
AENJPLPP_02932	3
AENJPLPP_02933	0
AENJPLPP_02934	8
AENJPLPP_02935	0
AENJPLPP_02936	15
AENJPLPP_02937	57
AENJPLPP_02938	1
AENJPLPP_02939	40
AENJPLPP_02940	21
AENJPLPP_02941	103
AENJPLPP_02942	2
AENJPLPP_02943	15
AENJPLPP_02944	66
AENJPLPP_02945	0
AENJPLPP_02946	1
AENJPLPP_02947	1
AENJPLPP_02948	2
AENJPLPP_02949	3
AENJPLPP_02950	12
AENJPLPP_02951	25
AENJPLPP_02952	16
AENJPLPP_02953	7
AENJPLPP_02954	17
AENJPLPP_02955	3
AENJPLPP_02956	12
AENJPLPP_02957	14
AENJPLPP_02958	10
AENJPLPP_02959	35
AENJPLPP_02960	4
AENJPLPP_02961	4
AENJPLPP_02962	125
AENJPLPP_02963	1
AENJPLPP_02964	0
AENJPLPP_02965	50
AENJPLPP_02966	22
AENJPLPP_02967	19
AENJPLPP_02968	7
AENJPLPP_02969	0
AENJPLPP_02970	7
AENJPLPP_02971	3
AENJPLPP_02972	2
AENJPLPP_02973	3
AENJPLPP_02974	5
AENJPLPP_02975	3
AENJPLPP_02976	0
AENJPLPP_02977	1
AENJPLPP_02978	1
AENJPLPP_02979	0
AENJPLPP_02980	0
AENJPLPP_02981	0
AENJPLPP_02982	74
AENJPLPP_02983	1
AENJPLPP_02984	12
AENJPLPP_02985	13
AENJPLPP_02986	0
AENJPLPP_02987	1
AENJPLPP_02988	0
AENJPLPP_02989	2
AENJPLPP_02990	15
AENJPLPP_02991	169
AENJPLPP_02992	149
AENJPLPP_02993	32
AENJPLPP_02994	5
AENJPLPP_02995	44
AENJPLPP_02996	587
AENJPLPP_02997	90
AENJPLPP_02998	34
AENJPLPP_02999	12
AENJPLPP_03000	19
AENJPLPP_03001	7
AENJPLPP_03002	2
AENJPLPP_03003	29
AENJPLPP_03004	27
AENJPLPP_03005	0
AENJPLPP_03006	30
AENJPLPP_03007	21
AENJPLPP_03008	0
AENJPLPP_03009	0
AENJPLPP_03010	1
AENJPLPP_03011	1
AENJPLPP_03012	1
AENJPLPP_03013	0
AENJPLPP_03014	41
AENJPLPP_03015	1
AENJPLPP_03016	0
AENJPLPP_03017	5
AENJPLPP_03018	1
AENJPLPP_03019	1
AENJPLPP_03020	1
AENJPLPP_03021	4
AENJPLPP_03022	6
AENJPLPP_03023	3
AENJPLPP_03024	23
AENJPLPP_03025	20
AENJPLPP_03026	0
AENJPLPP_03027	0
AENJPLPP_03028	0
AENJPLPP_03029	0
AENJPLPP_03030	0
AENJPLPP_03031	0
AENJPLPP_03032	0
AENJPLPP_03033	0
AENJPLPP_03034	0
AENJPLPP_03035	0
AENJPLPP_03036	0
AENJPLPP_03037	0
AENJPLPP_03038	0
AENJPLPP_03039	0
AENJPLPP_03040	0
AENJPLPP_03041	0
AENJPLPP_03042	0
AENJPLPP_03043	1
AENJPLPP_03044	1
AENJPLPP_03045	0
AENJPLPP_03046	0
AENJPLPP_03047	19
AENJPLPP_03048	480
AENJPLPP_03049	661
AENJPLPP_03050	244
AENJPLPP_03051	0
AENJPLPP_03052	24
AENJPLPP_03053	3
AENJPLPP_03054	2
AENJPLPP_03055	0
AENJPLPP_03056	76
AENJPLPP_03057	6
AENJPLPP_03058	14
AENJPLPP_03059	1378
AENJPLPP_03060	352
AENJPLPP_03061	18
AENJPLPP_03062	8
AENJPLPP_03063	8
AENJPLPP_03064	401
AENJPLPP_03065	80
AENJPLPP_03066	1
AENJPLPP_03067	26
AENJPLPP_03068	65
AENJPLPP_03069	30
AENJPLPP_03070	164
AENJPLPP_03071	67
AENJPLPP_03072	7
AENJPLPP_03073	4
AENJPLPP_03074	10
AENJPLPP_03075	16
AENJPLPP_03076	34
AENJPLPP_03077	44
AENJPLPP_03078	13
AENJPLPP_03079	107
AENJPLPP_03080	5
AENJPLPP_03081	0
AENJPLPP_03082	0
AENJPLPP_03083	0
AENJPLPP_03084	0
AENJPLPP_03085	0
AENJPLPP_03086	0
AENJPLPP_03087	0
AENJPLPP_03088	0
AENJPLPP_03089	0
AENJPLPP_03090	0
AENJPLPP_03091	0
AENJPLPP_03092	0
AENJPLPP_03093	0
AENJPLPP_03094	0
AENJPLPP_03095	1
AENJPLPP_03096	2
AENJPLPP_03097	0
AENJPLPP_03098	0
AENJPLPP_03099	0
AENJPLPP_03100	15
AENJPLPP_03101	7
AENJPLPP_03102	0
AENJPLPP_03103	5
AENJPLPP_03104	1
AENJPLPP_03105	1
AENJPLPP_03106	3
AENJPLPP_03107	1
AENJPLPP_03108	0
AENJPLPP_03109	1
AENJPLPP_03110	1
AENJPLPP_03111	0
AENJPLPP_03112	0
AENJPLPP_03113	0
AENJPLPP_03114	0
AENJPLPP_03115	14
AENJPLPP_03116	0
AENJPLPP_03117	0
AENJPLPP_03118	2
AENJPLPP_03119	22
AENJPLPP_03120	15
AENJPLPP_03121	3
AENJPLPP_03122	3
AENJPLPP_03123	12
AENJPLPP_03124	119
AENJPLPP_03125	17
AENJPLPP_03126	6
AENJPLPP_03127	0
AENJPLPP_03128	0
AENJPLPP_03129	0
AENJPLPP_03130	0
AENJPLPP_03131	0
AENJPLPP_03132	0
AENJPLPP_03133	16
AENJPLPP_03134	0
AENJPLPP_03135	0
AENJPLPP_03136	5
AENJPLPP_03137	3
AENJPLPP_03138	0
AENJPLPP_03139	0
AENJPLPP_03140	1
AENJPLPP_03141	0
AENJPLPP_03142	2
AENJPLPP_03143	2
AENJPLPP_03144	0
AENJPLPP_03145	3
AENJPLPP_03146	0
AENJPLPP_03147	0
AENJPLPP_03148	0
AENJPLPP_03149	1
AENJPLPP_03150	0
AENJPLPP_03151	2
AENJPLPP_03152	0
AENJPLPP_03153	3
AENJPLPP_03154	1
AENJPLPP_03155	10
AENJPLPP_03156	7
AENJPLPP_03157	0
AENJPLPP_03158	0
AENJPLPP_03159	1
AENJPLPP_03160	1
AENJPLPP_03161	2
AENJPLPP_03162	0
AENJPLPP_03163	0
AENJPLPP_03164	2
AENJPLPP_03165	8
AENJPLPP_03166	0
AENJPLPP_03167	0
AENJPLPP_03168	9
AENJPLPP_03169	0
AENJPLPP_03170	0
AENJPLPP_03171	0
AENJPLPP_03172	0
AENJPLPP_03173	0
AENJPLPP_03174	8
AENJPLPP_03175	0
AENJPLPP_03176	1
AENJPLPP_03177	0
AENJPLPP_03178	145
AENJPLPP_03179	120
AENJPLPP_03180	130
AENJPLPP_03181	0
AENJPLPP_03182	0
AENJPLPP_03183	0
AENJPLPP_03184	0
AENJPLPP_03185	0
AENJPLPP_03186	0
AENJPLPP_03187	0
AENJPLPP_03188	0
AENJPLPP_03189	0
__no_feature	14011321
__ambiguous	6857
__too_low_aQual	281396
__not_aligned	241037
__alignment_not_unique	0
