AENJPLPP_00001	10
AENJPLPP_00003	15
AENJPLPP_00004	5
AENJPLPP_00005	10
AENJPLPP_00006	6
AENJPLPP_00007	2
AENJPLPP_00008	0
AENJPLPP_00009	16
AENJPLPP_00010	80
AENJPLPP_00011	13
AENJPLPP_00012	5
AENJPLPP_00013	13
AENJPLPP_00014	30
AENJPLPP_00015	52
AENJPLPP_00016	105
AENJPLPP_00017	0
AENJPLPP_00018	1
AENJPLPP_00019	0
AENJPLPP_00020	0
AENJPLPP_00021	126
AENJPLPP_00022	0
AENJPLPP_00023	0
AENJPLPP_00024	1
AENJPLPP_00025	15
AENJPLPP_00026	7
AENJPLPP_00027	0
AENJPLPP_00028	0
AENJPLPP_00029	0
AENJPLPP_00030	0
AENJPLPP_00031	22
AENJPLPP_00032	8
AENJPLPP_00034	4
AENJPLPP_00035	6
AENJPLPP_00036	9
AENJPLPP_00037	6
AENJPLPP_00038	10
AENJPLPP_00039	2
AENJPLPP_00040	0
AENJPLPP_00041	1
AENJPLPP_00042	72
AENJPLPP_00043	251
AENJPLPP_00044	23
AENJPLPP_00045	8
AENJPLPP_00046	0
AENJPLPP_00047	4
AENJPLPP_00048	0
AENJPLPP_00049	0
AENJPLPP_00050	1
AENJPLPP_00051	4
AENJPLPP_00052	0
AENJPLPP_00053	1
AENJPLPP_00054	0
AENJPLPP_00055	0
AENJPLPP_00056	10
AENJPLPP_00057	3
AENJPLPP_00058	217
AENJPLPP_00059	1
AENJPLPP_00060	1
AENJPLPP_00061	3
AENJPLPP_00062	1
AENJPLPP_00063	0
AENJPLPP_00064	2
AENJPLPP_00065	6
AENJPLPP_00066	2
AENJPLPP_00067	4
AENJPLPP_00068	7
AENJPLPP_00069	0
AENJPLPP_00070	7
AENJPLPP_00071	0
AENJPLPP_00072	3
AENJPLPP_00073	2
AENJPLPP_00074	1
AENJPLPP_00075	4
AENJPLPP_00076	0
AENJPLPP_00077	7
AENJPLPP_00078	0
AENJPLPP_00079	0
AENJPLPP_00080	0
AENJPLPP_00081	0
AENJPLPP_00082	3
AENJPLPP_00083	2
AENJPLPP_00084	1
AENJPLPP_00085	11
AENJPLPP_00086	1
AENJPLPP_00087	0
AENJPLPP_00088	10
AENJPLPP_00089	0
AENJPLPP_00090	2
AENJPLPP_00091	0
AENJPLPP_00092	101
AENJPLPP_00093	62
AENJPLPP_00094	4
AENJPLPP_00095	50
AENJPLPP_00096	15
AENJPLPP_00097	1
AENJPLPP_00098	1
AENJPLPP_00099	2
AENJPLPP_00100	7
AENJPLPP_00101	31
AENJPLPP_00102	6
AENJPLPP_00103	114
AENJPLPP_00104	9
AENJPLPP_00105	2
AENJPLPP_00106	117
AENJPLPP_00107	1
AENJPLPP_00108	77
AENJPLPP_00109	67
AENJPLPP_00110	16
AENJPLPP_00111	14
AENJPLPP_00112	12
AENJPLPP_00113	16
AENJPLPP_00114	21
AENJPLPP_00115	7
AENJPLPP_00116	632
AENJPLPP_00117	53
AENJPLPP_00118	7
AENJPLPP_00119	200
AENJPLPP_00120	19
AENJPLPP_00121	1
AENJPLPP_00122	19
AENJPLPP_00123	18
AENJPLPP_00124	211
AENJPLPP_00125	128
AENJPLPP_00126	62
AENJPLPP_00127	47
AENJPLPP_00128	7
AENJPLPP_00129	13
AENJPLPP_00130	48
AENJPLPP_00131	70
AENJPLPP_00132	124
AENJPLPP_00133	42
AENJPLPP_00134	76
AENJPLPP_00135	44
AENJPLPP_00136	52
AENJPLPP_00137	366
AENJPLPP_00138	44
AENJPLPP_00139	1
AENJPLPP_00140	34
AENJPLPP_00141	46
AENJPLPP_00142	34
AENJPLPP_00143	29
AENJPLPP_00144	19
AENJPLPP_00145	4
AENJPLPP_00146	2
AENJPLPP_00147	8
AENJPLPP_00148	0
AENJPLPP_00149	11
AENJPLPP_00150	4
AENJPLPP_00151	1
AENJPLPP_00152	0
AENJPLPP_00153	18
AENJPLPP_00154	72
AENJPLPP_00155	51
AENJPLPP_00156	238
AENJPLPP_00157	44
AENJPLPP_00158	0
AENJPLPP_00159	120
AENJPLPP_00160	147
AENJPLPP_00161	25
AENJPLPP_00162	130
AENJPLPP_00163	87
AENJPLPP_00164	65
AENJPLPP_00165	34
AENJPLPP_00166	142
AENJPLPP_00167	12
AENJPLPP_00168	1
AENJPLPP_00169	2
AENJPLPP_00170	2
AENJPLPP_00171	7
AENJPLPP_00172	1
AENJPLPP_00173	0
AENJPLPP_00174	0
AENJPLPP_00175	14
AENJPLPP_00176	9
AENJPLPP_00177	96
AENJPLPP_00178	34
AENJPLPP_00179	68
AENJPLPP_00180	109
AENJPLPP_00181	75
AENJPLPP_00182	45
AENJPLPP_00183	20
AENJPLPP_00184	11
AENJPLPP_00185	9
AENJPLPP_00186	225
AENJPLPP_00187	65
AENJPLPP_00188	19
AENJPLPP_00189	6
AENJPLPP_00190	1
AENJPLPP_00191	2
AENJPLPP_00192	68
AENJPLPP_00193	463
AENJPLPP_00194	162
AENJPLPP_00195	51
AENJPLPP_00196	65
AENJPLPP_00197	79
AENJPLPP_00198	24
AENJPLPP_00199	37
AENJPLPP_00200	139
AENJPLPP_00201	141
AENJPLPP_00202	72
AENJPLPP_00203	16
AENJPLPP_00204	23
AENJPLPP_00205	35
AENJPLPP_00206	2
AENJPLPP_00207	1
AENJPLPP_00208	2
AENJPLPP_00209	10
AENJPLPP_00210	37
AENJPLPP_00211	14
AENJPLPP_00212	30
AENJPLPP_00213	27
AENJPLPP_00214	10
AENJPLPP_00215	104
AENJPLPP_00216	191
AENJPLPP_00217	23
AENJPLPP_00218	11
AENJPLPP_00219	4
AENJPLPP_00220	20
AENJPLPP_00221	3
AENJPLPP_00222	0
AENJPLPP_00223	2
AENJPLPP_00224	0
AENJPLPP_00225	8
AENJPLPP_00226	25
AENJPLPP_00227	180
AENJPLPP_00228	11
AENJPLPP_00229	16
AENJPLPP_00230	276
AENJPLPP_00231	2
AENJPLPP_00232	0
AENJPLPP_00233	15
AENJPLPP_00234	1
AENJPLPP_00235	27
AENJPLPP_00236	81
AENJPLPP_00237	52
AENJPLPP_00238	54
AENJPLPP_00239	9
AENJPLPP_00240	25
AENJPLPP_00241	34
AENJPLPP_00242	5
AENJPLPP_00243	15
AENJPLPP_00244	29
AENJPLPP_00245	21
AENJPLPP_00246	76
AENJPLPP_00247	2
AENJPLPP_00248	28
AENJPLPP_00249	7
AENJPLPP_00250	0
AENJPLPP_00251	7
AENJPLPP_00252	0
AENJPLPP_00253	2
AENJPLPP_00254	5
AENJPLPP_00255	13
AENJPLPP_00256	3
AENJPLPP_00257	7
AENJPLPP_00258	27
AENJPLPP_00259	13
AENJPLPP_00260	10
AENJPLPP_00261	27
AENJPLPP_00262	43
AENJPLPP_00263	4
AENJPLPP_00264	0
AENJPLPP_00265	0
AENJPLPP_00266	16
AENJPLPP_00267	4
AENJPLPP_00268	6
AENJPLPP_00269	7
AENJPLPP_00270	4
AENJPLPP_00271	0
AENJPLPP_00272	7
AENJPLPP_00273	9
AENJPLPP_00274	0
AENJPLPP_00275	1
AENJPLPP_00276	22
AENJPLPP_00277	19
AENJPLPP_00278	3
AENJPLPP_00279	3
AENJPLPP_00280	0
AENJPLPP_00281	2
AENJPLPP_00282	1
AENJPLPP_00283	1
AENJPLPP_00284	11
AENJPLPP_00285	25
AENJPLPP_00286	11
AENJPLPP_00287	2
AENJPLPP_00288	1
AENJPLPP_00289	1
AENJPLPP_00290	0
AENJPLPP_00291	1
AENJPLPP_00292	0
AENJPLPP_00293	0
AENJPLPP_00294	1
AENJPLPP_00295	2
AENJPLPP_00296	0
AENJPLPP_00297	0
AENJPLPP_00298	0
AENJPLPP_00299	1
AENJPLPP_00300	1
AENJPLPP_00301	18
AENJPLPP_00302	18
AENJPLPP_00303	3
AENJPLPP_00304	1
AENJPLPP_00305	12
AENJPLPP_00306	3
AENJPLPP_00308	0
AENJPLPP_00309	0
AENJPLPP_00310	1
AENJPLPP_00311	1
AENJPLPP_00312	2
AENJPLPP_00313	13
AENJPLPP_00314	4
AENJPLPP_00315	5
AENJPLPP_00316	11
AENJPLPP_00317	26
AENJPLPP_00318	1
AENJPLPP_00319	4
AENJPLPP_00320	2
AENJPLPP_00321	0
AENJPLPP_00322	20
AENJPLPP_00323	4
AENJPLPP_00324	5
AENJPLPP_00325	2
AENJPLPP_00326	0
AENJPLPP_00327	13
AENJPLPP_00328	32
AENJPLPP_00329	2
AENJPLPP_00330	2
AENJPLPP_00331	67
AENJPLPP_00332	2
AENJPLPP_00333	4
AENJPLPP_00334	29
AENJPLPP_00335	3
AENJPLPP_00336	520
AENJPLPP_00337	6
AENJPLPP_00338	23
AENJPLPP_00339	1516
AENJPLPP_00340	85
AENJPLPP_00341	27
AENJPLPP_00342	10
AENJPLPP_00343	1
AENJPLPP_00344	102
AENJPLPP_00345	59
AENJPLPP_00346	0
AENJPLPP_00347	16
AENJPLPP_00348	3
AENJPLPP_00349	15
AENJPLPP_00350	12
AENJPLPP_00351	10
AENJPLPP_00352	84
AENJPLPP_00353	13
AENJPLPP_00354	7
AENJPLPP_00355	3
AENJPLPP_00356	2
AENJPLPP_00357	0
AENJPLPP_00358	7
AENJPLPP_00359	47
AENJPLPP_00360	23
AENJPLPP_00361	12
AENJPLPP_00362	70
AENJPLPP_00363	49
AENJPLPP_00364	43
AENJPLPP_00365	35
AENJPLPP_00366	18
AENJPLPP_00367	8
AENJPLPP_00368	7
AENJPLPP_00369	28
AENJPLPP_00370	36
AENJPLPP_00371	26
AENJPLPP_00372	36
AENJPLPP_00373	34
AENJPLPP_00374	12
AENJPLPP_00375	20
AENJPLPP_00376	42
AENJPLPP_00377	9
AENJPLPP_00378	2
AENJPLPP_00379	10
AENJPLPP_00380	29
AENJPLPP_00381	1
AENJPLPP_00382	143
AENJPLPP_00383	86
AENJPLPP_00384	16
AENJPLPP_00385	48
AENJPLPP_00386	135
AENJPLPP_00387	9
AENJPLPP_00388	28
AENJPLPP_00389	201
AENJPLPP_00390	75
AENJPLPP_00391	9
AENJPLPP_00392	2
AENJPLPP_00393	15
AENJPLPP_00394	5
AENJPLPP_00395	1
AENJPLPP_00396	2
AENJPLPP_00397	0
AENJPLPP_00398	2
AENJPLPP_00399	2
AENJPLPP_00400	1
AENJPLPP_00401	0
AENJPLPP_00402	45
AENJPLPP_00403	22
AENJPLPP_00404	7
AENJPLPP_00405	37
AENJPLPP_00406	151
AENJPLPP_00407	4
AENJPLPP_00408	46
AENJPLPP_00409	17
AENJPLPP_00410	7
AENJPLPP_00411	1
AENJPLPP_00412	6
AENJPLPP_00413	2
AENJPLPP_00414	3
AENJPLPP_00415	1
AENJPLPP_00416	0
AENJPLPP_00417	17
AENJPLPP_00418	0
AENJPLPP_00419	1
AENJPLPP_00420	2
AENJPLPP_00421	34
AENJPLPP_00422	2
AENJPLPP_00423	43
AENJPLPP_00424	11
AENJPLPP_00425	2
AENJPLPP_00426	6
AENJPLPP_00427	59
AENJPLPP_00428	9
AENJPLPP_00429	0
AENJPLPP_00430	123
AENJPLPP_00431	78
AENJPLPP_00432	11
AENJPLPP_00433	15
AENJPLPP_00434	6
AENJPLPP_00435	14
AENJPLPP_00436	23
AENJPLPP_00437	2
AENJPLPP_00438	15
AENJPLPP_00439	30
AENJPLPP_00440	3
AENJPLPP_00441	13
AENJPLPP_00442	6
AENJPLPP_00443	5
AENJPLPP_00444	17
AENJPLPP_00445	40
AENJPLPP_00446	76
AENJPLPP_00447	3
AENJPLPP_00448	2
AENJPLPP_00449	19
AENJPLPP_00450	3
AENJPLPP_00451	13
AENJPLPP_00452	145
AENJPLPP_00453	35
AENJPLPP_00454	30
AENJPLPP_00455	143
AENJPLPP_00456	6
AENJPLPP_00457	98
AENJPLPP_00458	96
AENJPLPP_00459	2
AENJPLPP_00460	21
AENJPLPP_00461	1
AENJPLPP_00462	2
AENJPLPP_00463	0
AENJPLPP_00464	13
AENJPLPP_00465	176
AENJPLPP_00466	330
AENJPLPP_00467	40
AENJPLPP_00468	5
AENJPLPP_00469	107
AENJPLPP_00470	186
AENJPLPP_00471	0
AENJPLPP_00472	11
AENJPLPP_00473	18
AENJPLPP_00474	11
AENJPLPP_00475	219
AENJPLPP_00476	1
AENJPLPP_00477	2
AENJPLPP_00478	91
AENJPLPP_00479	4
AENJPLPP_00480	48
AENJPLPP_00481	9
AENJPLPP_00482	21
AENJPLPP_00483	88
AENJPLPP_00484	8
AENJPLPP_00485	15
AENJPLPP_00486	62
AENJPLPP_00487	19
AENJPLPP_00488	108
AENJPLPP_00489	14
AENJPLPP_00490	24
AENJPLPP_00491	18
AENJPLPP_00492	44
AENJPLPP_00493	79
AENJPLPP_00494	16
AENJPLPP_00495	29
AENJPLPP_00496	0
AENJPLPP_00497	13
AENJPLPP_00498	98
AENJPLPP_00499	16
AENJPLPP_00500	50
AENJPLPP_00501	95
AENJPLPP_00502	58
AENJPLPP_00503	8
AENJPLPP_00504	4
AENJPLPP_00505	24
AENJPLPP_00506	13
AENJPLPP_00507	25
AENJPLPP_00508	10
AENJPLPP_00509	34
AENJPLPP_00510	48
AENJPLPP_00511	79
AENJPLPP_00512	158
AENJPLPP_00513	92
AENJPLPP_00514	5
AENJPLPP_00515	114
AENJPLPP_00516	26
AENJPLPP_00517	25
AENJPLPP_00518	0
AENJPLPP_00519	25
AENJPLPP_00520	11
AENJPLPP_00521	6
AENJPLPP_00522	7
AENJPLPP_00523	0
AENJPLPP_00524	93
AENJPLPP_00525	51
AENJPLPP_00527	14
AENJPLPP_00528	3
AENJPLPP_00529	0
AENJPLPP_00530	8
AENJPLPP_00531	2
AENJPLPP_00532	12
AENJPLPP_00533	3
AENJPLPP_00534	1
AENJPLPP_00535	14
AENJPLPP_00537	4
AENJPLPP_00538	24
AENJPLPP_00539	43
AENJPLPP_00540	40
AENJPLPP_00541	35
AENJPLPP_00542	38
AENJPLPP_00543	6
AENJPLPP_00544	26
AENJPLPP_00545	110
AENJPLPP_00546	6
AENJPLPP_00547	11
AENJPLPP_00548	23
AENJPLPP_00549	13
AENJPLPP_00550	9
AENJPLPP_00551	1
AENJPLPP_00552	1
AENJPLPP_00553	1
AENJPLPP_00554	1
AENJPLPP_00555	43
AENJPLPP_00556	2
AENJPLPP_00557	7
AENJPLPP_00558	9
AENJPLPP_00559	51
AENJPLPP_00560	22
AENJPLPP_00561	107
AENJPLPP_00562	81
AENJPLPP_00563	9
AENJPLPP_00564	16
AENJPLPP_00565	92
AENJPLPP_00566	13
AENJPLPP_00567	6
AENJPLPP_00568	174
AENJPLPP_00569	57
AENJPLPP_00570	52
AENJPLPP_00571	83
AENJPLPP_00572	7
AENJPLPP_00573	22
AENJPLPP_00574	0
AENJPLPP_00575	1
AENJPLPP_00576	1
AENJPLPP_00577	2
AENJPLPP_00578	8
AENJPLPP_00579	42
AENJPLPP_00580	10
AENJPLPP_00581	0
AENJPLPP_00582	14
AENJPLPP_00583	6
AENJPLPP_00584	10
AENJPLPP_00585	6
AENJPLPP_00586	2
AENJPLPP_00587	2
AENJPLPP_00588	1
AENJPLPP_00589	2
AENJPLPP_00590	7
AENJPLPP_00591	34
AENJPLPP_00592	12
AENJPLPP_00593	7
AENJPLPP_00594	54
AENJPLPP_00595	10
AENJPLPP_00596	1
AENJPLPP_00597	5
AENJPLPP_00598	1
AENJPLPP_00599	0
AENJPLPP_00600	2
AENJPLPP_00601	34
AENJPLPP_00602	12
AENJPLPP_00603	46
AENJPLPP_00604	19
AENJPLPP_00605	13
AENJPLPP_00606	25
AENJPLPP_00607	3
AENJPLPP_00608	28
AENJPLPP_00609	48
AENJPLPP_00610	8
AENJPLPP_00611	0
AENJPLPP_00612	1
AENJPLPP_00613	52
AENJPLPP_00614	4
AENJPLPP_00615	33
AENJPLPP_00616	10
AENJPLPP_00617	34
AENJPLPP_00618	0
AENJPLPP_00620	39
AENJPLPP_00621	26
AENJPLPP_00622	6
AENJPLPP_00623	17
AENJPLPP_00624	43
AENJPLPP_00625	6
AENJPLPP_00626	10
AENJPLPP_00627	17
AENJPLPP_00628	11
AENJPLPP_00629	22
AENJPLPP_00630	9
AENJPLPP_00631	17
AENJPLPP_00632	16
AENJPLPP_00633	1
AENJPLPP_00634	19
AENJPLPP_00635	25
AENJPLPP_00636	1
AENJPLPP_00637	94
AENJPLPP_00638	33
AENJPLPP_00639	5
AENJPLPP_00640	2
AENJPLPP_00641	7
AENJPLPP_00642	2
AENJPLPP_00643	27
AENJPLPP_00644	14
AENJPLPP_00645	77
AENJPLPP_00646	24
AENJPLPP_00647	38
AENJPLPP_00648	299
AENJPLPP_00649	120
AENJPLPP_00650	4
AENJPLPP_00651	156
AENJPLPP_00652	41
AENJPLPP_00653	35
AENJPLPP_00654	51
AENJPLPP_00655	24
AENJPLPP_00656	42
AENJPLPP_00657	33
AENJPLPP_00658	181
AENJPLPP_00659	133
AENJPLPP_00660	28
AENJPLPP_00661	20
AENJPLPP_00662	3
AENJPLPP_00663	151
AENJPLPP_00664	22
AENJPLPP_00665	2
AENJPLPP_00666	21
AENJPLPP_00667	23
AENJPLPP_00668	45
AENJPLPP_00669	53
AENJPLPP_00670	36
AENJPLPP_00671	15
AENJPLPP_00672	23
AENJPLPP_00673	46
AENJPLPP_00674	39
AENJPLPP_00675	18
AENJPLPP_00676	25
AENJPLPP_00677	19
AENJPLPP_00678	8
AENJPLPP_00679	54
AENJPLPP_00680	53
AENJPLPP_00681	35
AENJPLPP_00682	5
AENJPLPP_00683	67
AENJPLPP_00684	116
AENJPLPP_00685	127
AENJPLPP_00686	70
AENJPLPP_00687	41
AENJPLPP_00688	5
AENJPLPP_00689	1
AENJPLPP_00690	4
AENJPLPP_00691	37
AENJPLPP_00692	46
AENJPLPP_00693	77
AENJPLPP_00694	9
AENJPLPP_00695	18
AENJPLPP_00696	7
AENJPLPP_00697	35
AENJPLPP_00698	3
AENJPLPP_00699	18
AENJPLPP_00700	0
AENJPLPP_00701	7
AENJPLPP_00702	33
AENJPLPP_00703	163
AENJPLPP_00704	0
AENJPLPP_00705	143
AENJPLPP_00706	92
AENJPLPP_00707	116
AENJPLPP_00708	10
AENJPLPP_00709	1
AENJPLPP_00710	3
AENJPLPP_00711	46
AENJPLPP_00712	31
AENJPLPP_00713	16
AENJPLPP_00714	14
AENJPLPP_00715	26
AENJPLPP_00716	1
AENJPLPP_00717	51
AENJPLPP_00718	160
AENJPLPP_00719	41
AENJPLPP_00720	73
AENJPLPP_00721	2
AENJPLPP_00722	108
AENJPLPP_00723	53
AENJPLPP_00724	22
AENJPLPP_00725	11
AENJPLPP_00726	31
AENJPLPP_00727	4
AENJPLPP_00728	3
AENJPLPP_00729	2
AENJPLPP_00730	4
AENJPLPP_00731	2
AENJPLPP_00732	7
AENJPLPP_00733	7
AENJPLPP_00734	2
AENJPLPP_00735	0
AENJPLPP_00736	0
AENJPLPP_00737	0
AENJPLPP_00738	0
AENJPLPP_00739	0
AENJPLPP_00740	4
AENJPLPP_00741	7
AENJPLPP_00742	24
AENJPLPP_00743	1
AENJPLPP_00744	3
AENJPLPP_00745	2
AENJPLPP_00746	25
AENJPLPP_00747	1
AENJPLPP_00748	2
AENJPLPP_00749	6
AENJPLPP_00750	5
AENJPLPP_00751	2
AENJPLPP_00752	2
AENJPLPP_00753	0
AENJPLPP_00754	1
AENJPLPP_00755	0
AENJPLPP_00756	0
AENJPLPP_00757	0
AENJPLPP_00758	4
AENJPLPP_00759	0
AENJPLPP_00760	6
AENJPLPP_00761	3
AENJPLPP_00762	4
AENJPLPP_00763	2
AENJPLPP_00764	1
AENJPLPP_00765	1
AENJPLPP_00766	0
AENJPLPP_00767	5
AENJPLPP_00768	0
AENJPLPP_00769	1
AENJPLPP_00770	3
AENJPLPP_00771	13
AENJPLPP_00772	14
AENJPLPP_00773	0
AENJPLPP_00774	2
AENJPLPP_00775	0
AENJPLPP_00776	1
AENJPLPP_00777	0
AENJPLPP_00778	0
AENJPLPP_00779	0
AENJPLPP_00796	44
AENJPLPP_00797	16
AENJPLPP_00798	128
AENJPLPP_00799	21
AENJPLPP_00800	104
AENJPLPP_00801	35
AENJPLPP_00802	268
AENJPLPP_00803	185
AENJPLPP_00804	71
AENJPLPP_00805	100
AENJPLPP_00806	84
AENJPLPP_00807	0
AENJPLPP_00808	209
AENJPLPP_00809	109
AENJPLPP_00810	0
AENJPLPP_00811	90
AENJPLPP_00812	7
AENJPLPP_00813	217
AENJPLPP_00814	6
AENJPLPP_00815	12
AENJPLPP_00816	98
AENJPLPP_00817	23
AENJPLPP_00818	0
AENJPLPP_00819	65
AENJPLPP_00820	231
AENJPLPP_00821	39
AENJPLPP_00822	84
AENJPLPP_00823	130
AENJPLPP_00824	91
AENJPLPP_00825	27
AENJPLPP_00826	305
AENJPLPP_00827	43
AENJPLPP_00828	723
AENJPLPP_00829	154
AENJPLPP_00830	439
AENJPLPP_00831	34
AENJPLPP_00832	75
AENJPLPP_00833	300
AENJPLPP_00834	292
AENJPLPP_00835	207
AENJPLPP_00836	58
AENJPLPP_00837	334
AENJPLPP_00838	109
AENJPLPP_00839	15
AENJPLPP_00840	27
AENJPLPP_00841	41
AENJPLPP_00842	33
AENJPLPP_00843	132
AENJPLPP_00844	1156
AENJPLPP_00845	254
AENJPLPP_00846	122
AENJPLPP_00847	4
AENJPLPP_00848	8
AENJPLPP_00849	121
AENJPLPP_00850	87
AENJPLPP_00851	28
AENJPLPP_00852	37
AENJPLPP_00853	39
AENJPLPP_00854	71
AENJPLPP_00855	19
AENJPLPP_00856	53
AENJPLPP_00857	2
AENJPLPP_00858	18
AENJPLPP_00859	40
AENJPLPP_00860	26
AENJPLPP_00861	43
AENJPLPP_00862	3
AENJPLPP_00863	10
AENJPLPP_00864	41
AENJPLPP_00865	55
AENJPLPP_00866	0
AENJPLPP_00867	0
AENJPLPP_00868	0
AENJPLPP_00869	12
AENJPLPP_00870	76
AENJPLPP_00871	11
AENJPLPP_00872	107
AENJPLPP_00873	21
AENJPLPP_00874	125
AENJPLPP_00875	47
AENJPLPP_00876	21
AENJPLPP_00877	0
AENJPLPP_00878	167
AENJPLPP_00879	19
AENJPLPP_00880	100
AENJPLPP_00881	22
AENJPLPP_00882	14
AENJPLPP_00883	30
AENJPLPP_00884	50
AENJPLPP_00885	37
AENJPLPP_00886	71
AENJPLPP_00887	71
AENJPLPP_00888	16
AENJPLPP_00889	21
AENJPLPP_00890	7
AENJPLPP_00891	47
AENJPLPP_00892	0
AENJPLPP_00893	227
AENJPLPP_00894	39
AENJPLPP_00895	35
AENJPLPP_00896	40
AENJPLPP_00897	33
AENJPLPP_00898	87
AENJPLPP_00899	29
AENJPLPP_00900	169
AENJPLPP_00901	22
AENJPLPP_00902	28
AENJPLPP_00903	107
AENJPLPP_00904	22
AENJPLPP_00905	34
AENJPLPP_00906	41
AENJPLPP_00907	91
AENJPLPP_00908	77
AENJPLPP_00909	86
AENJPLPP_00910	18
AENJPLPP_00911	49
AENJPLPP_00912	9
AENJPLPP_00913	0
AENJPLPP_00914	0
AENJPLPP_00915	0
AENJPLPP_00916	0
AENJPLPP_00917	0
AENJPLPP_00918	0
AENJPLPP_00920	0
AENJPLPP_00921	0
AENJPLPP_00922	0
AENJPLPP_00923	0
AENJPLPP_00924	0
AENJPLPP_00925	0
AENJPLPP_00926	0
AENJPLPP_00927	0
AENJPLPP_00928	0
AENJPLPP_00929	2
AENJPLPP_00930	5
AENJPLPP_00931	0
AENJPLPP_00932	0
AENJPLPP_00933	0
AENJPLPP_00934	0
AENJPLPP_00935	0
AENJPLPP_00936	0
AENJPLPP_00937	0
AENJPLPP_00938	0
AENJPLPP_00939	0
AENJPLPP_00940	2
AENJPLPP_00941	19
AENJPLPP_00942	3
AENJPLPP_00943	2
AENJPLPP_00944	0
AENJPLPP_00945	2
AENJPLPP_00946	3
AENJPLPP_00947	3
AENJPLPP_00948	1
AENJPLPP_00949	0
AENJPLPP_00950	1
AENJPLPP_00951	22
AENJPLPP_00952	0
AENJPLPP_00953	0
AENJPLPP_00954	0
AENJPLPP_00955	0
AENJPLPP_00956	0
AENJPLPP_00957	0
AENJPLPP_00958	0
AENJPLPP_00959	0
AENJPLPP_00960	1
AENJPLPP_00961	1
AENJPLPP_00962	6
AENJPLPP_00963	0
AENJPLPP_00964	0
AENJPLPP_00965	1
AENJPLPP_00966	1
AENJPLPP_00967	1
AENJPLPP_00968	2
AENJPLPP_00969	0
AENJPLPP_00970	0
AENJPLPP_00971	2
AENJPLPP_00972	1
AENJPLPP_00973	0
AENJPLPP_00974	1
AENJPLPP_00975	0
AENJPLPP_00976	1
AENJPLPP_00977	3
AENJPLPP_00978	14
AENJPLPP_00979	79
AENJPLPP_00980	20
AENJPLPP_00981	4
AENJPLPP_00982	5
AENJPLPP_00983	1
AENJPLPP_00984	7
AENJPLPP_00985	15
AENJPLPP_00986	159
AENJPLPP_00987	66
AENJPLPP_00988	6
AENJPLPP_00989	46
AENJPLPP_00990	9
AENJPLPP_00991	33
AENJPLPP_00992	52
AENJPLPP_00993	49
AENJPLPP_00994	173
AENJPLPP_00995	33
AENJPLPP_00996	39
AENJPLPP_00997	19
AENJPLPP_00999	3
AENJPLPP_01000	5
AENJPLPP_01001	9
AENJPLPP_01002	1
AENJPLPP_01003	6
AENJPLPP_01004	134
AENJPLPP_01005	66
AENJPLPP_01006	3
AENJPLPP_01007	0
AENJPLPP_01008	25
AENJPLPP_01009	4
AENJPLPP_01010	8
AENJPLPP_01011	266
AENJPLPP_01012	40
AENJPLPP_01013	98
AENJPLPP_01014	45
AENJPLPP_01015	5
AENJPLPP_01016	69
AENJPLPP_01017	1
AENJPLPP_01018	12
AENJPLPP_01019	4
AENJPLPP_01020	110
AENJPLPP_01021	646
AENJPLPP_01022	103
AENJPLPP_01023	290
AENJPLPP_01024	11
AENJPLPP_01025	23
AENJPLPP_01026	146
AENJPLPP_01027	17
AENJPLPP_01028	129
AENJPLPP_01029	0
AENJPLPP_01030	5
AENJPLPP_01031	90
AENJPLPP_01032	51
AENJPLPP_01033	32
AENJPLPP_01034	83
AENJPLPP_01035	52
AENJPLPP_01036	4
AENJPLPP_01037	6
AENJPLPP_01038	0
AENJPLPP_01039	5
AENJPLPP_01040	40
AENJPLPP_01041	22
AENJPLPP_01042	5
AENJPLPP_01043	10
AENJPLPP_01044	159
AENJPLPP_01045	75
AENJPLPP_01046	69
AENJPLPP_01047	21
AENJPLPP_01048	16
AENJPLPP_01049	10
AENJPLPP_01050	8
AENJPLPP_01051	0
AENJPLPP_01052	0
AENJPLPP_01053	76
AENJPLPP_01054	0
AENJPLPP_01055	18
AENJPLPP_01056	18
AENJPLPP_01057	35
AENJPLPP_01058	71
AENJPLPP_01059	24
AENJPLPP_01060	29
AENJPLPP_01061	16
AENJPLPP_01062	28
AENJPLPP_01063	11
AENJPLPP_01064	14
AENJPLPP_01065	185
AENJPLPP_01066	120
AENJPLPP_01067	266
AENJPLPP_01068	26
AENJPLPP_01069	31
AENJPLPP_01070	34
AENJPLPP_01071	17
AENJPLPP_01072	254
AENJPLPP_01073	1
AENJPLPP_01074	13
AENJPLPP_01075	2
AENJPLPP_01076	14
AENJPLPP_01077	154
AENJPLPP_01078	2
AENJPLPP_01079	42
AENJPLPP_01080	0
AENJPLPP_01081	14
AENJPLPP_01082	60
AENJPLPP_01083	24
AENJPLPP_01084	1
AENJPLPP_01085	1
AENJPLPP_01086	0
AENJPLPP_01087	1
AENJPLPP_01088	3
AENJPLPP_01089	1
AENJPLPP_01090	2
AENJPLPP_01091	20
AENJPLPP_01092	21
AENJPLPP_01093	21
AENJPLPP_01094	19
AENJPLPP_01095	6
AENJPLPP_01096	5
AENJPLPP_01097	12
AENJPLPP_01098	58
AENJPLPP_01099	23
AENJPLPP_01100	42
AENJPLPP_01101	20
AENJPLPP_01102	4
AENJPLPP_01103	1
AENJPLPP_01104	3
AENJPLPP_01105	3
AENJPLPP_01106	2
AENJPLPP_01107	3
AENJPLPP_01108	2
AENJPLPP_01109	3
AENJPLPP_01110	1
AENJPLPP_01111	1
AENJPLPP_01112	1
AENJPLPP_01113	0
AENJPLPP_01114	3
AENJPLPP_01115	2
AENJPLPP_01116	5
AENJPLPP_01117	1
AENJPLPP_01118	4
AENJPLPP_01119	25
AENJPLPP_01120	39
AENJPLPP_01121	47
AENJPLPP_01122	193
AENJPLPP_01123	115
AENJPLPP_01124	27
AENJPLPP_01125	101
AENJPLPP_01126	30
AENJPLPP_01127	3
AENJPLPP_01128	6
AENJPLPP_01129	6
AENJPLPP_01130	12
AENJPLPP_01131	68
AENJPLPP_01132	8
AENJPLPP_01133	10
AENJPLPP_01134	17
AENJPLPP_01135	1
AENJPLPP_01136	2
AENJPLPP_01137	2
AENJPLPP_01138	40
AENJPLPP_01139	30
AENJPLPP_01140	4
AENJPLPP_01141	39
AENJPLPP_01142	65
AENJPLPP_01143	4
AENJPLPP_01144	1
AENJPLPP_01145	5
AENJPLPP_01146	0
AENJPLPP_01147	3
AENJPLPP_01148	18
AENJPLPP_01149	11
AENJPLPP_01150	8
AENJPLPP_01151	0
AENJPLPP_01152	50
AENJPLPP_01153	290
AENJPLPP_01154	612
AENJPLPP_01155	167
AENJPLPP_01156	192
AENJPLPP_01157	109
AENJPLPP_01158	67
AENJPLPP_01159	82
AENJPLPP_01160	24
AENJPLPP_01161	48
AENJPLPP_01162	58
AENJPLPP_01163	7
AENJPLPP_01164	5
AENJPLPP_01165	7
AENJPLPP_01166	0
AENJPLPP_01167	87
AENJPLPP_01194	0
AENJPLPP_01195	239
AENJPLPP_01196	21
AENJPLPP_01197	31
AENJPLPP_01198	124
AENJPLPP_01199	109
AENJPLPP_01200	15
AENJPLPP_01201	145
AENJPLPP_01202	131
AENJPLPP_01203	7
AENJPLPP_01204	33
AENJPLPP_01205	161
AENJPLPP_01206	6
AENJPLPP_01207	397
AENJPLPP_01208	155
AENJPLPP_01209	20
AENJPLPP_01210	5
AENJPLPP_01211	143
AENJPLPP_01212	200
AENJPLPP_01213	6
AENJPLPP_01214	80
AENJPLPP_01215	93
AENJPLPP_01216	20
AENJPLPP_01217	32
AENJPLPP_01218	292
AENJPLPP_01219	45
AENJPLPP_01220	90
AENJPLPP_01221	67
AENJPLPP_01222	39
AENJPLPP_01223	69
AENJPLPP_01224	25
AENJPLPP_01225	626
AENJPLPP_01226	4
AENJPLPP_01227	33
AENJPLPP_01228	4
AENJPLPP_01229	13
AENJPLPP_01230	60
AENJPLPP_01231	29
AENJPLPP_01232	139
AENJPLPP_01233	121
AENJPLPP_01234	21
AENJPLPP_01235	4
AENJPLPP_01236	6
AENJPLPP_01237	25
AENJPLPP_01238	25
AENJPLPP_01239	34
AENJPLPP_01240	23
AENJPLPP_01241	89
AENJPLPP_01242	58
AENJPLPP_01243	56
AENJPLPP_01244	28
AENJPLPP_01245	56
AENJPLPP_01246	8
AENJPLPP_01247	19
AENJPLPP_01248	33
AENJPLPP_01249	9
AENJPLPP_01250	6
AENJPLPP_01251	1
AENJPLPP_01252	61
AENJPLPP_01253	34
AENJPLPP_01254	1
AENJPLPP_01255	132
AENJPLPP_01256	28
AENJPLPP_01257	214
AENJPLPP_01258	30
AENJPLPP_01259	36
AENJPLPP_01260	14
AENJPLPP_01261	29
AENJPLPP_01262	112
AENJPLPP_01263	40
AENJPLPP_01264	4
AENJPLPP_01265	2
AENJPLPP_01266	0
AENJPLPP_01267	17
AENJPLPP_01268	20
AENJPLPP_01269	15
AENJPLPP_01270	0
AENJPLPP_01271	11
AENJPLPP_01272	15
AENJPLPP_01273	105
AENJPLPP_01274	20
AENJPLPP_01275	8
AENJPLPP_01276	18
AENJPLPP_01277	13
AENJPLPP_01278	22
AENJPLPP_01279	0
AENJPLPP_01280	5
AENJPLPP_01281	3
AENJPLPP_01282	3
AENJPLPP_01283	10
AENJPLPP_01284	1
AENJPLPP_01285	0
AENJPLPP_01286	8
AENJPLPP_01287	9
AENJPLPP_01288	105
AENJPLPP_01289	30
AENJPLPP_01290	13
AENJPLPP_01291	50
AENJPLPP_01292	3
AENJPLPP_01293	39
AENJPLPP_01294	12
AENJPLPP_01295	31
AENJPLPP_01296	3
AENJPLPP_01297	3
AENJPLPP_01298	3
AENJPLPP_01299	21
AENJPLPP_01300	1
AENJPLPP_01301	0
AENJPLPP_01302	1
AENJPLPP_01303	4
AENJPLPP_01304	0
AENJPLPP_01305	0
AENJPLPP_01306	5
AENJPLPP_01307	3
AENJPLPP_01308	0
AENJPLPP_01309	0
AENJPLPP_01310	0
AENJPLPP_01311	1
AENJPLPP_01312	0
AENJPLPP_01313	0
AENJPLPP_01314	0
AENJPLPP_01315	0
AENJPLPP_01316	5
AENJPLPP_01317	3
AENJPLPP_01318	11
AENJPLPP_01319	37
AENJPLPP_01320	7
AENJPLPP_01321	14
AENJPLPP_01322	4
AENJPLPP_01323	7
AENJPLPP_01324	26
AENJPLPP_01325	24
AENJPLPP_01326	6
AENJPLPP_01327	2
AENJPLPP_01328	6
AENJPLPP_01329	0
AENJPLPP_01330	45
AENJPLPP_01331	4
AENJPLPP_01332	92
AENJPLPP_01333	11
AENJPLPP_01334	8
AENJPLPP_01335	0
AENJPLPP_01336	8
AENJPLPP_01337	2
AENJPLPP_01338	1
AENJPLPP_01339	3
AENJPLPP_01340	0
AENJPLPP_01341	1
AENJPLPP_01342	22
AENJPLPP_01343	7
AENJPLPP_01344	0
AENJPLPP_01345	1
AENJPLPP_01346	11
AENJPLPP_01347	2
AENJPLPP_01348	1
AENJPLPP_01349	1
AENJPLPP_01350	0
AENJPLPP_01351	10
AENJPLPP_01352	7
AENJPLPP_01353	9
AENJPLPP_01354	0
AENJPLPP_01355	5
AENJPLPP_01356	12
AENJPLPP_01357	67
AENJPLPP_01358	272
AENJPLPP_01359	350
AENJPLPP_01360	51
AENJPLPP_01361	54
AENJPLPP_01362	45
AENJPLPP_01363	19
AENJPLPP_01364	5
AENJPLPP_01365	10
AENJPLPP_01366	2
AENJPLPP_01367	0
AENJPLPP_01368	0
AENJPLPP_01369	14
AENJPLPP_01370	15
AENJPLPP_01371	4
AENJPLPP_01372	7
AENJPLPP_01373	18
AENJPLPP_01374	461
AENJPLPP_01375	406
AENJPLPP_01376	7
AENJPLPP_01377	30
AENJPLPP_01378	0
AENJPLPP_01379	68
AENJPLPP_01380	35
AENJPLPP_01381	203
AENJPLPP_01382	59
AENJPLPP_01383	64
AENJPLPP_01384	11
AENJPLPP_01385	71
AENJPLPP_01386	30
AENJPLPP_01387	34
AENJPLPP_01388	7
AENJPLPP_01389	98
AENJPLPP_01390	36
AENJPLPP_01391	23
AENJPLPP_01392	88
AENJPLPP_01393	4
AENJPLPP_01403	21
AENJPLPP_01404	15
AENJPLPP_01405	31
AENJPLPP_01406	109
AENJPLPP_01407	35
AENJPLPP_01408	52
AENJPLPP_01409	10
AENJPLPP_01410	47
AENJPLPP_01411	42
AENJPLPP_01412	66
AENJPLPP_01413	103
AENJPLPP_01414	16
AENJPLPP_01415	30
AENJPLPP_01416	13
AENJPLPP_01417	110
AENJPLPP_01418	80
AENJPLPP_01419	11
AENJPLPP_01420	3
AENJPLPP_01421	38
AENJPLPP_01422	20
AENJPLPP_01423	4
AENJPLPP_01424	172
AENJPLPP_01425	135
AENJPLPP_01426	252
AENJPLPP_01427	101
AENJPLPP_01428	146
AENJPLPP_01429	8
AENJPLPP_01430	0
AENJPLPP_01431	82
AENJPLPP_01432	13
AENJPLPP_01433	27
AENJPLPP_01434	39
AENJPLPP_01435	54
AENJPLPP_01436	65
AENJPLPP_01437	29
AENJPLPP_01438	28
AENJPLPP_01439	37
AENJPLPP_01440	38
AENJPLPP_01441	9
AENJPLPP_01442	0
AENJPLPP_01443	6
AENJPLPP_01444	70
AENJPLPP_01445	81
AENJPLPP_01446	2
AENJPLPP_01447	5
AENJPLPP_01448	3
AENJPLPP_01449	11
AENJPLPP_01450	11
AENJPLPP_01451	35
AENJPLPP_01452	3
AENJPLPP_01453	1
AENJPLPP_01454	7
AENJPLPP_01455	49
AENJPLPP_01456	289
AENJPLPP_01457	28
AENJPLPP_01458	49
AENJPLPP_01459	12
AENJPLPP_01460	71
AENJPLPP_01461	274
AENJPLPP_01462	43
AENJPLPP_01463	673
AENJPLPP_01464	133
AENJPLPP_01465	140
AENJPLPP_01466	50
AENJPLPP_01467	237
AENJPLPP_01468	147
AENJPLPP_01469	162
AENJPLPP_01470	388
AENJPLPP_01471	56
AENJPLPP_01472	21
AENJPLPP_01473	189
AENJPLPP_01474	297
AENJPLPP_01475	1750
AENJPLPP_01476	1145
AENJPLPP_01477	516
AENJPLPP_01478	242
AENJPLPP_01479	102
AENJPLPP_01480	77
AENJPLPP_01481	265
AENJPLPP_01482	41
AENJPLPP_01483	4030
AENJPLPP_01484	612
AENJPLPP_01485	226
AENJPLPP_01486	102
AENJPLPP_01487	445
AENJPLPP_01488	269
AENJPLPP_01489	170
AENJPLPP_01490	231
AENJPLPP_01491	823
AENJPLPP_01492	141
AENJPLPP_01493	158
AENJPLPP_01494	120
AENJPLPP_01495	297
AENJPLPP_01496	48
AENJPLPP_01497	91
AENJPLPP_01498	859
AENJPLPP_01499	500
AENJPLPP_01500	885
AENJPLPP_01501	31
AENJPLPP_01502	191
AENJPLPP_01503	128
AENJPLPP_01504	426
AENJPLPP_01505	115
AENJPLPP_01506	56
AENJPLPP_01507	26
AENJPLPP_01508	26
AENJPLPP_01509	17
AENJPLPP_01510	26
AENJPLPP_01511	24
AENJPLPP_01512	0
AENJPLPP_01513	1
AENJPLPP_01514	8
AENJPLPP_01515	6
AENJPLPP_01516	6
AENJPLPP_01517	4
AENJPLPP_01518	71
AENJPLPP_01519	14
AENJPLPP_01520	12
AENJPLPP_01521	349
AENJPLPP_01522	71
AENJPLPP_01523	38
AENJPLPP_01524	18
AENJPLPP_01525	0
AENJPLPP_01526	30
AENJPLPP_01527	38
AENJPLPP_01528	34
AENJPLPP_01529	28
AENJPLPP_01530	130
AENJPLPP_01531	8
AENJPLPP_01532	176
AENJPLPP_01533	33
AENJPLPP_01534	39
AENJPLPP_01535	96
AENJPLPP_01536	14
AENJPLPP_01537	3
AENJPLPP_01538	12
AENJPLPP_01539	3
AENJPLPP_01540	19
AENJPLPP_01541	3
AENJPLPP_01542	0
AENJPLPP_01543	0
AENJPLPP_01544	0
AENJPLPP_01545	14
AENJPLPP_01546	12
AENJPLPP_01547	0
AENJPLPP_01548	14
AENJPLPP_01549	54
AENJPLPP_01550	0
AENJPLPP_01551	70
AENJPLPP_01552	4
AENJPLPP_01553	4
AENJPLPP_01554	26
AENJPLPP_01555	0
AENJPLPP_01556	17
AENJPLPP_01557	28
AENJPLPP_01558	18
AENJPLPP_01559	187
AENJPLPP_01560	6
AENJPLPP_01561	31
AENJPLPP_01562	17
AENJPLPP_01563	5
AENJPLPP_01564	1
AENJPLPP_01565	88
AENJPLPP_01566	81
AENJPLPP_01567	20
AENJPLPP_01568	37
AENJPLPP_01569	8
AENJPLPP_01570	7
AENJPLPP_01571	74
AENJPLPP_01572	126
AENJPLPP_01573	20
AENJPLPP_01574	42
AENJPLPP_01575	16
AENJPLPP_01576	1
AENJPLPP_01577	46
AENJPLPP_01578	1234
AENJPLPP_01579	68
AENJPLPP_01580	207
AENJPLPP_01581	176
AENJPLPP_01582	13
AENJPLPP_01583	22
AENJPLPP_01584	11
AENJPLPP_01585	28
AENJPLPP_01586	41
AENJPLPP_01587	44
AENJPLPP_01588	108
AENJPLPP_01589	207
AENJPLPP_01590	5
AENJPLPP_01591	74
AENJPLPP_01592	49
AENJPLPP_01593	20
AENJPLPP_01594	13
AENJPLPP_01595	35
AENJPLPP_01596	22
AENJPLPP_01597	3
AENJPLPP_01598	39
AENJPLPP_01599	0
AENJPLPP_01600	0
AENJPLPP_01601	0
AENJPLPP_01602	9
AENJPLPP_01603	10
AENJPLPP_01604	22
AENJPLPP_01605	6
AENJPLPP_01606	100
AENJPLPP_01607	13
AENJPLPP_01608	67
AENJPLPP_01609	22
AENJPLPP_01610	212
AENJPLPP_01611	4
AENJPLPP_01612	27
AENJPLPP_01613	54
AENJPLPP_01614	2
AENJPLPP_01615	8
AENJPLPP_01616	78
AENJPLPP_01617	29
AENJPLPP_01618	2
AENJPLPP_01619	1
AENJPLPP_01620	0
AENJPLPP_01621	0
AENJPLPP_01622	26
AENJPLPP_01623	22
AENJPLPP_01624	21
AENJPLPP_01625	19
AENJPLPP_01626	65
AENJPLPP_01627	3
AENJPLPP_01628	74
AENJPLPP_01629	43
AENJPLPP_01630	48
AENJPLPP_01631	82
AENJPLPP_01632	0
AENJPLPP_01633	33
AENJPLPP_01634	52
AENJPLPP_01635	7
AENJPLPP_01636	2
AENJPLPP_01637	0
AENJPLPP_01638	2
AENJPLPP_01639	0
AENJPLPP_01640	13
AENJPLPP_01641	4
AENJPLPP_01642	54
AENJPLPP_01643	41
AENJPLPP_01644	126
AENJPLPP_01645	15
AENJPLPP_01646	254
AENJPLPP_01647	59
AENJPLPP_01648	74
AENJPLPP_01649	50
AENJPLPP_01650	30
AENJPLPP_01651	45
AENJPLPP_01652	81
AENJPLPP_01653	317
AENJPLPP_01654	164
AENJPLPP_01655	40
AENJPLPP_01656	31
AENJPLPP_01657	18
AENJPLPP_01658	34
AENJPLPP_01659	5
AENJPLPP_01660	17
AENJPLPP_01661	2
AENJPLPP_01662	4
AENJPLPP_01663	57
AENJPLPP_01664	158
AENJPLPP_01665	5
AENJPLPP_01666	11
AENJPLPP_01667	28
AENJPLPP_01668	4
AENJPLPP_01669	9
AENJPLPP_01670	11
AENJPLPP_01671	47
AENJPLPP_01672	106
AENJPLPP_01673	61
AENJPLPP_01674	28
AENJPLPP_01675	0
AENJPLPP_01676	0
AENJPLPP_01677	18
AENJPLPP_01678	0
AENJPLPP_01679	4
AENJPLPP_01680	59
AENJPLPP_01681	102
AENJPLPP_01682	0
AENJPLPP_01683	1
AENJPLPP_01684	2
AENJPLPP_01685	1
AENJPLPP_01686	0
AENJPLPP_01687	1
AENJPLPP_01688	0
AENJPLPP_01689	0
AENJPLPP_01690	2
AENJPLPP_01691	0
AENJPLPP_01692	6
AENJPLPP_01693	13
AENJPLPP_01694	16
AENJPLPP_01695	2
AENJPLPP_01696	0
AENJPLPP_01697	1
AENJPLPP_01698	5
AENJPLPP_01699	68
AENJPLPP_01700	1
AENJPLPP_01701	1
AENJPLPP_01702	4
AENJPLPP_01703	36
AENJPLPP_01704	2
AENJPLPP_01705	0
AENJPLPP_01706	0
AENJPLPP_01707	0
AENJPLPP_01708	2
AENJPLPP_01709	9
AENJPLPP_01710	5
AENJPLPP_01711	7
AENJPLPP_01712	41
AENJPLPP_01713	38
AENJPLPP_01714	45
AENJPLPP_01715	6
AENJPLPP_01716	3
AENJPLPP_01717	19
AENJPLPP_01718	0
AENJPLPP_01719	3
AENJPLPP_01720	0
AENJPLPP_01721	7
AENJPLPP_01722	2
AENJPLPP_01723	10
AENJPLPP_01724	0
AENJPLPP_01725	0
AENJPLPP_01726	15
AENJPLPP_01727	25
AENJPLPP_01728	5
AENJPLPP_01729	0
AENJPLPP_01730	2
AENJPLPP_01731	5
AENJPLPP_01732	12
AENJPLPP_01733	4
AENJPLPP_01734	2
AENJPLPP_01735	0
AENJPLPP_01736	0
AENJPLPP_01737	13
AENJPLPP_01738	31
AENJPLPP_01739	0
AENJPLPP_01740	2
AENJPLPP_01741	1
AENJPLPP_01742	7
AENJPLPP_01743	14
AENJPLPP_01744	1
AENJPLPP_01745	2
AENJPLPP_01746	18
AENJPLPP_01747	22
AENJPLPP_01748	12
AENJPLPP_01749	2
AENJPLPP_01750	8
AENJPLPP_01751	3
AENJPLPP_01752	4
AENJPLPP_01753	3
AENJPLPP_01754	211
AENJPLPP_01755	16
AENJPLPP_01756	0
AENJPLPP_01757	1
AENJPLPP_01758	6
AENJPLPP_01759	64
AENJPLPP_01760	46
AENJPLPP_01761	25
AENJPLPP_01762	44
AENJPLPP_01763	12
AENJPLPP_01764	7
AENJPLPP_01765	52
AENJPLPP_01766	212
AENJPLPP_01767	13
AENJPLPP_01768	68
AENJPLPP_01769	7
AENJPLPP_01770	9
AENJPLPP_01771	44
AENJPLPP_01772	1
AENJPLPP_01773	3
AENJPLPP_01774	0
AENJPLPP_01775	0
AENJPLPP_01776	8
AENJPLPP_01777	3
AENJPLPP_01778	23
AENJPLPP_01779	33
AENJPLPP_01780	2
AENJPLPP_01781	55
AENJPLPP_01782	57
AENJPLPP_01783	80
AENJPLPP_01784	7
AENJPLPP_01785	42
AENJPLPP_01786	3
AENJPLPP_01787	26
AENJPLPP_01788	12
AENJPLPP_01789	6
AENJPLPP_01790	7
AENJPLPP_01791	6
AENJPLPP_01792	12
AENJPLPP_01793	8
AENJPLPP_01794	3
AENJPLPP_01795	88
AENJPLPP_01796	25
AENJPLPP_01797	21
AENJPLPP_01798	9
AENJPLPP_01799	111
AENJPLPP_01800	1
AENJPLPP_01801	1
AENJPLPP_01802	30
AENJPLPP_01803	16
AENJPLPP_01804	2
AENJPLPP_01805	5
AENJPLPP_01806	27
AENJPLPP_01807	64
AENJPLPP_01808	6
AENJPLPP_01809	4
AENJPLPP_01810	42
AENJPLPP_01811	30
AENJPLPP_01812	7
AENJPLPP_01813	79
AENJPLPP_01814	10
AENJPLPP_01815	82
AENJPLPP_01816	39
AENJPLPP_01817	32
AENJPLPP_01818	12
AENJPLPP_01819	0
AENJPLPP_01820	6
AENJPLPP_01821	6
AENJPLPP_01822	240
AENJPLPP_01823	118
AENJPLPP_01824	52
AENJPLPP_01825	10
AENJPLPP_01826	6
AENJPLPP_01827	17
AENJPLPP_01828	5
AENJPLPP_01829	7
AENJPLPP_01830	10
AENJPLPP_01831	25
AENJPLPP_01832	7
AENJPLPP_01833	5
AENJPLPP_01834	20
AENJPLPP_01835	0
AENJPLPP_01836	0
AENJPLPP_01837	126
AENJPLPP_01838	18
AENJPLPP_01839	90
AENJPLPP_01840	9
AENJPLPP_01841	0
AENJPLPP_01842	14
AENJPLPP_01843	2
AENJPLPP_01844	6
AENJPLPP_01845	6
AENJPLPP_01846	32
AENJPLPP_01847	12
AENJPLPP_01848	11
AENJPLPP_01849	1
AENJPLPP_01850	39
AENJPLPP_01851	50
AENJPLPP_01852	48
AENJPLPP_01853	59
AENJPLPP_01854	23
AENJPLPP_01855	24
AENJPLPP_01856	18
AENJPLPP_01857	12
AENJPLPP_01858	33
AENJPLPP_01859	41
AENJPLPP_01860	0
AENJPLPP_01861	10
AENJPLPP_01862	4
AENJPLPP_01863	1
AENJPLPP_01864	12
AENJPLPP_01865	4
AENJPLPP_01866	0
AENJPLPP_01867	7
AENJPLPP_01868	1
AENJPLPP_01869	24
AENJPLPP_01870	1
AENJPLPP_01871	2
AENJPLPP_01872	4
AENJPLPP_01873	6
AENJPLPP_01874	5
AENJPLPP_01875	3
AENJPLPP_01876	15
AENJPLPP_01877	8
AENJPLPP_01878	0
AENJPLPP_01879	6
AENJPLPP_01880	0
AENJPLPP_01881	0
AENJPLPP_01882	1
AENJPLPP_01883	4
AENJPLPP_01884	16
AENJPLPP_01885	35
AENJPLPP_01886	59
AENJPLPP_01887	87
AENJPLPP_01888	102
AENJPLPP_01889	110
AENJPLPP_01890	5
AENJPLPP_01891	1
AENJPLPP_01892	10
AENJPLPP_01893	41
AENJPLPP_01894	12
AENJPLPP_01895	109
AENJPLPP_01896	10
AENJPLPP_01897	40
AENJPLPP_01898	86
AENJPLPP_01899	18
AENJPLPP_01900	70
AENJPLPP_01901	27
AENJPLPP_01902	37
AENJPLPP_01903	5
AENJPLPP_01904	0
AENJPLPP_01905	4
AENJPLPP_01906	12
AENJPLPP_01907	2
AENJPLPP_01908	139
AENJPLPP_01909	85
AENJPLPP_01910	11
AENJPLPP_01911	56
AENJPLPP_01912	53
AENJPLPP_01913	16
AENJPLPP_01914	89
AENJPLPP_01915	112
AENJPLPP_01916	16
AENJPLPP_01917	25
AENJPLPP_01918	16
AENJPLPP_01919	31
AENJPLPP_01920	34
AENJPLPP_01921	86
AENJPLPP_01922	62
AENJPLPP_01923	42
AENJPLPP_01924	93
AENJPLPP_01925	36
AENJPLPP_01926	10
AENJPLPP_01927	0
AENJPLPP_01928	24
AENJPLPP_01929	8
AENJPLPP_01930	1
AENJPLPP_01931	2
AENJPLPP_01932	1
AENJPLPP_01933	0
AENJPLPP_01934	15
AENJPLPP_01935	35
AENJPLPP_01936	121
AENJPLPP_01937	2
AENJPLPP_01938	16
AENJPLPP_01939	1
AENJPLPP_01940	0
AENJPLPP_01941	3
AENJPLPP_01942	64
AENJPLPP_01943	3
AENJPLPP_01944	5
AENJPLPP_01945	10
AENJPLPP_01946	4
AENJPLPP_01947	3
AENJPLPP_01948	36
AENJPLPP_01949	23
AENJPLPP_01950	85
AENJPLPP_01951	0
AENJPLPP_01952	0
AENJPLPP_01953	30
AENJPLPP_01954	3
AENJPLPP_01955	0
AENJPLPP_01956	6
AENJPLPP_01957	9
AENJPLPP_01958	5
AENJPLPP_01959	10
AENJPLPP_01960	1
AENJPLPP_01961	30
AENJPLPP_01962	169
AENJPLPP_01963	126
AENJPLPP_01964	6
AENJPLPP_01965	37
AENJPLPP_01966	10
AENJPLPP_01967	14
AENJPLPP_01968	11
AENJPLPP_01969	28
AENJPLPP_01970	58
AENJPLPP_01971	8
AENJPLPP_01972	39
AENJPLPP_01973	17
AENJPLPP_01974	611
AENJPLPP_01975	3
AENJPLPP_01976	1
AENJPLPP_01977	9
AENJPLPP_01978	18
AENJPLPP_01979	167
AENJPLPP_01980	35
AENJPLPP_01981	10
AENJPLPP_01982	6
AENJPLPP_01983	36
AENJPLPP_01984	6
AENJPLPP_01985	2
AENJPLPP_01986	5
AENJPLPP_01987	8
AENJPLPP_01988	26
AENJPLPP_01989	52
AENJPLPP_01990	7
AENJPLPP_01991	62
AENJPLPP_01992	46
AENJPLPP_01993	27
AENJPLPP_01994	12
AENJPLPP_01995	39
AENJPLPP_01996	72
AENJPLPP_01997	41
AENJPLPP_01998	266
AENJPLPP_01999	19
AENJPLPP_02000	4
AENJPLPP_02001	11
AENJPLPP_02002	8
AENJPLPP_02003	59
AENJPLPP_02004	20
AENJPLPP_02005	24
AENJPLPP_02006	8
AENJPLPP_02007	302
AENJPLPP_02008	12
AENJPLPP_02009	27
AENJPLPP_02010	28
AENJPLPP_02011	33
AENJPLPP_02012	6
AENJPLPP_02013	27
AENJPLPP_02014	1
AENJPLPP_02015	3
AENJPLPP_02016	6
AENJPLPP_02017	15
AENJPLPP_02018	18
AENJPLPP_02019	116
AENJPLPP_02020	46
AENJPLPP_02021	16
AENJPLPP_02022	24
AENJPLPP_02023	17
AENJPLPP_02024	23
AENJPLPP_02025	4
AENJPLPP_02026	6
AENJPLPP_02027	8
AENJPLPP_02028	14
AENJPLPP_02029	24
AENJPLPP_02030	74
AENJPLPP_02031	1
AENJPLPP_02032	0
AENJPLPP_02033	1
AENJPLPP_02034	4
AENJPLPP_02035	5
AENJPLPP_02036	6
AENJPLPP_02037	6
AENJPLPP_02038	2
AENJPLPP_02039	10
AENJPLPP_02040	28
AENJPLPP_02041	1
AENJPLPP_02042	19
AENJPLPP_02043	91
AENJPLPP_02044	0
AENJPLPP_02045	90
AENJPLPP_02046	293
AENJPLPP_02047	19
AENJPLPP_02048	58
AENJPLPP_02049	301
AENJPLPP_02050	34
AENJPLPP_02051	25
AENJPLPP_02052	59
AENJPLPP_02053	0
AENJPLPP_02054	1
AENJPLPP_02055	1
AENJPLPP_02056	1
AENJPLPP_02057	16
AENJPLPP_02058	44
AENJPLPP_02059	2
AENJPLPP_02060	14
AENJPLPP_02061	82
AENJPLPP_02062	22
AENJPLPP_02063	21
AENJPLPP_02064	50
AENJPLPP_02065	16
AENJPLPP_02066	39
AENJPLPP_02067	30
AENJPLPP_02068	10
AENJPLPP_02069	26
AENJPLPP_02070	101
AENJPLPP_02071	4
AENJPLPP_02072	45
AENJPLPP_02073	5
AENJPLPP_02074	12
AENJPLPP_02075	52
AENJPLPP_02076	8
AENJPLPP_02077	31
AENJPLPP_02078	23
AENJPLPP_02079	32
AENJPLPP_02080	4
AENJPLPP_02081	72
AENJPLPP_02082	27
AENJPLPP_02083	27
AENJPLPP_02084	17
AENJPLPP_02085	11
AENJPLPP_02086	31
AENJPLPP_02087	38
AENJPLPP_02088	1
AENJPLPP_02089	13
AENJPLPP_02091	2
AENJPLPP_02092	127
AENJPLPP_02093	26
AENJPLPP_02094	380
AENJPLPP_02095	118
AENJPLPP_02096	60
AENJPLPP_02097	56
AENJPLPP_02098	36
AENJPLPP_02099	113
AENJPLPP_02100	15
AENJPLPP_02101	48
AENJPLPP_02102	8
AENJPLPP_02103	1
AENJPLPP_02104	23
AENJPLPP_02105	45
AENJPLPP_02106	13
AENJPLPP_02107	28
AENJPLPP_02108	12
AENJPLPP_02109	2
AENJPLPP_02110	56
AENJPLPP_02111	26
AENJPLPP_02112	11
AENJPLPP_02113	48
AENJPLPP_02114	28
AENJPLPP_02115	52
AENJPLPP_02116	0
AENJPLPP_02117	3
AENJPLPP_02118	44
AENJPLPP_02119	8
AENJPLPP_02120	77
AENJPLPP_02121	26
AENJPLPP_02122	40
AENJPLPP_02123	37
AENJPLPP_02124	203
AENJPLPP_02125	208
AENJPLPP_02126	215
AENJPLPP_02127	521
AENJPLPP_02128	68
AENJPLPP_02129	133
AENJPLPP_02130	289
AENJPLPP_02131	83
AENJPLPP_02132	109
AENJPLPP_02133	15
AENJPLPP_02134	26
AENJPLPP_02135	11
AENJPLPP_02136	42
AENJPLPP_02137	16
AENJPLPP_02138	23
AENJPLPP_02139	4
AENJPLPP_02140	2
AENJPLPP_02141	79
AENJPLPP_02142	0
AENJPLPP_02143	0
AENJPLPP_02144	1
AENJPLPP_02145	10
AENJPLPP_02146	2
AENJPLPP_02148	19
AENJPLPP_02149	102
AENJPLPP_02150	41
AENJPLPP_02151	25
AENJPLPP_02152	21
AENJPLPP_02153	0
AENJPLPP_02154	3
AENJPLPP_02155	4
AENJPLPP_02156	0
AENJPLPP_02157	0
AENJPLPP_02158	1
AENJPLPP_02159	24
AENJPLPP_02160	18
AENJPLPP_02161	0
AENJPLPP_02162	0
AENJPLPP_02163	6
AENJPLPP_02164	0
AENJPLPP_02165	0
AENJPLPP_02166	0
AENJPLPP_02167	0
AENJPLPP_02168	3
AENJPLPP_02169	0
AENJPLPP_02170	0
AENJPLPP_02171	0
AENJPLPP_02172	0
AENJPLPP_02173	0
AENJPLPP_02174	0
AENJPLPP_02175	0
AENJPLPP_02176	0
AENJPLPP_02177	0
AENJPLPP_02178	0
AENJPLPP_02179	0
AENJPLPP_02180	0
AENJPLPP_02181	0
AENJPLPP_02182	2
AENJPLPP_02183	0
AENJPLPP_02184	0
AENJPLPP_02185	1
AENJPLPP_02186	7
AENJPLPP_02187	0
AENJPLPP_02188	0
AENJPLPP_02189	0
AENJPLPP_02190	0
AENJPLPP_02191	0
AENJPLPP_02192	0
AENJPLPP_02193	10
AENJPLPP_02194	0
AENJPLPP_02195	0
AENJPLPP_02196	16
AENJPLPP_02197	3
AENJPLPP_02198	0
AENJPLPP_02199	0
AENJPLPP_02200	0
AENJPLPP_02201	0
AENJPLPP_02202	0
AENJPLPP_02203	0
AENJPLPP_02205	0
AENJPLPP_02206	0
AENJPLPP_02207	0
AENJPLPP_02208	0
AENJPLPP_02209	0
AENJPLPP_02210	0
AENJPLPP_02211	3
AENJPLPP_02212	18
AENJPLPP_02213	0
AENJPLPP_02214	1
AENJPLPP_02215	1
AENJPLPP_02216	20
AENJPLPP_02217	3
AENJPLPP_02218	76
AENJPLPP_02219	37
AENJPLPP_02220	10
AENJPLPP_02221	0
AENJPLPP_02222	14
AENJPLPP_02223	42
AENJPLPP_02224	17
AENJPLPP_02225	5
AENJPLPP_02226	3
AENJPLPP_02227	1
AENJPLPP_02228	9
AENJPLPP_02229	64
AENJPLPP_02230	2
AENJPLPP_02231	0
AENJPLPP_02232	1
AENJPLPP_02233	18
AENJPLPP_02234	18
AENJPLPP_02235	20
AENJPLPP_02236	0
AENJPLPP_02237	4
AENJPLPP_02238	12
AENJPLPP_02239	27
AENJPLPP_02240	30
AENJPLPP_02241	3
AENJPLPP_02242	3
AENJPLPP_02243	31
AENJPLPP_02244	0
AENJPLPP_02245	10
AENJPLPP_02246	6
AENJPLPP_02247	8
AENJPLPP_02248	49
AENJPLPP_02249	2
AENJPLPP_02250	2
AENJPLPP_02251	11
AENJPLPP_02252	3
AENJPLPP_02253	1
AENJPLPP_02254	0
AENJPLPP_02255	0
AENJPLPP_02256	1
AENJPLPP_02257	23
AENJPLPP_02258	12
AENJPLPP_02259	18
AENJPLPP_02260	11
AENJPLPP_02261	22
AENJPLPP_02262	14
AENJPLPP_02263	14
AENJPLPP_02264	10
AENJPLPP_02265	3
AENJPLPP_02266	98
AENJPLPP_02267	5
AENJPLPP_02268	0
AENJPLPP_02269	48
AENJPLPP_02270	48
AENJPLPP_02271	16
AENJPLPP_02272	16
AENJPLPP_02273	1
AENJPLPP_02274	33
AENJPLPP_02275	16
AENJPLPP_02276	77
AENJPLPP_02277	5
AENJPLPP_02279	23
AENJPLPP_02280	12
AENJPLPP_02281	4
AENJPLPP_02282	52
AENJPLPP_02283	73
AENJPLPP_02284	2
AENJPLPP_02285	2
AENJPLPP_02286	5
AENJPLPP_02287	12
AENJPLPP_02288	111
AENJPLPP_02289	30
AENJPLPP_02290	179
AENJPLPP_02291	0
AENJPLPP_02292	23
AENJPLPP_02293	38
AENJPLPP_02294	12
AENJPLPP_02295	18
AENJPLPP_02296	21
AENJPLPP_02297	59
AENJPLPP_02298	72
AENJPLPP_02299	14
AENJPLPP_02300	0
AENJPLPP_02301	390
AENJPLPP_02302	26
AENJPLPP_02303	34
AENJPLPP_02304	22
AENJPLPP_02305	2
AENJPLPP_02306	46
AENJPLPP_02307	3
AENJPLPP_02308	8
AENJPLPP_02309	2
AENJPLPP_02310	27
AENJPLPP_02311	46
AENJPLPP_02312	128
AENJPLPP_02313	0
AENJPLPP_02314	2
AENJPLPP_02315	0
AENJPLPP_02316	0
AENJPLPP_02317	3
AENJPLPP_02318	1
AENJPLPP_02319	0
AENJPLPP_02320	3
AENJPLPP_02321	20
AENJPLPP_02322	0
AENJPLPP_02323	84
AENJPLPP_02324	16
AENJPLPP_02325	2
AENJPLPP_02326	342
AENJPLPP_02327	78
AENJPLPP_02328	14
AENJPLPP_02329	4
AENJPLPP_02330	5
AENJPLPP_02331	101
AENJPLPP_02332	1
AENJPLPP_02333	8
AENJPLPP_02334	10
AENJPLPP_02335	13
AENJPLPP_02336	35
AENJPLPP_02337	154
AENJPLPP_02338	50
AENJPLPP_02339	0
AENJPLPP_02340	24
AENJPLPP_02341	1
AENJPLPP_02342	86
AENJPLPP_02343	14
AENJPLPP_02344	0
AENJPLPP_02345	14
AENJPLPP_02346	34
AENJPLPP_02347	26
AENJPLPP_02348	9
AENJPLPP_02349	3
AENJPLPP_02350	31
AENJPLPP_02351	34
AENJPLPP_02352	100
AENJPLPP_02353	11
AENJPLPP_02354	6
AENJPLPP_02356	0
AENJPLPP_02357	0
AENJPLPP_02358	2
AENJPLPP_02359	17
AENJPLPP_02362	72
AENJPLPP_02363	9
AENJPLPP_02364	35
AENJPLPP_02365	12
AENJPLPP_02366	273
AENJPLPP_02367	11
AENJPLPP_02368	11
AENJPLPP_02369	9
AENJPLPP_02370	152
AENJPLPP_02371	18
AENJPLPP_02372	1
AENJPLPP_02373	26
AENJPLPP_02374	1
AENJPLPP_02375	198
AENJPLPP_02376	33
AENJPLPP_02377	1
AENJPLPP_02378	4
AENJPLPP_02379	34
AENJPLPP_02380	154
AENJPLPP_02381	5
AENJPLPP_02382	11
AENJPLPP_02383	28
AENJPLPP_02384	0
AENJPLPP_02385	38
AENJPLPP_02386	48
AENJPLPP_02387	7
AENJPLPP_02388	8
AENJPLPP_02389	13
AENJPLPP_02390	50
AENJPLPP_02391	6
AENJPLPP_02392	2
AENJPLPP_02393	22
AENJPLPP_02394	12
AENJPLPP_02395	6
AENJPLPP_02396	10
AENJPLPP_02397	20
AENJPLPP_02398	10
AENJPLPP_02399	5
AENJPLPP_02400	7
AENJPLPP_02401	41
AENJPLPP_02402	51
AENJPLPP_02403	1
AENJPLPP_02404	0
AENJPLPP_02405	0
AENJPLPP_02406	0
AENJPLPP_02407	9
AENJPLPP_02408	102
AENJPLPP_02409	14
AENJPLPP_02410	16
AENJPLPP_02412	9
AENJPLPP_02413	10
AENJPLPP_02414	39
AENJPLPP_02415	21
AENJPLPP_02416	41
AENJPLPP_02417	7
AENJPLPP_02418	0
AENJPLPP_02419	0
AENJPLPP_02420	0
AENJPLPP_02421	2
AENJPLPP_02422	0
AENJPLPP_02423	1
AENJPLPP_02424	3
AENJPLPP_02425	5
AENJPLPP_02426	0
AENJPLPP_02427	0
AENJPLPP_02428	0
AENJPLPP_02429	6
AENJPLPP_02430	7
AENJPLPP_02431	4
AENJPLPP_02432	162
AENJPLPP_02433	41
AENJPLPP_02434	0
AENJPLPP_02435	10
AENJPLPP_02436	1
AENJPLPP_02437	1
AENJPLPP_02438	9
AENJPLPP_02439	19
AENJPLPP_02440	0
AENJPLPP_02441	2
AENJPLPP_02442	1
AENJPLPP_02443	5
AENJPLPP_02444	5
AENJPLPP_02445	22
AENJPLPP_02446	11
AENJPLPP_02447	13
AENJPLPP_02448	5
AENJPLPP_02449	10
AENJPLPP_02450	11
AENJPLPP_02451	67
AENJPLPP_02452	8
AENJPLPP_02453	11
AENJPLPP_02454	9
AENJPLPP_02455	69
AENJPLPP_02456	12
AENJPLPP_02457	27
AENJPLPP_02458	21
AENJPLPP_02459	14
AENJPLPP_02460	49
AENJPLPP_02461	318
AENJPLPP_02462	29
AENJPLPP_02463	51
AENJPLPP_02464	2
AENJPLPP_02465	29
AENJPLPP_02466	64
AENJPLPP_02467	41
AENJPLPP_02468	119
AENJPLPP_02469	351
AENJPLPP_02470	55
AENJPLPP_02471	53
AENJPLPP_02472	25
AENJPLPP_02473	3
AENJPLPP_02474	1
AENJPLPP_02475	22
AENJPLPP_02476	18
AENJPLPP_02477	51
AENJPLPP_02478	92
AENJPLPP_02479	21
AENJPLPP_02480	6
AENJPLPP_02481	225
AENJPLPP_02482	7
AENJPLPP_02483	19
AENJPLPP_02484	18
AENJPLPP_02486	2
AENJPLPP_02487	53
AENJPLPP_02488	495
AENJPLPP_02489	220
AENJPLPP_02490	854
AENJPLPP_02491	378
AENJPLPP_02492	0
AENJPLPP_02493	0
AENJPLPP_02494	24
AENJPLPP_02495	17
AENJPLPP_02496	54
AENJPLPP_02497	20
AENJPLPP_02498	14
AENJPLPP_02499	4
AENJPLPP_02500	1
AENJPLPP_02501	7
AENJPLPP_02502	59
AENJPLPP_02503	10
AENJPLPP_02504	30
AENJPLPP_02505	24
AENJPLPP_02506	65
AENJPLPP_02507	17
AENJPLPP_02508	103
AENJPLPP_02509	51
AENJPLPP_02510	95
AENJPLPP_02511	39
AENJPLPP_02512	4
AENJPLPP_02513	72
AENJPLPP_02514	1
AENJPLPP_02515	8
AENJPLPP_02516	10
AENJPLPP_02517	1
AENJPLPP_02518	7
AENJPLPP_02521	1
AENJPLPP_02522	14
AENJPLPP_02523	18
AENJPLPP_02524	0
AENJPLPP_02525	2
AENJPLPP_02526	9
AENJPLPP_02527	14
AENJPLPP_02528	81
AENJPLPP_02529	189
AENJPLPP_02530	8
AENJPLPP_02531	16
AENJPLPP_02532	26
AENJPLPP_02533	23
AENJPLPP_02534	8
AENJPLPP_02535	10
AENJPLPP_02536	6
AENJPLPP_02537	54
AENJPLPP_02538	25
AENJPLPP_02539	26
AENJPLPP_02540	9
AENJPLPP_02541	3
AENJPLPP_02542	60
AENJPLPP_02543	24
AENJPLPP_02544	9
AENJPLPP_02545	0
AENJPLPP_02546	12
AENJPLPP_02547	24
AENJPLPP_02548	32
AENJPLPP_02549	60
AENJPLPP_02550	4
AENJPLPP_02551	55
AENJPLPP_02552	93
AENJPLPP_02553	64
AENJPLPP_02554	117
AENJPLPP_02555	39
AENJPLPP_02556	0
AENJPLPP_02557	56
AENJPLPP_02558	56
AENJPLPP_02559	7
AENJPLPP_02560	12
AENJPLPP_02561	6
AENJPLPP_02562	3
AENJPLPP_02563	12
AENJPLPP_02564	4
AENJPLPP_02565	8
AENJPLPP_02566	20
AENJPLPP_02567	54
AENJPLPP_02568	126
AENJPLPP_02569	3
AENJPLPP_02570	13
AENJPLPP_02571	1
AENJPLPP_02572	492
AENJPLPP_02573	101
AENJPLPP_02574	28
AENJPLPP_02575	18
AENJPLPP_02576	149
AENJPLPP_02577	7
AENJPLPP_02578	10
AENJPLPP_02579	331
AENJPLPP_02580	8
AENJPLPP_02581	22
AENJPLPP_02582	70
AENJPLPP_02583	10
AENJPLPP_02584	10
AENJPLPP_02585	36
AENJPLPP_02586	28
AENJPLPP_02587	17
AENJPLPP_02588	83
AENJPLPP_02589	8
AENJPLPP_02590	7
AENJPLPP_02591	18
AENJPLPP_02592	23
AENJPLPP_02593	11
AENJPLPP_02594	1
AENJPLPP_02595	5
AENJPLPP_02596	9
AENJPLPP_02597	12
AENJPLPP_02598	26
AENJPLPP_02599	1
AENJPLPP_02600	6
AENJPLPP_02601	0
AENJPLPP_02602	38
AENJPLPP_02603	15
AENJPLPP_02604	1
AENJPLPP_02605	1
AENJPLPP_02606	4
AENJPLPP_02607	2
AENJPLPP_02608	7
AENJPLPP_02609	62
AENJPLPP_02610	1
AENJPLPP_02611	5
AENJPLPP_02612	24
AENJPLPP_02613	41
AENJPLPP_02614	40
AENJPLPP_02615	19
AENJPLPP_02616	42
AENJPLPP_02617	2
AENJPLPP_02618	10
AENJPLPP_02619	2
AENJPLPP_02620	1
AENJPLPP_02621	913
AENJPLPP_02622	22
AENJPLPP_02623	9
AENJPLPP_02624	52
AENJPLPP_02625	295
AENJPLPP_02626	4
AENJPLPP_02627	7
AENJPLPP_02628	2
AENJPLPP_02629	8
AENJPLPP_02630	47
AENJPLPP_02631	0
AENJPLPP_02632	1
AENJPLPP_02633	4
AENJPLPP_02634	0
AENJPLPP_02635	33
AENJPLPP_02636	16
AENJPLPP_02637	26
AENJPLPP_02638	40
AENJPLPP_02639	2
AENJPLPP_02640	2
AENJPLPP_02641	5
AENJPLPP_02642	0
AENJPLPP_02643	2
AENJPLPP_02644	19
AENJPLPP_02645	15
AENJPLPP_02646	31
AENJPLPP_02647	0
AENJPLPP_02648	0
AENJPLPP_02649	0
AENJPLPP_02650	0
AENJPLPP_02651	0
AENJPLPP_02652	11
AENJPLPP_02653	0
AENJPLPP_02654	0
AENJPLPP_02655	9
AENJPLPP_02656	0
AENJPLPP_02657	0
AENJPLPP_02658	5
AENJPLPP_02659	63
AENJPLPP_02660	16
AENJPLPP_02661	1
AENJPLPP_02662	0
AENJPLPP_02663	11
AENJPLPP_02664	53
AENJPLPP_02665	118
AENJPLPP_02666	15
AENJPLPP_02667	17
AENJPLPP_02668	13
AENJPLPP_02669	41
AENJPLPP_02670	3
AENJPLPP_02671	4
AENJPLPP_02672	9
AENJPLPP_02673	184
AENJPLPP_02674	30
AENJPLPP_02675	10
AENJPLPP_02676	8
AENJPLPP_02677	23
AENJPLPP_02678	346
AENJPLPP_02679	2
AENJPLPP_02680	0
AENJPLPP_02681	0
AENJPLPP_02682	0
AENJPLPP_02683	0
AENJPLPP_02684	0
AENJPLPP_02685	0
AENJPLPP_02686	0
AENJPLPP_02687	0
AENJPLPP_02688	0
AENJPLPP_02689	2
AENJPLPP_02690	0
AENJPLPP_02691	0
AENJPLPP_02692	1
AENJPLPP_02693	8
AENJPLPP_02694	2
AENJPLPP_02695	0
AENJPLPP_02696	20
AENJPLPP_02697	0
AENJPLPP_02698	1
AENJPLPP_02699	0
AENJPLPP_02700	5
AENJPLPP_02701	3
AENJPLPP_02702	4
AENJPLPP_02703	15
AENJPLPP_02704	12
AENJPLPP_02705	1
AENJPLPP_02706	7
AENJPLPP_02707	24
AENJPLPP_02708	10
AENJPLPP_02709	2
AENJPLPP_02710	3
AENJPLPP_02711	0
AENJPLPP_02712	5
AENJPLPP_02713	19
AENJPLPP_02714	1
AENJPLPP_02715	0
AENJPLPP_02716	0
AENJPLPP_02717	0
AENJPLPP_02718	0
AENJPLPP_02719	0
AENJPLPP_02720	1
AENJPLPP_02721	0
AENJPLPP_02722	0
AENJPLPP_02723	0
AENJPLPP_02724	0
AENJPLPP_02725	0
AENJPLPP_02726	13
AENJPLPP_02727	1
AENJPLPP_02728	10
AENJPLPP_02729	1
AENJPLPP_02730	11
AENJPLPP_02731	0
AENJPLPP_02732	4
AENJPLPP_02733	5
AENJPLPP_02734	13
AENJPLPP_02735	39
AENJPLPP_02736	1
AENJPLPP_02737	3
AENJPLPP_02738	5
AENJPLPP_02739	10
AENJPLPP_02740	5
AENJPLPP_02741	5
AENJPLPP_02742	12
AENJPLPP_02743	0
AENJPLPP_02744	5
AENJPLPP_02745	7
AENJPLPP_02746	0
AENJPLPP_02747	11
AENJPLPP_02748	12
AENJPLPP_02749	42
AENJPLPP_02750	12
AENJPLPP_02751	2
AENJPLPP_02752	0
AENJPLPP_02753	1
AENJPLPP_02754	0
AENJPLPP_02756	0
AENJPLPP_02757	0
AENJPLPP_02758	4
AENJPLPP_02759	55
AENJPLPP_02760	0
AENJPLPP_02761	0
AENJPLPP_02762	0
AENJPLPP_02763	0
AENJPLPP_02764	2
AENJPLPP_02765	5
AENJPLPP_02766	2
AENJPLPP_02767	4
AENJPLPP_02768	2
AENJPLPP_02769	5
AENJPLPP_02770	0
AENJPLPP_02771	7
AENJPLPP_02772	54
AENJPLPP_02773	1
AENJPLPP_02774	1
AENJPLPP_02775	2
AENJPLPP_02776	8
AENJPLPP_02777	0
AENJPLPP_02778	3
AENJPLPP_02779	0
AENJPLPP_02780	0
AENJPLPP_02781	0
AENJPLPP_02782	0
AENJPLPP_02783	0
AENJPLPP_02784	4
AENJPLPP_02785	2
AENJPLPP_02786	0
AENJPLPP_02787	0
AENJPLPP_02788	5
AENJPLPP_02789	0
AENJPLPP_02790	1
AENJPLPP_02791	1
AENJPLPP_02792	2
AENJPLPP_02793	0
AENJPLPP_02794	5
AENJPLPP_02795	0
AENJPLPP_02796	1
AENJPLPP_02797	2
AENJPLPP_02798	8
AENJPLPP_02799	1
AENJPLPP_02800	14
AENJPLPP_02801	14
AENJPLPP_02802	1
AENJPLPP_02803	0
AENJPLPP_02804	5
AENJPLPP_02805	3
AENJPLPP_02806	2
AENJPLPP_02807	0
AENJPLPP_02808	0
AENJPLPP_02809	1
AENJPLPP_02810	5
AENJPLPP_02811	1
AENJPLPP_02812	1
AENJPLPP_02813	11
AENJPLPP_02814	186
AENJPLPP_02815	0
AENJPLPP_02816	25
AENJPLPP_02817	0
AENJPLPP_02818	28
AENJPLPP_02819	0
AENJPLPP_02820	2
AENJPLPP_02821	4
AENJPLPP_02822	1
AENJPLPP_02823	23
AENJPLPP_02824	1
AENJPLPP_02825	0
AENJPLPP_02826	1
AENJPLPP_02827	1
AENJPLPP_02828	0
AENJPLPP_02829	0
AENJPLPP_02830	19
AENJPLPP_02831	2
AENJPLPP_02832	58
AENJPLPP_02833	76
AENJPLPP_02834	22
AENJPLPP_02835	4
AENJPLPP_02836	3
AENJPLPP_02837	14
AENJPLPP_02838	0
AENJPLPP_02839	0
AENJPLPP_02840	3
AENJPLPP_02841	13
AENJPLPP_02842	4
AENJPLPP_02843	16
AENJPLPP_02844	0
AENJPLPP_02845	8
AENJPLPP_02846	0
AENJPLPP_02847	4
AENJPLPP_02848	73
AENJPLPP_02849	48
AENJPLPP_02850	260
AENJPLPP_02851	106
AENJPLPP_02852	19
AENJPLPP_02853	11
AENJPLPP_02854	3
AENJPLPP_02855	0
AENJPLPP_02856	0
AENJPLPP_02857	0
AENJPLPP_02858	0
AENJPLPP_02859	55
AENJPLPP_02860	6
AENJPLPP_02861	1
AENJPLPP_02862	52
AENJPLPP_02863	13
AENJPLPP_02864	0
AENJPLPP_02865	0
AENJPLPP_02866	1
AENJPLPP_02867	0
AENJPLPP_02868	23
AENJPLPP_02869	3
AENJPLPP_02870	0
AENJPLPP_02871	0
AENJPLPP_02872	2180
AENJPLPP_02873	21
AENJPLPP_02874	9
AENJPLPP_02875	28
AENJPLPP_02876	10
AENJPLPP_02877	7
AENJPLPP_02878	37
AENJPLPP_02879	355
AENJPLPP_02880	109
AENJPLPP_02881	68
AENJPLPP_02882	108
AENJPLPP_02883	15
AENJPLPP_02884	13
AENJPLPP_02885	12
AENJPLPP_02886	3
AENJPLPP_02887	12
AENJPLPP_02888	2
AENJPLPP_02889	0
AENJPLPP_02890	7
AENJPLPP_02891	4
AENJPLPP_02892	1
AENJPLPP_02893	0
AENJPLPP_02894	2
AENJPLPP_02895	2
AENJPLPP_02896	2
AENJPLPP_02897	1
AENJPLPP_02898	59
AENJPLPP_02899	0
AENJPLPP_02900	1
AENJPLPP_02901	0
AENJPLPP_02902	2
AENJPLPP_02903	0
AENJPLPP_02904	1
AENJPLPP_02905	24
AENJPLPP_02906	3
AENJPLPP_02907	6
AENJPLPP_02908	3
AENJPLPP_02909	0
AENJPLPP_02910	9
AENJPLPP_02911	7
AENJPLPP_02912	0
AENJPLPP_02913	6
AENJPLPP_02914	0
AENJPLPP_02915	68
AENJPLPP_02916	48
AENJPLPP_02917	0
AENJPLPP_02918	0
AENJPLPP_02919	5
AENJPLPP_02920	2
AENJPLPP_02921	3
AENJPLPP_02922	1
AENJPLPP_02923	2
AENJPLPP_02924	1
AENJPLPP_02925	1
AENJPLPP_02926	52
AENJPLPP_02927	3
AENJPLPP_02928	10
AENJPLPP_02929	0
AENJPLPP_02930	0
AENJPLPP_02931	0
AENJPLPP_02932	0
AENJPLPP_02933	0
AENJPLPP_02934	2
AENJPLPP_02935	0
AENJPLPP_02936	26
AENJPLPP_02937	45
AENJPLPP_02938	0
AENJPLPP_02939	39
AENJPLPP_02940	17
AENJPLPP_02941	33
AENJPLPP_02942	0
AENJPLPP_02943	5
AENJPLPP_02944	25
AENJPLPP_02945	0
AENJPLPP_02946	0
AENJPLPP_02947	0
AENJPLPP_02948	3
AENJPLPP_02949	8
AENJPLPP_02950	0
AENJPLPP_02951	0
AENJPLPP_02952	7
AENJPLPP_02953	1
AENJPLPP_02954	43
AENJPLPP_02955	0
AENJPLPP_02956	3
AENJPLPP_02957	4
AENJPLPP_02958	3
AENJPLPP_02959	3
AENJPLPP_02960	1
AENJPLPP_02961	0
AENJPLPP_02962	42
AENJPLPP_02963	0
AENJPLPP_02964	0
AENJPLPP_02965	102
AENJPLPP_02966	19
AENJPLPP_02967	0
AENJPLPP_02968	2
AENJPLPP_02969	0
AENJPLPP_02970	1
AENJPLPP_02971	6
AENJPLPP_02972	0
AENJPLPP_02973	2
AENJPLPP_02974	2
AENJPLPP_02975	0
AENJPLPP_02976	2
AENJPLPP_02977	0
AENJPLPP_02978	0
AENJPLPP_02979	0
AENJPLPP_02980	1
AENJPLPP_02981	2
AENJPLPP_02982	56
AENJPLPP_02983	2
AENJPLPP_02984	15
AENJPLPP_02985	13
AENJPLPP_02986	0
AENJPLPP_02987	1
AENJPLPP_02988	0
AENJPLPP_02989	11
AENJPLPP_02990	4
AENJPLPP_02991	33
AENJPLPP_02992	12
AENJPLPP_02993	1
AENJPLPP_02994	0
AENJPLPP_02995	22
AENJPLPP_02996	229
AENJPLPP_02997	6
AENJPLPP_02998	7
AENJPLPP_02999	9
AENJPLPP_03000	1
AENJPLPP_03001	3
AENJPLPP_03002	4
AENJPLPP_03003	11
AENJPLPP_03004	11
AENJPLPP_03005	2
AENJPLPP_03006	35
AENJPLPP_03007	7
AENJPLPP_03008	1
AENJPLPP_03009	0
AENJPLPP_03010	0
AENJPLPP_03011	0
AENJPLPP_03012	2
AENJPLPP_03013	0
AENJPLPP_03014	14
AENJPLPP_03015	1
AENJPLPP_03016	0
AENJPLPP_03017	0
AENJPLPP_03018	4
AENJPLPP_03019	0
AENJPLPP_03020	0
AENJPLPP_03021	2
AENJPLPP_03022	1
AENJPLPP_03023	1
AENJPLPP_03024	16
AENJPLPP_03025	8
AENJPLPP_03026	0
AENJPLPP_03027	0
AENJPLPP_03028	0
AENJPLPP_03029	0
AENJPLPP_03030	0
AENJPLPP_03031	0
AENJPLPP_03032	0
AENJPLPP_03033	0
AENJPLPP_03034	0
AENJPLPP_03035	0
AENJPLPP_03036	0
AENJPLPP_03037	0
AENJPLPP_03038	0
AENJPLPP_03039	0
AENJPLPP_03040	0
AENJPLPP_03041	0
AENJPLPP_03042	0
AENJPLPP_03043	0
AENJPLPP_03044	0
AENJPLPP_03045	0
AENJPLPP_03046	0
AENJPLPP_03047	3
AENJPLPP_03048	4
AENJPLPP_03049	131
AENJPLPP_03050	74
AENJPLPP_03051	1
AENJPLPP_03052	16
AENJPLPP_03053	1
AENJPLPP_03054	1
AENJPLPP_03055	0
AENJPLPP_03056	2
AENJPLPP_03057	3
AENJPLPP_03058	24
AENJPLPP_03059	287
AENJPLPP_03060	52
AENJPLPP_03061	6
AENJPLPP_03062	12
AENJPLPP_03063	8
AENJPLPP_03064	55
AENJPLPP_03065	60
AENJPLPP_03066	0
AENJPLPP_03067	4
AENJPLPP_03068	46
AENJPLPP_03069	0
AENJPLPP_03070	75
AENJPLPP_03071	29
AENJPLPP_03072	0
AENJPLPP_03073	2
AENJPLPP_03074	6
AENJPLPP_03075	1
AENJPLPP_03076	1
AENJPLPP_03077	0
AENJPLPP_03078	8
AENJPLPP_03079	130
AENJPLPP_03080	1
AENJPLPP_03081	0
AENJPLPP_03082	0
AENJPLPP_03083	0
AENJPLPP_03084	0
AENJPLPP_03085	0
AENJPLPP_03086	0
AENJPLPP_03087	0
AENJPLPP_03088	0
AENJPLPP_03089	0
AENJPLPP_03090	0
AENJPLPP_03091	0
AENJPLPP_03092	0
AENJPLPP_03093	0
AENJPLPP_03094	0
AENJPLPP_03095	4
AENJPLPP_03096	0
AENJPLPP_03097	0
AENJPLPP_03098	0
AENJPLPP_03099	1
AENJPLPP_03100	18
AENJPLPP_03101	6
AENJPLPP_03102	1
AENJPLPP_03103	1
AENJPLPP_03104	0
AENJPLPP_03105	0
AENJPLPP_03106	0
AENJPLPP_03107	3
AENJPLPP_03108	0
AENJPLPP_03109	0
AENJPLPP_03110	0
AENJPLPP_03111	0
AENJPLPP_03112	0
AENJPLPP_03113	0
AENJPLPP_03114	0
AENJPLPP_03115	0
AENJPLPP_03116	0
AENJPLPP_03117	0
AENJPLPP_03118	0
AENJPLPP_03119	13
AENJPLPP_03120	6
AENJPLPP_03121	5
AENJPLPP_03122	1
AENJPLPP_03123	2
AENJPLPP_03124	34
AENJPLPP_03125	4
AENJPLPP_03126	0
AENJPLPP_03127	0
AENJPLPP_03128	0
AENJPLPP_03129	0
AENJPLPP_03130	0
AENJPLPP_03131	0
AENJPLPP_03132	0
AENJPLPP_03133	0
AENJPLPP_03134	0
AENJPLPP_03135	0
AENJPLPP_03136	2
AENJPLPP_03137	3
AENJPLPP_03138	0
AENJPLPP_03139	0
AENJPLPP_03140	0
AENJPLPP_03141	1
AENJPLPP_03142	2
AENJPLPP_03143	0
AENJPLPP_03144	0
AENJPLPP_03145	0
AENJPLPP_03146	0
AENJPLPP_03147	3
AENJPLPP_03148	0
AENJPLPP_03149	0
AENJPLPP_03150	0
AENJPLPP_03151	5
AENJPLPP_03152	2
AENJPLPP_03153	3
AENJPLPP_03154	0
AENJPLPP_03155	2
AENJPLPP_03156	4
AENJPLPP_03157	0
AENJPLPP_03158	2
AENJPLPP_03159	1
AENJPLPP_03160	0
AENJPLPP_03161	0
AENJPLPP_03162	0
AENJPLPP_03163	0
AENJPLPP_03164	0
AENJPLPP_03165	3
AENJPLPP_03166	1
AENJPLPP_03167	0
AENJPLPP_03168	1
AENJPLPP_03169	0
AENJPLPP_03170	0
AENJPLPP_03171	0
AENJPLPP_03172	0
AENJPLPP_03173	0
AENJPLPP_03174	4
AENJPLPP_03175	0
AENJPLPP_03176	0
AENJPLPP_03177	0
AENJPLPP_03178	28
AENJPLPP_03179	107
AENJPLPP_03180	51
AENJPLPP_03181	0
AENJPLPP_03182	0
AENJPLPP_03183	0
AENJPLPP_03184	0
AENJPLPP_03185	0
AENJPLPP_03186	0
AENJPLPP_03187	0
AENJPLPP_03188	0
AENJPLPP_03189	0
__no_feature	7259531
__ambiguous	4967
__too_low_aQual	208168
__not_aligned	68608
__alignment_not_unique	0
