AENJPLPP_00001	0
AENJPLPP_00003	1
AENJPLPP_00004	1
AENJPLPP_00005	9
AENJPLPP_00006	5
AENJPLPP_00007	2
AENJPLPP_00008	0
AENJPLPP_00009	0
AENJPLPP_00010	75
AENJPLPP_00011	10
AENJPLPP_00012	8
AENJPLPP_00013	5
AENJPLPP_00014	14
AENJPLPP_00015	38
AENJPLPP_00016	112
AENJPLPP_00017	0
AENJPLPP_00018	2
AENJPLPP_00019	0
AENJPLPP_00020	0
AENJPLPP_00021	0
AENJPLPP_00022	28
AENJPLPP_00023	0
AENJPLPP_00024	59
AENJPLPP_00025	3
AENJPLPP_00026	4
AENJPLPP_00027	0
AENJPLPP_00028	4
AENJPLPP_00029	6
AENJPLPP_00030	0
AENJPLPP_00031	0
AENJPLPP_00032	59
AENJPLPP_00034	2
AENJPLPP_00035	10
AENJPLPP_00036	4
AENJPLPP_00037	0
AENJPLPP_00038	6
AENJPLPP_00039	14
AENJPLPP_00040	4
AENJPLPP_00041	10
AENJPLPP_00042	0
AENJPLPP_00043	1
AENJPLPP_00044	23
AENJPLPP_00045	7
AENJPLPP_00046	6
AENJPLPP_00047	4
AENJPLPP_00048	3
AENJPLPP_00049	1
AENJPLPP_00050	0
AENJPLPP_00051	6
AENJPLPP_00052	6
AENJPLPP_00053	1
AENJPLPP_00054	0
AENJPLPP_00055	0
AENJPLPP_00056	9
AENJPLPP_00057	0
AENJPLPP_00058	2
AENJPLPP_00059	10
AENJPLPP_00060	2
AENJPLPP_00061	0
AENJPLPP_00062	0
AENJPLPP_00063	0
AENJPLPP_00064	0
AENJPLPP_00065	5
AENJPLPP_00066	0
AENJPLPP_00067	2
AENJPLPP_00068	3
AENJPLPP_00069	0
AENJPLPP_00070	1
AENJPLPP_00071	0
AENJPLPP_00072	0
AENJPLPP_00073	2
AENJPLPP_00074	1
AENJPLPP_00075	2
AENJPLPP_00076	1
AENJPLPP_00077	2
AENJPLPP_00078	0
AENJPLPP_00079	0
AENJPLPP_00080	0
AENJPLPP_00081	0
AENJPLPP_00082	0
AENJPLPP_00083	0
AENJPLPP_00084	0
AENJPLPP_00085	0
AENJPLPP_00086	0
AENJPLPP_00087	0
AENJPLPP_00088	0
AENJPLPP_00089	0
AENJPLPP_00090	0
AENJPLPP_00091	0
AENJPLPP_00092	38
AENJPLPP_00093	11
AENJPLPP_00094	2
AENJPLPP_00095	0
AENJPLPP_00096	30
AENJPLPP_00097	6
AENJPLPP_00098	4
AENJPLPP_00099	3
AENJPLPP_00100	1
AENJPLPP_00101	2
AENJPLPP_00102	0
AENJPLPP_00103	12
AENJPLPP_00104	3
AENJPLPP_00105	0
AENJPLPP_00106	6
AENJPLPP_00107	25
AENJPLPP_00108	24
AENJPLPP_00109	37
AENJPLPP_00110	4
AENJPLPP_00111	2
AENJPLPP_00112	0
AENJPLPP_00113	1
AENJPLPP_00114	1
AENJPLPP_00115	1
AENJPLPP_00116	17
AENJPLPP_00117	9
AENJPLPP_00118	1
AENJPLPP_00119	468
AENJPLPP_00120	0
AENJPLPP_00121	0
AENJPLPP_00122	0
AENJPLPP_00123	6
AENJPLPP_00124	34
AENJPLPP_00125	57
AENJPLPP_00126	17
AENJPLPP_00127	16
AENJPLPP_00128	6
AENJPLPP_00129	5
AENJPLPP_00130	81
AENJPLPP_00131	53
AENJPLPP_00132	41
AENJPLPP_00133	6
AENJPLPP_00134	14
AENJPLPP_00135	7
AENJPLPP_00136	10
AENJPLPP_00137	56
AENJPLPP_00138	35
AENJPLPP_00139	7
AENJPLPP_00140	20
AENJPLPP_00141	8
AENJPLPP_00142	2
AENJPLPP_00143	4
AENJPLPP_00144	40
AENJPLPP_00145	26
AENJPLPP_00146	2
AENJPLPP_00147	2
AENJPLPP_00148	1
AENJPLPP_00149	1
AENJPLPP_00150	1
AENJPLPP_00151	4
AENJPLPP_00152	1
AENJPLPP_00153	2
AENJPLPP_00154	9
AENJPLPP_00155	7
AENJPLPP_00156	59
AENJPLPP_00157	10
AENJPLPP_00158	0
AENJPLPP_00159	57
AENJPLPP_00160	102
AENJPLPP_00161	25
AENJPLPP_00162	48
AENJPLPP_00163	16
AENJPLPP_00164	21
AENJPLPP_00165	89
AENJPLPP_00166	34
AENJPLPP_00167	12
AENJPLPP_00168	1
AENJPLPP_00169	0
AENJPLPP_00170	1
AENJPLPP_00171	0
AENJPLPP_00172	0
AENJPLPP_00173	1
AENJPLPP_00174	2
AENJPLPP_00175	2
AENJPLPP_00176	13
AENJPLPP_00177	30
AENJPLPP_00178	31
AENJPLPP_00179	86
AENJPLPP_00180	89
AENJPLPP_00181	37
AENJPLPP_00182	8
AENJPLPP_00183	30
AENJPLPP_00184	11
AENJPLPP_00185	3
AENJPLPP_00186	28
AENJPLPP_00187	89
AENJPLPP_00188	11
AENJPLPP_00189	22
AENJPLPP_00190	13
AENJPLPP_00191	3
AENJPLPP_00192	2
AENJPLPP_00193	1
AENJPLPP_00194	1
AENJPLPP_00195	5
AENJPLPP_00196	28
AENJPLPP_00197	45
AENJPLPP_00198	6
AENJPLPP_00199	30
AENJPLPP_00200	71
AENJPLPP_00201	521
AENJPLPP_00202	7
AENJPLPP_00203	1
AENJPLPP_00204	2
AENJPLPP_00205	4
AENJPLPP_00206	0
AENJPLPP_00207	1
AENJPLPP_00208	0
AENJPLPP_00209	6
AENJPLPP_00210	26
AENJPLPP_00211	3
AENJPLPP_00212	6
AENJPLPP_00213	11
AENJPLPP_00214	1
AENJPLPP_00215	4
AENJPLPP_00216	0
AENJPLPP_00217	0
AENJPLPP_00218	1
AENJPLPP_00219	1
AENJPLPP_00220	2
AENJPLPP_00221	0
AENJPLPP_00222	0
AENJPLPP_00223	3
AENJPLPP_00224	0
AENJPLPP_00225	1
AENJPLPP_00226	2
AENJPLPP_00227	7
AENJPLPP_00228	12
AENJPLPP_00229	3
AENJPLPP_00230	42
AENJPLPP_00231	0
AENJPLPP_00232	0
AENJPLPP_00233	6
AENJPLPP_00234	13
AENJPLPP_00235	11
AENJPLPP_00236	5
AENJPLPP_00237	3
AENJPLPP_00238	24
AENJPLPP_00239	9
AENJPLPP_00240	64
AENJPLPP_00241	20
AENJPLPP_00242	18
AENJPLPP_00243	7
AENJPLPP_00244	77
AENJPLPP_00245	10
AENJPLPP_00246	30
AENJPLPP_00247	3
AENJPLPP_00248	36
AENJPLPP_00249	29
AENJPLPP_00250	0
AENJPLPP_00251	3
AENJPLPP_00252	0
AENJPLPP_00253	1
AENJPLPP_00254	3
AENJPLPP_00255	12
AENJPLPP_00256	2
AENJPLPP_00257	3
AENJPLPP_00258	14
AENJPLPP_00259	8
AENJPLPP_00260	14
AENJPLPP_00261	16
AENJPLPP_00262	31
AENJPLPP_00263	1
AENJPLPP_00264	0
AENJPLPP_00265	0
AENJPLPP_00266	6
AENJPLPP_00267	1
AENJPLPP_00268	81
AENJPLPP_00269	0
AENJPLPP_00270	0
AENJPLPP_00271	0
AENJPLPP_00272	0
AENJPLPP_00273	1
AENJPLPP_00274	0
AENJPLPP_00275	0
AENJPLPP_00276	0
AENJPLPP_00277	2
AENJPLPP_00278	15
AENJPLPP_00279	0
AENJPLPP_00280	3
AENJPLPP_00281	4
AENJPLPP_00282	1
AENJPLPP_00283	0
AENJPLPP_00284	1
AENJPLPP_00285	1
AENJPLPP_00286	4
AENJPLPP_00287	2
AENJPLPP_00288	0
AENJPLPP_00289	0
AENJPLPP_00290	0
AENJPLPP_00291	0
AENJPLPP_00292	0
AENJPLPP_00293	0
AENJPLPP_00294	0
AENJPLPP_00295	0
AENJPLPP_00296	0
AENJPLPP_00297	0
AENJPLPP_00298	0
AENJPLPP_00299	0
AENJPLPP_00300	2
AENJPLPP_00301	35
AENJPLPP_00302	0
AENJPLPP_00303	2
AENJPLPP_00304	1
AENJPLPP_00305	0
AENJPLPP_00306	4
AENJPLPP_00308	13
AENJPLPP_00309	11
AENJPLPP_00310	27
AENJPLPP_00311	23
AENJPLPP_00312	1
AENJPLPP_00313	37
AENJPLPP_00314	95
AENJPLPP_00315	23
AENJPLPP_00316	264
AENJPLPP_00317	25
AENJPLPP_00318	0
AENJPLPP_00319	0
AENJPLPP_00320	1
AENJPLPP_00321	0
AENJPLPP_00322	71
AENJPLPP_00323	41
AENJPLPP_00324	35
AENJPLPP_00325	8
AENJPLPP_00326	0
AENJPLPP_00327	0
AENJPLPP_00328	0
AENJPLPP_00329	0
AENJPLPP_00330	0
AENJPLPP_00331	1
AENJPLPP_00332	0
AENJPLPP_00333	0
AENJPLPP_00334	7
AENJPLPP_00335	0
AENJPLPP_00336	6
AENJPLPP_00337	2
AENJPLPP_00338	54
AENJPLPP_00339	417
AENJPLPP_00340	4
AENJPLPP_00341	0
AENJPLPP_00342	3
AENJPLPP_00343	0
AENJPLPP_00344	3
AENJPLPP_00345	0
AENJPLPP_00346	0
AENJPLPP_00347	0
AENJPLPP_00348	0
AENJPLPP_00349	1
AENJPLPP_00350	0
AENJPLPP_00351	0
AENJPLPP_00352	1
AENJPLPP_00353	4
AENJPLPP_00354	2
AENJPLPP_00355	0
AENJPLPP_00356	4
AENJPLPP_00357	0
AENJPLPP_00358	6
AENJPLPP_00359	0
AENJPLPP_00360	0
AENJPLPP_00361	0
AENJPLPP_00362	14
AENJPLPP_00363	15
AENJPLPP_00364	33
AENJPLPP_00365	29
AENJPLPP_00366	10
AENJPLPP_00367	4
AENJPLPP_00368	0
AENJPLPP_00369	4
AENJPLPP_00370	3
AENJPLPP_00371	3
AENJPLPP_00372	2
AENJPLPP_00373	1
AENJPLPP_00374	1
AENJPLPP_00375	11
AENJPLPP_00376	20
AENJPLPP_00377	2
AENJPLPP_00378	1
AENJPLPP_00379	1
AENJPLPP_00380	0
AENJPLPP_00381	0
AENJPLPP_00382	8
AENJPLPP_00383	1
AENJPLPP_00384	3
AENJPLPP_00385	21
AENJPLPP_00386	30
AENJPLPP_00387	19
AENJPLPP_00388	34
AENJPLPP_00389	26
AENJPLPP_00390	19
AENJPLPP_00391	5
AENJPLPP_00392	110
AENJPLPP_00393	3
AENJPLPP_00394	3
AENJPLPP_00395	0
AENJPLPP_00396	0
AENJPLPP_00397	0
AENJPLPP_00398	0
AENJPLPP_00399	0
AENJPLPP_00400	0
AENJPLPP_00401	0
AENJPLPP_00402	0
AENJPLPP_00403	0
AENJPLPP_00404	0
AENJPLPP_00405	0
AENJPLPP_00406	0
AENJPLPP_00407	0
AENJPLPP_00408	4
AENJPLPP_00409	10
AENJPLPP_00410	21
AENJPLPP_00411	1
AENJPLPP_00412	2
AENJPLPP_00413	0
AENJPLPP_00414	0
AENJPLPP_00415	0
AENJPLPP_00416	0
AENJPLPP_00417	29
AENJPLPP_00418	0
AENJPLPP_00419	6
AENJPLPP_00420	0
AENJPLPP_00421	7
AENJPLPP_00422	12
AENJPLPP_00423	17
AENJPLPP_00424	3
AENJPLPP_00425	47
AENJPLPP_00426	5
AENJPLPP_00427	57
AENJPLPP_00428	3
AENJPLPP_00429	0
AENJPLPP_00430	47
AENJPLPP_00431	24
AENJPLPP_00432	23
AENJPLPP_00433	11
AENJPLPP_00434	15
AENJPLPP_00435	16
AENJPLPP_00436	6
AENJPLPP_00437	3
AENJPLPP_00438	4
AENJPLPP_00439	44
AENJPLPP_00440	17
AENJPLPP_00441	46
AENJPLPP_00442	9
AENJPLPP_00443	7
AENJPLPP_00444	7
AENJPLPP_00445	34
AENJPLPP_00446	5
AENJPLPP_00447	6
AENJPLPP_00448	9
AENJPLPP_00449	122
AENJPLPP_00450	21
AENJPLPP_00451	12
AENJPLPP_00452	0
AENJPLPP_00453	11
AENJPLPP_00454	9
AENJPLPP_00455	25
AENJPLPP_00456	0
AENJPLPP_00457	33
AENJPLPP_00458	15
AENJPLPP_00459	0
AENJPLPP_00460	0
AENJPLPP_00461	0
AENJPLPP_00462	0
AENJPLPP_00463	1
AENJPLPP_00464	3
AENJPLPP_00465	43
AENJPLPP_00466	32
AENJPLPP_00467	25
AENJPLPP_00468	2
AENJPLPP_00469	2
AENJPLPP_00470	21
AENJPLPP_00471	0
AENJPLPP_00472	0
AENJPLPP_00473	9
AENJPLPP_00474	8
AENJPLPP_00475	0
AENJPLPP_00476	1
AENJPLPP_00477	17
AENJPLPP_00478	39
AENJPLPP_00479	6
AENJPLPP_00480	80
AENJPLPP_00481	2
AENJPLPP_00482	0
AENJPLPP_00483	657
AENJPLPP_00484	11
AENJPLPP_00485	10
AENJPLPP_00486	19
AENJPLPP_00487	9
AENJPLPP_00488	36
AENJPLPP_00489	7
AENJPLPP_00490	17
AENJPLPP_00491	5
AENJPLPP_00492	61
AENJPLPP_00493	60
AENJPLPP_00494	143
AENJPLPP_00495	4
AENJPLPP_00496	0
AENJPLPP_00497	6
AENJPLPP_00498	32
AENJPLPP_00499	8
AENJPLPP_00500	3
AENJPLPP_00501	9
AENJPLPP_00502	2
AENJPLPP_00503	1
AENJPLPP_00504	3
AENJPLPP_00505	10
AENJPLPP_00506	2
AENJPLPP_00507	8
AENJPLPP_00508	4
AENJPLPP_00509	27
AENJPLPP_00510	49
AENJPLPP_00511	2
AENJPLPP_00512	12
AENJPLPP_00513	5
AENJPLPP_00514	23
AENJPLPP_00515	38
AENJPLPP_00516	44
AENJPLPP_00517	10
AENJPLPP_00518	0
AENJPLPP_00519	4
AENJPLPP_00520	11
AENJPLPP_00521	0
AENJPLPP_00522	5
AENJPLPP_00523	0
AENJPLPP_00524	1
AENJPLPP_00525	25
AENJPLPP_00527	1
AENJPLPP_00528	80
AENJPLPP_00529	8
AENJPLPP_00530	12
AENJPLPP_00531	0
AENJPLPP_00532	8
AENJPLPP_00533	8
AENJPLPP_00534	7
AENJPLPP_00535	13
AENJPLPP_00537	1
AENJPLPP_00538	40
AENJPLPP_00539	0
AENJPLPP_00540	10
AENJPLPP_00541	30
AENJPLPP_00542	4
AENJPLPP_00543	10
AENJPLPP_00544	2
AENJPLPP_00545	5
AENJPLPP_00546	2
AENJPLPP_00547	1
AENJPLPP_00548	5
AENJPLPP_00549	4
AENJPLPP_00550	7
AENJPLPP_00551	6
AENJPLPP_00552	1
AENJPLPP_00553	0
AENJPLPP_00554	0
AENJPLPP_00555	7
AENJPLPP_00556	3
AENJPLPP_00557	43
AENJPLPP_00558	19
AENJPLPP_00559	5
AENJPLPP_00560	22
AENJPLPP_00561	120
AENJPLPP_00562	20
AENJPLPP_00563	7
AENJPLPP_00564	13
AENJPLPP_00565	31
AENJPLPP_00566	9
AENJPLPP_00567	1
AENJPLPP_00568	59
AENJPLPP_00569	22
AENJPLPP_00570	9
AENJPLPP_00571	13
AENJPLPP_00572	3
AENJPLPP_00573	11
AENJPLPP_00574	0
AENJPLPP_00575	0
AENJPLPP_00576	0
AENJPLPP_00577	0
AENJPLPP_00578	1
AENJPLPP_00579	1
AENJPLPP_00580	343
AENJPLPP_00581	423
AENJPLPP_00582	301
AENJPLPP_00583	90
AENJPLPP_00584	885
AENJPLPP_00585	267
AENJPLPP_00586	630
AENJPLPP_00587	191
AENJPLPP_00588	37
AENJPLPP_00589	188
AENJPLPP_00590	12
AENJPLPP_00591	273
AENJPLPP_00592	96
AENJPLPP_00593	29
AENJPLPP_00594	49
AENJPLPP_00595	42
AENJPLPP_00596	1
AENJPLPP_00597	0
AENJPLPP_00598	0
AENJPLPP_00599	0
AENJPLPP_00600	0
AENJPLPP_00601	23
AENJPLPP_00602	20
AENJPLPP_00603	31
AENJPLPP_00604	7
AENJPLPP_00605	8
AENJPLPP_00606	4
AENJPLPP_00607	0
AENJPLPP_00608	20
AENJPLPP_00609	6
AENJPLPP_00610	2
AENJPLPP_00611	6
AENJPLPP_00612	0
AENJPLPP_00613	0
AENJPLPP_00614	0
AENJPLPP_00615	30
AENJPLPP_00616	16
AENJPLPP_00617	14
AENJPLPP_00618	1
AENJPLPP_00620	4
AENJPLPP_00621	2
AENJPLPP_00622	0
AENJPLPP_00623	3
AENJPLPP_00624	0
AENJPLPP_00625	8
AENJPLPP_00626	5
AENJPLPP_00627	4
AENJPLPP_00628	12
AENJPLPP_00629	2
AENJPLPP_00630	8
AENJPLPP_00631	5
AENJPLPP_00632	14
AENJPLPP_00633	4
AENJPLPP_00634	13
AENJPLPP_00635	15
AENJPLPP_00636	0
AENJPLPP_00637	0
AENJPLPP_00638	49
AENJPLPP_00639	6
AENJPLPP_00640	16
AENJPLPP_00641	5
AENJPLPP_00642	9
AENJPLPP_00643	1
AENJPLPP_00644	3
AENJPLPP_00645	15
AENJPLPP_00646	1
AENJPLPP_00647	12
AENJPLPP_00648	48
AENJPLPP_00649	29
AENJPLPP_00650	5
AENJPLPP_00651	3
AENJPLPP_00652	12
AENJPLPP_00653	7
AENJPLPP_00654	21
AENJPLPP_00655	10
AENJPLPP_00656	3
AENJPLPP_00657	10
AENJPLPP_00658	9
AENJPLPP_00659	0
AENJPLPP_00660	3
AENJPLPP_00661	5
AENJPLPP_00662	19
AENJPLPP_00663	34
AENJPLPP_00664	15
AENJPLPP_00665	2
AENJPLPP_00666	6
AENJPLPP_00667	8
AENJPLPP_00668	14
AENJPLPP_00669	30
AENJPLPP_00670	20
AENJPLPP_00671	7
AENJPLPP_00672	11
AENJPLPP_00673	18
AENJPLPP_00674	33
AENJPLPP_00675	2
AENJPLPP_00676	16
AENJPLPP_00677	21
AENJPLPP_00678	1
AENJPLPP_00679	0
AENJPLPP_00680	19
AENJPLPP_00681	27
AENJPLPP_00682	8
AENJPLPP_00683	101
AENJPLPP_00684	22
AENJPLPP_00685	143
AENJPLPP_00686	8
AENJPLPP_00687	13
AENJPLPP_00688	4
AENJPLPP_00689	0
AENJPLPP_00690	4
AENJPLPP_00691	0
AENJPLPP_00692	73
AENJPLPP_00693	36
AENJPLPP_00694	2
AENJPLPP_00695	9
AENJPLPP_00696	6
AENJPLPP_00697	10
AENJPLPP_00698	3
AENJPLPP_00699	25
AENJPLPP_00700	0
AENJPLPP_00701	11
AENJPLPP_00702	9
AENJPLPP_00703	12
AENJPLPP_00704	0
AENJPLPP_00705	79
AENJPLPP_00706	27
AENJPLPP_00707	13
AENJPLPP_00708	10
AENJPLPP_00709	0
AENJPLPP_00710	2
AENJPLPP_00711	15
AENJPLPP_00712	171
AENJPLPP_00713	125
AENJPLPP_00714	1
AENJPLPP_00715	53
AENJPLPP_00716	3
AENJPLPP_00717	13
AENJPLPP_00718	42
AENJPLPP_00719	12
AENJPLPP_00720	31
AENJPLPP_00721	1
AENJPLPP_00722	60
AENJPLPP_00723	10
AENJPLPP_00724	0
AENJPLPP_00725	0
AENJPLPP_00726	0
AENJPLPP_00727	3
AENJPLPP_00728	0
AENJPLPP_00729	11
AENJPLPP_00730	1
AENJPLPP_00731	1
AENJPLPP_00732	2
AENJPLPP_00733	0
AENJPLPP_00734	0
AENJPLPP_00735	1
AENJPLPP_00736	0
AENJPLPP_00737	0
AENJPLPP_00738	0
AENJPLPP_00739	0
AENJPLPP_00740	0
AENJPLPP_00741	0
AENJPLPP_00742	0
AENJPLPP_00743	3
AENJPLPP_00744	5
AENJPLPP_00745	1
AENJPLPP_00746	0
AENJPLPP_00747	11
AENJPLPP_00748	27
AENJPLPP_00749	1
AENJPLPP_00750	1
AENJPLPP_00751	3
AENJPLPP_00752	1
AENJPLPP_00753	1
AENJPLPP_00754	0
AENJPLPP_00755	0
AENJPLPP_00756	0
AENJPLPP_00757	0
AENJPLPP_00758	1
AENJPLPP_00759	0
AENJPLPP_00760	0
AENJPLPP_00761	0
AENJPLPP_00762	0
AENJPLPP_00763	0
AENJPLPP_00764	1
AENJPLPP_00765	0
AENJPLPP_00766	0
AENJPLPP_00767	0
AENJPLPP_00768	0
AENJPLPP_00769	0
AENJPLPP_00770	0
AENJPLPP_00771	0
AENJPLPP_00772	6
AENJPLPP_00773	0
AENJPLPP_00774	3
AENJPLPP_00775	0
AENJPLPP_00776	0
AENJPLPP_00777	0
AENJPLPP_00778	0
AENJPLPP_00779	1
AENJPLPP_00796	55
AENJPLPP_00797	19
AENJPLPP_00798	66
AENJPLPP_00799	16
AENJPLPP_00800	23
AENJPLPP_00801	3
AENJPLPP_00802	110
AENJPLPP_00803	156
AENJPLPP_00804	30
AENJPLPP_00805	2
AENJPLPP_00806	19
AENJPLPP_00807	0
AENJPLPP_00808	231
AENJPLPP_00809	9
AENJPLPP_00810	0
AENJPLPP_00811	133
AENJPLPP_00812	5
AENJPLPP_00813	40
AENJPLPP_00814	1
AENJPLPP_00815	0
AENJPLPP_00816	19
AENJPLPP_00817	44
AENJPLPP_00818	0
AENJPLPP_00819	195
AENJPLPP_00820	6
AENJPLPP_00821	13
AENJPLPP_00822	8
AENJPLPP_00823	10
AENJPLPP_00824	7
AENJPLPP_00825	5
AENJPLPP_00826	25
AENJPLPP_00827	5
AENJPLPP_00828	40
AENJPLPP_00829	9
AENJPLPP_00830	14
AENJPLPP_00831	4
AENJPLPP_00832	5
AENJPLPP_00833	3
AENJPLPP_00834	4
AENJPLPP_00835	4
AENJPLPP_00836	1
AENJPLPP_00837	16
AENJPLPP_00838	7
AENJPLPP_00839	1
AENJPLPP_00840	28
AENJPLPP_00841	28
AENJPLPP_00842	26
AENJPLPP_00843	13
AENJPLPP_00844	248
AENJPLPP_00845	37
AENJPLPP_00846	57
AENJPLPP_00847	149
AENJPLPP_00848	0
AENJPLPP_00849	5
AENJPLPP_00850	22
AENJPLPP_00851	16
AENJPLPP_00852	0
AENJPLPP_00853	46
AENJPLPP_00854	7
AENJPLPP_00855	2
AENJPLPP_00856	7
AENJPLPP_00857	4
AENJPLPP_00858	19
AENJPLPP_00859	46
AENJPLPP_00860	155
AENJPLPP_00861	92
AENJPLPP_00862	0
AENJPLPP_00863	5
AENJPLPP_00864	1
AENJPLPP_00865	1
AENJPLPP_00866	0
AENJPLPP_00867	0
AENJPLPP_00868	0
AENJPLPP_00869	10
AENJPLPP_00870	30
AENJPLPP_00871	2
AENJPLPP_00872	5
AENJPLPP_00873	8
AENJPLPP_00874	23
AENJPLPP_00875	21
AENJPLPP_00876	2
AENJPLPP_00877	0
AENJPLPP_00878	50
AENJPLPP_00879	10
AENJPLPP_00880	8
AENJPLPP_00881	6
AENJPLPP_00882	2
AENJPLPP_00883	0
AENJPLPP_00884	12
AENJPLPP_00885	12
AENJPLPP_00886	11
AENJPLPP_00887	3
AENJPLPP_00888	2
AENJPLPP_00889	1
AENJPLPP_00890	0
AENJPLPP_00891	8
AENJPLPP_00892	0
AENJPLPP_00893	28
AENJPLPP_00894	7
AENJPLPP_00895	8
AENJPLPP_00896	0
AENJPLPP_00897	10
AENJPLPP_00898	32
AENJPLPP_00899	14
AENJPLPP_00900	54
AENJPLPP_00901	11
AENJPLPP_00902	21
AENJPLPP_00903	8
AENJPLPP_00904	28
AENJPLPP_00905	10
AENJPLPP_00906	5
AENJPLPP_00907	9
AENJPLPP_00908	40
AENJPLPP_00909	13
AENJPLPP_00910	4
AENJPLPP_00911	41
AENJPLPP_00912	0
AENJPLPP_00913	0
AENJPLPP_00914	0
AENJPLPP_00915	0
AENJPLPP_00916	0
AENJPLPP_00917	0
AENJPLPP_00918	0
AENJPLPP_00920	0
AENJPLPP_00921	0
AENJPLPP_00922	0
AENJPLPP_00923	0
AENJPLPP_00924	0
AENJPLPP_00925	0
AENJPLPP_00926	0
AENJPLPP_00927	0
AENJPLPP_00928	10
AENJPLPP_00929	2
AENJPLPP_00930	12
AENJPLPP_00931	0
AENJPLPP_00932	0
AENJPLPP_00933	1
AENJPLPP_00934	0
AENJPLPP_00935	1
AENJPLPP_00936	0
AENJPLPP_00937	2
AENJPLPP_00938	0
AENJPLPP_00939	4
AENJPLPP_00940	0
AENJPLPP_00941	3
AENJPLPP_00942	2
AENJPLPP_00943	1
AENJPLPP_00944	1
AENJPLPP_00945	0
AENJPLPP_00946	6
AENJPLPP_00947	2
AENJPLPP_00948	0
AENJPLPP_00949	1
AENJPLPP_00950	1
AENJPLPP_00951	2
AENJPLPP_00952	0
AENJPLPP_00953	0
AENJPLPP_00954	0
AENJPLPP_00955	0
AENJPLPP_00956	0
AENJPLPP_00957	2
AENJPLPP_00958	2
AENJPLPP_00959	2
AENJPLPP_00960	2
AENJPLPP_00961	1
AENJPLPP_00962	0
AENJPLPP_00963	6
AENJPLPP_00964	1
AENJPLPP_00965	1
AENJPLPP_00966	23
AENJPLPP_00967	14
AENJPLPP_00968	6
AENJPLPP_00969	0
AENJPLPP_00970	2
AENJPLPP_00971	1
AENJPLPP_00972	3
AENJPLPP_00973	7
AENJPLPP_00974	12
AENJPLPP_00975	0
AENJPLPP_00976	2
AENJPLPP_00977	33
AENJPLPP_00978	12
AENJPLPP_00979	22
AENJPLPP_00980	6
AENJPLPP_00981	3
AENJPLPP_00982	7
AENJPLPP_00983	1
AENJPLPP_00984	4
AENJPLPP_00985	5
AENJPLPP_00986	137
AENJPLPP_00987	4
AENJPLPP_00988	13
AENJPLPP_00989	2
AENJPLPP_00990	3
AENJPLPP_00991	10
AENJPLPP_00992	10
AENJPLPP_00993	14
AENJPLPP_00994	20
AENJPLPP_00995	20
AENJPLPP_00996	17
AENJPLPP_00997	1
AENJPLPP_00999	0
AENJPLPP_01000	0
AENJPLPP_01001	1
AENJPLPP_01002	0
AENJPLPP_01003	1
AENJPLPP_01004	43
AENJPLPP_01005	21
AENJPLPP_01006	0
AENJPLPP_01007	0
AENJPLPP_01008	8
AENJPLPP_01009	4
AENJPLPP_01010	19
AENJPLPP_01011	53
AENJPLPP_01012	42
AENJPLPP_01013	5
AENJPLPP_01014	4
AENJPLPP_01015	6
AENJPLPP_01016	1
AENJPLPP_01017	0
AENJPLPP_01018	2
AENJPLPP_01019	2
AENJPLPP_01020	43
AENJPLPP_01021	116
AENJPLPP_01022	34
AENJPLPP_01023	19
AENJPLPP_01024	12
AENJPLPP_01025	16
AENJPLPP_01026	3
AENJPLPP_01027	11
AENJPLPP_01028	5
AENJPLPP_01029	0
AENJPLPP_01030	1
AENJPLPP_01031	34
AENJPLPP_01032	3
AENJPLPP_01033	0
AENJPLPP_01034	0
AENJPLPP_01035	1
AENJPLPP_01036	0
AENJPLPP_01037	0
AENJPLPP_01038	1
AENJPLPP_01039	4
AENJPLPP_01040	13
AENJPLPP_01041	2
AENJPLPP_01042	0
AENJPLPP_01043	3
AENJPLPP_01044	5
AENJPLPP_01045	12
AENJPLPP_01046	77
AENJPLPP_01047	44
AENJPLPP_01048	0
AENJPLPP_01049	3
AENJPLPP_01050	21
AENJPLPP_01051	0
AENJPLPP_01052	0
AENJPLPP_01053	69
AENJPLPP_01054	1
AENJPLPP_01055	51
AENJPLPP_01056	121
AENJPLPP_01057	2
AENJPLPP_01058	22
AENJPLPP_01059	3
AENJPLPP_01060	16
AENJPLPP_01061	1
AENJPLPP_01062	6
AENJPLPP_01063	1
AENJPLPP_01064	1
AENJPLPP_01065	121
AENJPLPP_01066	43
AENJPLPP_01067	57
AENJPLPP_01068	8
AENJPLPP_01069	35
AENJPLPP_01070	18
AENJPLPP_01071	21
AENJPLPP_01072	178
AENJPLPP_01073	0
AENJPLPP_01074	6
AENJPLPP_01075	1
AENJPLPP_01076	4
AENJPLPP_01077	12
AENJPLPP_01078	3
AENJPLPP_01079	78
AENJPLPP_01080	4
AENJPLPP_01081	5
AENJPLPP_01082	31
AENJPLPP_01083	2
AENJPLPP_01084	0
AENJPLPP_01085	0
AENJPLPP_01086	0
AENJPLPP_01087	0
AENJPLPP_01088	0
AENJPLPP_01089	0
AENJPLPP_01090	0
AENJPLPP_01091	23
AENJPLPP_01092	0
AENJPLPP_01093	13
AENJPLPP_01094	10
AENJPLPP_01095	6
AENJPLPP_01096	12
AENJPLPP_01097	21
AENJPLPP_01098	81
AENJPLPP_01099	22
AENJPLPP_01100	33
AENJPLPP_01101	3
AENJPLPP_01102	2
AENJPLPP_01103	0
AENJPLPP_01104	0
AENJPLPP_01105	0
AENJPLPP_01106	0
AENJPLPP_01107	0
AENJPLPP_01108	0
AENJPLPP_01109	0
AENJPLPP_01110	0
AENJPLPP_01111	1
AENJPLPP_01112	0
AENJPLPP_01113	0
AENJPLPP_01114	0
AENJPLPP_01115	1
AENJPLPP_01116	0
AENJPLPP_01117	2
AENJPLPP_01118	0
AENJPLPP_01119	2
AENJPLPP_01120	0
AENJPLPP_01121	1
AENJPLPP_01122	0
AENJPLPP_01123	1
AENJPLPP_01124	22
AENJPLPP_01125	89
AENJPLPP_01126	4
AENJPLPP_01127	2
AENJPLPP_01128	1
AENJPLPP_01129	0
AENJPLPP_01130	1
AENJPLPP_01131	0
AENJPLPP_01132	2
AENJPLPP_01133	1
AENJPLPP_01134	0
AENJPLPP_01135	1
AENJPLPP_01136	0
AENJPLPP_01137	0
AENJPLPP_01138	6
AENJPLPP_01139	3
AENJPLPP_01140	2
AENJPLPP_01141	10
AENJPLPP_01142	0
AENJPLPP_01143	0
AENJPLPP_01144	0
AENJPLPP_01145	7
AENJPLPP_01146	1
AENJPLPP_01147	0
AENJPLPP_01148	0
AENJPLPP_01149	6
AENJPLPP_01150	2
AENJPLPP_01151	0
AENJPLPP_01152	6
AENJPLPP_01153	13
AENJPLPP_01154	8
AENJPLPP_01155	4
AENJPLPP_01156	33
AENJPLPP_01157	726
AENJPLPP_01158	1
AENJPLPP_01159	37
AENJPLPP_01160	9
AENJPLPP_01161	8
AENJPLPP_01162	6
AENJPLPP_01163	3
AENJPLPP_01164	5
AENJPLPP_01165	0
AENJPLPP_01166	0
AENJPLPP_01167	31
AENJPLPP_01194	0
AENJPLPP_01195	85
AENJPLPP_01196	8
AENJPLPP_01197	8
AENJPLPP_01198	226
AENJPLPP_01199	13
AENJPLPP_01200	16
AENJPLPP_01201	40
AENJPLPP_01202	18
AENJPLPP_01203	1
AENJPLPP_01204	3
AENJPLPP_01205	33
AENJPLPP_01206	7
AENJPLPP_01207	99
AENJPLPP_01208	13
AENJPLPP_01209	105
AENJPLPP_01210	0
AENJPLPP_01211	17
AENJPLPP_01212	1101
AENJPLPP_01213	9
AENJPLPP_01214	27
AENJPLPP_01215	22
AENJPLPP_01216	11
AENJPLPP_01217	68
AENJPLPP_01218	89
AENJPLPP_01219	24
AENJPLPP_01220	20
AENJPLPP_01221	16
AENJPLPP_01222	8
AENJPLPP_01223	24
AENJPLPP_01224	53
AENJPLPP_01225	100
AENJPLPP_01226	2
AENJPLPP_01227	7
AENJPLPP_01228	5
AENJPLPP_01229	3
AENJPLPP_01230	49
AENJPLPP_01231	14
AENJPLPP_01232	24
AENJPLPP_01233	43
AENJPLPP_01234	11
AENJPLPP_01235	3
AENJPLPP_01236	1
AENJPLPP_01237	1
AENJPLPP_01238	16
AENJPLPP_01239	37
AENJPLPP_01240	8
AENJPLPP_01241	163
AENJPLPP_01242	103
AENJPLPP_01243	12
AENJPLPP_01244	15
AENJPLPP_01245	22
AENJPLPP_01246	8
AENJPLPP_01247	7
AENJPLPP_01248	11
AENJPLPP_01249	10
AENJPLPP_01250	38
AENJPLPP_01251	0
AENJPLPP_01252	9
AENJPLPP_01253	14
AENJPLPP_01254	2
AENJPLPP_01255	9
AENJPLPP_01256	6
AENJPLPP_01257	66
AENJPLPP_01258	27
AENJPLPP_01259	32
AENJPLPP_01260	11
AENJPLPP_01261	3
AENJPLPP_01262	17
AENJPLPP_01263	9
AENJPLPP_01264	5
AENJPLPP_01265	0
AENJPLPP_01266	0
AENJPLPP_01267	3
AENJPLPP_01268	1
AENJPLPP_01269	1
AENJPLPP_01270	0
AENJPLPP_01271	0
AENJPLPP_01272	0
AENJPLPP_01273	23
AENJPLPP_01274	67
AENJPLPP_01275	0
AENJPLPP_01276	2
AENJPLPP_01277	3
AENJPLPP_01278	0
AENJPLPP_01279	1
AENJPLPP_01280	0
AENJPLPP_01281	3
AENJPLPP_01282	11
AENJPLPP_01283	1
AENJPLPP_01284	1
AENJPLPP_01285	0
AENJPLPP_01286	0
AENJPLPP_01287	2
AENJPLPP_01288	7
AENJPLPP_01289	2
AENJPLPP_01290	0
AENJPLPP_01291	7
AENJPLPP_01292	1
AENJPLPP_01293	13
AENJPLPP_01294	5
AENJPLPP_01295	2
AENJPLPP_01296	0
AENJPLPP_01297	4
AENJPLPP_01298	0
AENJPLPP_01299	0
AENJPLPP_01300	1
AENJPLPP_01301	0
AENJPLPP_01302	0
AENJPLPP_01303	0
AENJPLPP_01304	0
AENJPLPP_01305	0
AENJPLPP_01306	34
AENJPLPP_01307	4
AENJPLPP_01308	0
AENJPLPP_01309	1
AENJPLPP_01310	0
AENJPLPP_01311	0
AENJPLPP_01312	0
AENJPLPP_01313	0
AENJPLPP_01314	0
AENJPLPP_01315	0
AENJPLPP_01316	0
AENJPLPP_01317	0
AENJPLPP_01318	0
AENJPLPP_01319	0
AENJPLPP_01320	1
AENJPLPP_01321	1
AENJPLPP_01322	1
AENJPLPP_01323	0
AENJPLPP_01324	0
AENJPLPP_01325	5
AENJPLPP_01326	0
AENJPLPP_01327	0
AENJPLPP_01328	0
AENJPLPP_01329	0
AENJPLPP_01330	0
AENJPLPP_01331	0
AENJPLPP_01332	0
AENJPLPP_01333	0
AENJPLPP_01334	0
AENJPLPP_01335	0
AENJPLPP_01336	5
AENJPLPP_01337	2
AENJPLPP_01338	0
AENJPLPP_01339	1
AENJPLPP_01340	0
AENJPLPP_01341	0
AENJPLPP_01342	1
AENJPLPP_01343	0
AENJPLPP_01344	0
AENJPLPP_01345	0
AENJPLPP_01346	0
AENJPLPP_01347	0
AENJPLPP_01348	2
AENJPLPP_01349	0
AENJPLPP_01350	1
AENJPLPP_01351	4
AENJPLPP_01352	1
AENJPLPP_01353	0
AENJPLPP_01354	0
AENJPLPP_01355	8
AENJPLPP_01356	1
AENJPLPP_01357	32
AENJPLPP_01358	20
AENJPLPP_01359	63
AENJPLPP_01360	49
AENJPLPP_01361	0
AENJPLPP_01362	90
AENJPLPP_01363	0
AENJPLPP_01364	0
AENJPLPP_01365	0
AENJPLPP_01366	0
AENJPLPP_01367	0
AENJPLPP_01368	0
AENJPLPP_01369	0
AENJPLPP_01370	0
AENJPLPP_01371	0
AENJPLPP_01372	0
AENJPLPP_01373	4
AENJPLPP_01374	153
AENJPLPP_01375	194
AENJPLPP_01376	2
AENJPLPP_01377	0
AENJPLPP_01378	2
AENJPLPP_01379	13
AENJPLPP_01380	13
AENJPLPP_01381	16
AENJPLPP_01382	6
AENJPLPP_01383	3
AENJPLPP_01384	3
AENJPLPP_01385	13
AENJPLPP_01386	31
AENJPLPP_01387	3
AENJPLPP_01388	1
AENJPLPP_01389	18
AENJPLPP_01390	46
AENJPLPP_01391	3
AENJPLPP_01392	83
AENJPLPP_01393	8
AENJPLPP_01403	12
AENJPLPP_01404	9
AENJPLPP_01405	7
AENJPLPP_01406	331
AENJPLPP_01407	25
AENJPLPP_01408	28
AENJPLPP_01409	6
AENJPLPP_01410	6
AENJPLPP_01411	11
AENJPLPP_01412	31
AENJPLPP_01413	16
AENJPLPP_01414	1
AENJPLPP_01415	9
AENJPLPP_01416	0
AENJPLPP_01417	29
AENJPLPP_01418	13
AENJPLPP_01419	2
AENJPLPP_01420	1
AENJPLPP_01421	29
AENJPLPP_01422	20
AENJPLPP_01423	11
AENJPLPP_01424	25
AENJPLPP_01425	70
AENJPLPP_01426	113
AENJPLPP_01427	23
AENJPLPP_01428	89
AENJPLPP_01429	26
AENJPLPP_01430	0
AENJPLPP_01431	33
AENJPLPP_01432	11
AENJPLPP_01433	6
AENJPLPP_01434	166
AENJPLPP_01435	18
AENJPLPP_01436	21
AENJPLPP_01437	15
AENJPLPP_01438	56
AENJPLPP_01439	5
AENJPLPP_01440	2
AENJPLPP_01441	0
AENJPLPP_01442	0
AENJPLPP_01443	0
AENJPLPP_01444	3
AENJPLPP_01445	1
AENJPLPP_01446	0
AENJPLPP_01447	0
AENJPLPP_01448	0
AENJPLPP_01449	0
AENJPLPP_01450	7
AENJPLPP_01451	3
AENJPLPP_01452	0
AENJPLPP_01453	0
AENJPLPP_01454	0
AENJPLPP_01455	0
AENJPLPP_01456	143
AENJPLPP_01457	11
AENJPLPP_01458	8
AENJPLPP_01459	4
AENJPLPP_01460	48
AENJPLPP_01461	24
AENJPLPP_01462	12
AENJPLPP_01463	807
AENJPLPP_01464	87
AENJPLPP_01465	52
AENJPLPP_01466	39
AENJPLPP_01467	38
AENJPLPP_01468	38
AENJPLPP_01469	52
AENJPLPP_01470	108
AENJPLPP_01471	12
AENJPLPP_01472	7
AENJPLPP_01473	48
AENJPLPP_01474	64
AENJPLPP_01475	177
AENJPLPP_01476	561
AENJPLPP_01477	6
AENJPLPP_01478	68
AENJPLPP_01479	43
AENJPLPP_01480	30
AENJPLPP_01481	52
AENJPLPP_01482	19
AENJPLPP_01483	25
AENJPLPP_01484	78
AENJPLPP_01485	45
AENJPLPP_01486	8
AENJPLPP_01487	38
AENJPLPP_01488	28
AENJPLPP_01489	67
AENJPLPP_01490	26
AENJPLPP_01491	25
AENJPLPP_01492	20
AENJPLPP_01493	44
AENJPLPP_01494	32
AENJPLPP_01495	64
AENJPLPP_01496	9
AENJPLPP_01497	50
AENJPLPP_01498	84
AENJPLPP_01499	34
AENJPLPP_01500	17
AENJPLPP_01501	44
AENJPLPP_01502	42
AENJPLPP_01503	26
AENJPLPP_01504	65
AENJPLPP_01505	100
AENJPLPP_01506	15
AENJPLPP_01507	23
AENJPLPP_01508	10
AENJPLPP_01509	0
AENJPLPP_01510	6
AENJPLPP_01511	0
AENJPLPP_01512	0
AENJPLPP_01513	0
AENJPLPP_01514	4
AENJPLPP_01515	9
AENJPLPP_01516	0
AENJPLPP_01517	0
AENJPLPP_01518	9
AENJPLPP_01519	14
AENJPLPP_01520	15
AENJPLPP_01521	174
AENJPLPP_01522	37
AENJPLPP_01523	49
AENJPLPP_01524	24
AENJPLPP_01525	0
AENJPLPP_01526	34
AENJPLPP_01527	31
AENJPLPP_01528	14
AENJPLPP_01529	14
AENJPLPP_01530	364
AENJPLPP_01531	6
AENJPLPP_01532	91
AENJPLPP_01533	23
AENJPLPP_01534	16
AENJPLPP_01535	29
AENJPLPP_01536	7
AENJPLPP_01537	30
AENJPLPP_01538	44
AENJPLPP_01539	26
AENJPLPP_01540	74
AENJPLPP_01541	0
AENJPLPP_01542	0
AENJPLPP_01543	1
AENJPLPP_01544	0
AENJPLPP_01545	17
AENJPLPP_01546	23
AENJPLPP_01547	0
AENJPLPP_01548	0
AENJPLPP_01549	1
AENJPLPP_01550	0
AENJPLPP_01551	31
AENJPLPP_01552	0
AENJPLPP_01553	1
AENJPLPP_01554	6
AENJPLPP_01555	1
AENJPLPP_01556	9
AENJPLPP_01557	5
AENJPLPP_01558	175
AENJPLPP_01559	44
AENJPLPP_01560	2
AENJPLPP_01561	4
AENJPLPP_01562	6
AENJPLPP_01563	3
AENJPLPP_01564	0
AENJPLPP_01565	15
AENJPLPP_01566	25
AENJPLPP_01567	7
AENJPLPP_01568	3
AENJPLPP_01569	3
AENJPLPP_01570	10
AENJPLPP_01571	9
AENJPLPP_01572	28
AENJPLPP_01573	6
AENJPLPP_01574	17
AENJPLPP_01575	73
AENJPLPP_01576	0
AENJPLPP_01577	110
AENJPLPP_01578	0
AENJPLPP_01579	7
AENJPLPP_01580	27
AENJPLPP_01581	189
AENJPLPP_01582	13
AENJPLPP_01583	8
AENJPLPP_01584	3
AENJPLPP_01585	12
AENJPLPP_01586	8
AENJPLPP_01587	4
AENJPLPP_01588	36
AENJPLPP_01589	118
AENJPLPP_01590	4
AENJPLPP_01591	44
AENJPLPP_01592	4
AENJPLPP_01593	31
AENJPLPP_01594	15
AENJPLPP_01595	39
AENJPLPP_01596	12
AENJPLPP_01597	8
AENJPLPP_01598	11
AENJPLPP_01599	0
AENJPLPP_01600	0
AENJPLPP_01601	0
AENJPLPP_01602	0
AENJPLPP_01603	6
AENJPLPP_01604	2
AENJPLPP_01605	0
AENJPLPP_01606	8
AENJPLPP_01607	0
AENJPLPP_01608	16
AENJPLPP_01609	8
AENJPLPP_01610	44
AENJPLPP_01611	7
AENJPLPP_01612	12
AENJPLPP_01613	6
AENJPLPP_01614	5
AENJPLPP_01615	23
AENJPLPP_01616	40
AENJPLPP_01617	18
AENJPLPP_01618	5
AENJPLPP_01619	9
AENJPLPP_01620	0
AENJPLPP_01621	0
AENJPLPP_01622	1
AENJPLPP_01623	7
AENJPLPP_01624	1
AENJPLPP_01625	7
AENJPLPP_01626	162
AENJPLPP_01627	0
AENJPLPP_01628	25
AENJPLPP_01629	81
AENJPLPP_01630	5
AENJPLPP_01631	47
AENJPLPP_01632	0
AENJPLPP_01633	561
AENJPLPP_01634	0
AENJPLPP_01635	5
AENJPLPP_01636	0
AENJPLPP_01637	1
AENJPLPP_01638	2
AENJPLPP_01639	0
AENJPLPP_01640	1
AENJPLPP_01641	0
AENJPLPP_01642	14
AENJPLPP_01643	8
AENJPLPP_01644	1
AENJPLPP_01645	0
AENJPLPP_01646	2
AENJPLPP_01647	8
AENJPLPP_01648	4
AENJPLPP_01649	4
AENJPLPP_01650	1
AENJPLPP_01651	4
AENJPLPP_01652	0
AENJPLPP_01653	1
AENJPLPP_01654	119
AENJPLPP_01655	30
AENJPLPP_01656	23
AENJPLPP_01657	1
AENJPLPP_01658	2
AENJPLPP_01659	0
AENJPLPP_01660	0
AENJPLPP_01661	9
AENJPLPP_01662	9
AENJPLPP_01663	22
AENJPLPP_01664	126
AENJPLPP_01665	0
AENJPLPP_01666	0
AENJPLPP_01667	12
AENJPLPP_01668	3
AENJPLPP_01669	38
AENJPLPP_01670	14
AENJPLPP_01671	40
AENJPLPP_01672	18
AENJPLPP_01673	39
AENJPLPP_01674	2
AENJPLPP_01675	0
AENJPLPP_01676	0
AENJPLPP_01677	4
AENJPLPP_01678	0
AENJPLPP_01679	9
AENJPLPP_01680	0
AENJPLPP_01681	0
AENJPLPP_01682	0
AENJPLPP_01683	0
AENJPLPP_01684	0
AENJPLPP_01685	0
AENJPLPP_01686	0
AENJPLPP_01687	0
AENJPLPP_01688	0
AENJPLPP_01689	0
AENJPLPP_01690	1
AENJPLPP_01691	1
AENJPLPP_01692	3
AENJPLPP_01693	6
AENJPLPP_01694	0
AENJPLPP_01695	0
AENJPLPP_01696	0
AENJPLPP_01697	1
AENJPLPP_01698	2
AENJPLPP_01699	10
AENJPLPP_01700	0
AENJPLPP_01701	1
AENJPLPP_01702	2
AENJPLPP_01703	25
AENJPLPP_01704	0
AENJPLPP_01705	1
AENJPLPP_01706	0
AENJPLPP_01707	0
AENJPLPP_01708	1
AENJPLPP_01709	0
AENJPLPP_01710	0
AENJPLPP_01711	0
AENJPLPP_01712	10
AENJPLPP_01713	4
AENJPLPP_01714	1
AENJPLPP_01715	7
AENJPLPP_01716	2
AENJPLPP_01717	0
AENJPLPP_01718	0
AENJPLPP_01719	0
AENJPLPP_01720	0
AENJPLPP_01721	0
AENJPLPP_01722	1
AENJPLPP_01723	6
AENJPLPP_01724	0
AENJPLPP_01725	0
AENJPLPP_01726	2
AENJPLPP_01727	3
AENJPLPP_01728	0
AENJPLPP_01729	1
AENJPLPP_01730	9
AENJPLPP_01731	13
AENJPLPP_01732	10
AENJPLPP_01733	12
AENJPLPP_01734	3
AENJPLPP_01735	2
AENJPLPP_01736	0
AENJPLPP_01737	9
AENJPLPP_01738	5
AENJPLPP_01739	0
AENJPLPP_01740	0
AENJPLPP_01741	1
AENJPLPP_01742	3
AENJPLPP_01743	4
AENJPLPP_01744	12
AENJPLPP_01745	0
AENJPLPP_01746	15
AENJPLPP_01747	10
AENJPLPP_01748	16
AENJPLPP_01749	6
AENJPLPP_01750	5
AENJPLPP_01751	4
AENJPLPP_01752	0
AENJPLPP_01753	5
AENJPLPP_01754	0
AENJPLPP_01755	0
AENJPLPP_01756	0
AENJPLPP_01757	0
AENJPLPP_01758	3
AENJPLPP_01759	6
AENJPLPP_01760	65
AENJPLPP_01761	8
AENJPLPP_01762	0
AENJPLPP_01763	0
AENJPLPP_01764	0
AENJPLPP_01765	6
AENJPLPP_01766	1
AENJPLPP_01767	0
AENJPLPP_01768	1
AENJPLPP_01769	15
AENJPLPP_01770	0
AENJPLPP_01771	16
AENJPLPP_01772	0
AENJPLPP_01773	2
AENJPLPP_01774	1
AENJPLPP_01775	0
AENJPLPP_01776	6
AENJPLPP_01777	2
AENJPLPP_01778	0
AENJPLPP_01779	1
AENJPLPP_01780	0
AENJPLPP_01781	0
AENJPLPP_01782	0
AENJPLPP_01783	0
AENJPLPP_01784	0
AENJPLPP_01785	13
AENJPLPP_01786	0
AENJPLPP_01787	14
AENJPLPP_01788	0
AENJPLPP_01789	0
AENJPLPP_01790	1
AENJPLPP_01791	3
AENJPLPP_01792	5
AENJPLPP_01793	2
AENJPLPP_01794	8
AENJPLPP_01795	0
AENJPLPP_01796	5
AENJPLPP_01797	12
AENJPLPP_01798	0
AENJPLPP_01799	76
AENJPLPP_01800	2
AENJPLPP_01801	3
AENJPLPP_01802	15
AENJPLPP_01803	1
AENJPLPP_01804	1
AENJPLPP_01805	0
AENJPLPP_01806	3
AENJPLPP_01807	2
AENJPLPP_01808	3
AENJPLPP_01809	0
AENJPLPP_01810	0
AENJPLPP_01811	4
AENJPLPP_01812	1
AENJPLPP_01813	14
AENJPLPP_01814	3
AENJPLPP_01815	5
AENJPLPP_01816	3
AENJPLPP_01817	14
AENJPLPP_01818	7
AENJPLPP_01819	9
AENJPLPP_01820	13
AENJPLPP_01821	20
AENJPLPP_01822	8
AENJPLPP_01823	9
AENJPLPP_01824	19
AENJPLPP_01825	48
AENJPLPP_01826	47
AENJPLPP_01827	31
AENJPLPP_01828	8
AENJPLPP_01829	11
AENJPLPP_01830	24
AENJPLPP_01831	34
AENJPLPP_01832	18
AENJPLPP_01833	23
AENJPLPP_01834	30
AENJPLPP_01835	0
AENJPLPP_01836	0
AENJPLPP_01837	0
AENJPLPP_01838	2
AENJPLPP_01839	6
AENJPLPP_01840	1
AENJPLPP_01841	0
AENJPLPP_01842	0
AENJPLPP_01843	1
AENJPLPP_01844	11
AENJPLPP_01845	2
AENJPLPP_01846	12
AENJPLPP_01847	22
AENJPLPP_01848	2
AENJPLPP_01849	4
AENJPLPP_01850	7
AENJPLPP_01851	11
AENJPLPP_01852	32
AENJPLPP_01853	17
AENJPLPP_01854	6
AENJPLPP_01855	3
AENJPLPP_01856	3
AENJPLPP_01857	3
AENJPLPP_01858	17
AENJPLPP_01859	15
AENJPLPP_01860	1
AENJPLPP_01861	128
AENJPLPP_01862	24
AENJPLPP_01863	16
AENJPLPP_01864	1
AENJPLPP_01865	2
AENJPLPP_01866	6
AENJPLPP_01867	0
AENJPLPP_01868	2
AENJPLPP_01869	0
AENJPLPP_01870	0
AENJPLPP_01871	1
AENJPLPP_01872	10
AENJPLPP_01873	3
AENJPLPP_01874	2
AENJPLPP_01875	0
AENJPLPP_01876	1
AENJPLPP_01877	1
AENJPLPP_01878	0
AENJPLPP_01879	0
AENJPLPP_01880	0
AENJPLPP_01881	0
AENJPLPP_01882	0
AENJPLPP_01883	0
AENJPLPP_01884	18
AENJPLPP_01885	8
AENJPLPP_01886	5
AENJPLPP_01887	9
AENJPLPP_01888	33
AENJPLPP_01889	21
AENJPLPP_01890	4
AENJPLPP_01891	0
AENJPLPP_01892	5
AENJPLPP_01893	9
AENJPLPP_01894	0
AENJPLPP_01895	47
AENJPLPP_01896	10
AENJPLPP_01897	36
AENJPLPP_01898	14
AENJPLPP_01899	4
AENJPLPP_01900	14
AENJPLPP_01901	1
AENJPLPP_01902	43
AENJPLPP_01903	15
AENJPLPP_01904	14
AENJPLPP_01905	4
AENJPLPP_01906	5
AENJPLPP_01907	11
AENJPLPP_01908	31
AENJPLPP_01909	1
AENJPLPP_01910	7
AENJPLPP_01911	1
AENJPLPP_01912	0
AENJPLPP_01913	16
AENJPLPP_01914	41
AENJPLPP_01915	4
AENJPLPP_01916	11
AENJPLPP_01917	1
AENJPLPP_01918	4
AENJPLPP_01919	16
AENJPLPP_01920	10
AENJPLPP_01921	43
AENJPLPP_01922	43
AENJPLPP_01923	10
AENJPLPP_01924	42
AENJPLPP_01925	6
AENJPLPP_01926	1
AENJPLPP_01927	0
AENJPLPP_01928	1
AENJPLPP_01929	3
AENJPLPP_01930	0
AENJPLPP_01931	0
AENJPLPP_01932	0
AENJPLPP_01933	0
AENJPLPP_01934	5
AENJPLPP_01935	6
AENJPLPP_01936	48
AENJPLPP_01937	0
AENJPLPP_01938	0
AENJPLPP_01939	0
AENJPLPP_01940	0
AENJPLPP_01941	1
AENJPLPP_01942	12
AENJPLPP_01943	1
AENJPLPP_01944	11
AENJPLPP_01945	1
AENJPLPP_01946	0
AENJPLPP_01947	0
AENJPLPP_01948	1
AENJPLPP_01949	2
AENJPLPP_01950	0
AENJPLPP_01951	0
AENJPLPP_01952	5
AENJPLPP_01953	26
AENJPLPP_01954	22
AENJPLPP_01955	0
AENJPLPP_01956	4
AENJPLPP_01957	1
AENJPLPP_01958	5
AENJPLPP_01959	6
AENJPLPP_01960	0
AENJPLPP_01961	3
AENJPLPP_01962	0
AENJPLPP_01963	4
AENJPLPP_01964	3
AENJPLPP_01965	6
AENJPLPP_01966	0
AENJPLPP_01967	1
AENJPLPP_01968	2
AENJPLPP_01969	8
AENJPLPP_01970	0
AENJPLPP_01971	31
AENJPLPP_01972	2
AENJPLPP_01973	9
AENJPLPP_01974	0
AENJPLPP_01975	0
AENJPLPP_01976	4
AENJPLPP_01977	0
AENJPLPP_01978	0
AENJPLPP_01979	15
AENJPLPP_01980	16
AENJPLPP_01981	12
AENJPLPP_01982	14
AENJPLPP_01983	14
AENJPLPP_01984	6
AENJPLPP_01985	23
AENJPLPP_01986	7
AENJPLPP_01987	0
AENJPLPP_01988	3
AENJPLPP_01989	6
AENJPLPP_01990	1
AENJPLPP_01991	107
AENJPLPP_01992	6
AENJPLPP_01993	6
AENJPLPP_01994	1
AENJPLPP_01995	9
AENJPLPP_01996	12
AENJPLPP_01997	13
AENJPLPP_01998	0
AENJPLPP_01999	0
AENJPLPP_02000	1
AENJPLPP_02001	1
AENJPLPP_02002	3
AENJPLPP_02003	13
AENJPLPP_02004	3
AENJPLPP_02005	16
AENJPLPP_02006	4
AENJPLPP_02007	10
AENJPLPP_02008	4
AENJPLPP_02009	4
AENJPLPP_02010	4
AENJPLPP_02011	8
AENJPLPP_02012	8
AENJPLPP_02013	15
AENJPLPP_02014	0
AENJPLPP_02015	0
AENJPLPP_02016	11
AENJPLPP_02017	1
AENJPLPP_02018	6
AENJPLPP_02019	16
AENJPLPP_02020	6
AENJPLPP_02021	1
AENJPLPP_02022	2
AENJPLPP_02023	1
AENJPLPP_02024	4
AENJPLPP_02025	0
AENJPLPP_02026	5
AENJPLPP_02027	7
AENJPLPP_02028	1
AENJPLPP_02029	11
AENJPLPP_02030	9
AENJPLPP_02031	37
AENJPLPP_02032	10
AENJPLPP_02033	15
AENJPLPP_02034	2
AENJPLPP_02035	1
AENJPLPP_02036	0
AENJPLPP_02037	0
AENJPLPP_02038	1
AENJPLPP_02039	0
AENJPLPP_02040	0
AENJPLPP_02041	0
AENJPLPP_02042	3
AENJPLPP_02043	7
AENJPLPP_02044	0
AENJPLPP_02045	40
AENJPLPP_02046	186
AENJPLPP_02047	2
AENJPLPP_02048	16
AENJPLPP_02049	193
AENJPLPP_02050	27
AENJPLPP_02051	88
AENJPLPP_02052	17
AENJPLPP_02053	0
AENJPLPP_02054	0
AENJPLPP_02055	0
AENJPLPP_02056	1
AENJPLPP_02057	15
AENJPLPP_02058	0
AENJPLPP_02059	0
AENJPLPP_02060	3
AENJPLPP_02061	45
AENJPLPP_02062	70
AENJPLPP_02063	56
AENJPLPP_02064	25
AENJPLPP_02065	6
AENJPLPP_02066	16
AENJPLPP_02067	20
AENJPLPP_02068	18
AENJPLPP_02069	16
AENJPLPP_02070	24
AENJPLPP_02071	8
AENJPLPP_02072	4
AENJPLPP_02073	8
AENJPLPP_02074	3
AENJPLPP_02075	44
AENJPLPP_02076	5
AENJPLPP_02077	38
AENJPLPP_02078	3
AENJPLPP_02079	3
AENJPLPP_02080	3
AENJPLPP_02081	3
AENJPLPP_02082	5
AENJPLPP_02083	21
AENJPLPP_02084	25
AENJPLPP_02085	15
AENJPLPP_02086	19
AENJPLPP_02087	3
AENJPLPP_02088	0
AENJPLPP_02089	4
AENJPLPP_02091	0
AENJPLPP_02092	2
AENJPLPP_02093	2
AENJPLPP_02094	74
AENJPLPP_02095	28
AENJPLPP_02096	154
AENJPLPP_02097	66
AENJPLPP_02098	914
AENJPLPP_02099	204
AENJPLPP_02100	78
AENJPLPP_02101	40
AENJPLPP_02102	8
AENJPLPP_02103	4
AENJPLPP_02104	47
AENJPLPP_02105	113
AENJPLPP_02106	29
AENJPLPP_02107	20
AENJPLPP_02108	26
AENJPLPP_02109	9
AENJPLPP_02110	20
AENJPLPP_02111	23
AENJPLPP_02112	13
AENJPLPP_02113	63
AENJPLPP_02114	2
AENJPLPP_02115	7
AENJPLPP_02116	0
AENJPLPP_02117	38
AENJPLPP_02118	41
AENJPLPP_02119	7
AENJPLPP_02120	28
AENJPLPP_02121	10
AENJPLPP_02122	2
AENJPLPP_02123	4
AENJPLPP_02124	41
AENJPLPP_02125	79
AENJPLPP_02126	131
AENJPLPP_02127	24
AENJPLPP_02128	65
AENJPLPP_02129	125
AENJPLPP_02130	78
AENJPLPP_02131	13
AENJPLPP_02132	11
AENJPLPP_02133	1
AENJPLPP_02134	1
AENJPLPP_02135	6
AENJPLPP_02136	13
AENJPLPP_02137	17
AENJPLPP_02138	12
AENJPLPP_02139	16
AENJPLPP_02140	29
AENJPLPP_02141	145
AENJPLPP_02142	5
AENJPLPP_02143	1
AENJPLPP_02144	0
AENJPLPP_02145	9
AENJPLPP_02146	6
AENJPLPP_02148	3
AENJPLPP_02149	0
AENJPLPP_02150	4
AENJPLPP_02151	0
AENJPLPP_02152	0
AENJPLPP_02153	3
AENJPLPP_02154	5
AENJPLPP_02155	9
AENJPLPP_02156	2
AENJPLPP_02157	0
AENJPLPP_02158	1
AENJPLPP_02159	3
AENJPLPP_02160	5
AENJPLPP_02161	0
AENJPLPP_02162	0
AENJPLPP_02163	0
AENJPLPP_02164	1
AENJPLPP_02165	1
AENJPLPP_02166	1
AENJPLPP_02167	0
AENJPLPP_02168	0
AENJPLPP_02169	0
AENJPLPP_02170	2
AENJPLPP_02171	0
AENJPLPP_02172	0
AENJPLPP_02173	0
AENJPLPP_02174	0
AENJPLPP_02175	0
AENJPLPP_02176	0
AENJPLPP_02177	0
AENJPLPP_02178	0
AENJPLPP_02179	0
AENJPLPP_02180	0
AENJPLPP_02181	0
AENJPLPP_02182	2
AENJPLPP_02183	3
AENJPLPP_02184	1
AENJPLPP_02185	2
AENJPLPP_02186	3
AENJPLPP_02187	0
AENJPLPP_02188	1
AENJPLPP_02189	0
AENJPLPP_02190	2
AENJPLPP_02191	1
AENJPLPP_02192	0
AENJPLPP_02193	3
AENJPLPP_02194	0
AENJPLPP_02195	0
AENJPLPP_02196	0
AENJPLPP_02197	6
AENJPLPP_02198	2
AENJPLPP_02199	0
AENJPLPP_02200	0
AENJPLPP_02201	0
AENJPLPP_02202	0
AENJPLPP_02203	0
AENJPLPP_02205	0
AENJPLPP_02206	0
AENJPLPP_02207	0
AENJPLPP_02208	0
AENJPLPP_02209	0
AENJPLPP_02210	0
AENJPLPP_02211	0
AENJPLPP_02212	0
AENJPLPP_02213	0
AENJPLPP_02214	1
AENJPLPP_02215	6
AENJPLPP_02216	2
AENJPLPP_02217	5
AENJPLPP_02218	22
AENJPLPP_02219	25
AENJPLPP_02220	2
AENJPLPP_02221	1
AENJPLPP_02222	0
AENJPLPP_02223	0
AENJPLPP_02224	0
AENJPLPP_02225	0
AENJPLPP_02226	0
AENJPLPP_02227	3
AENJPLPP_02228	2
AENJPLPP_02229	0
AENJPLPP_02230	0
AENJPLPP_02231	0
AENJPLPP_02232	0
AENJPLPP_02233	1
AENJPLPP_02234	10
AENJPLPP_02235	3
AENJPLPP_02236	1
AENJPLPP_02237	3
AENJPLPP_02238	9
AENJPLPP_02239	22
AENJPLPP_02240	23
AENJPLPP_02241	0
AENJPLPP_02242	0
AENJPLPP_02243	3
AENJPLPP_02244	1
AENJPLPP_02245	2
AENJPLPP_02246	17
AENJPLPP_02247	3
AENJPLPP_02248	18
AENJPLPP_02249	0
AENJPLPP_02250	2
AENJPLPP_02251	0
AENJPLPP_02252	1
AENJPLPP_02253	1
AENJPLPP_02254	0
AENJPLPP_02255	0
AENJPLPP_02256	0
AENJPLPP_02257	0
AENJPLPP_02258	6
AENJPLPP_02259	5
AENJPLPP_02260	6
AENJPLPP_02261	1
AENJPLPP_02262	15
AENJPLPP_02263	39
AENJPLPP_02264	5
AENJPLPP_02265	1
AENJPLPP_02266	9
AENJPLPP_02267	0
AENJPLPP_02268	0
AENJPLPP_02269	6
AENJPLPP_02270	15
AENJPLPP_02271	0
AENJPLPP_02272	7
AENJPLPP_02273	0
AENJPLPP_02274	45
AENJPLPP_02275	30
AENJPLPP_02276	39
AENJPLPP_02277	9
AENJPLPP_02279	8
AENJPLPP_02280	0
AENJPLPP_02281	1
AENJPLPP_02282	17
AENJPLPP_02283	1
AENJPLPP_02284	1
AENJPLPP_02285	1
AENJPLPP_02286	3
AENJPLPP_02287	13
AENJPLPP_02288	25
AENJPLPP_02289	16
AENJPLPP_02290	21
AENJPLPP_02291	2
AENJPLPP_02292	971
AENJPLPP_02293	1
AENJPLPP_02294	68
AENJPLPP_02295	56
AENJPLPP_02296	110
AENJPLPP_02297	104
AENJPLPP_02298	146
AENJPLPP_02299	18
AENJPLPP_02300	3
AENJPLPP_02301	58
AENJPLPP_02302	8
AENJPLPP_02303	9
AENJPLPP_02304	5
AENJPLPP_02305	4
AENJPLPP_02306	6
AENJPLPP_02307	103
AENJPLPP_02308	4
AENJPLPP_02309	4
AENJPLPP_02310	1071
AENJPLPP_02311	10
AENJPLPP_02312	6
AENJPLPP_02313	0
AENJPLPP_02314	1
AENJPLPP_02315	1
AENJPLPP_02316	0
AENJPLPP_02317	0
AENJPLPP_02318	0
AENJPLPP_02319	0
AENJPLPP_02320	0
AENJPLPP_02321	11
AENJPLPP_02322	0
AENJPLPP_02323	17
AENJPLPP_02324	4
AENJPLPP_02325	0
AENJPLPP_02326	31
AENJPLPP_02327	18
AENJPLPP_02328	118
AENJPLPP_02329	0
AENJPLPP_02330	1
AENJPLPP_02331	80
AENJPLPP_02332	0
AENJPLPP_02333	6
AENJPLPP_02334	8
AENJPLPP_02335	12
AENJPLPP_02336	16
AENJPLPP_02337	29
AENJPLPP_02338	0
AENJPLPP_02339	0
AENJPLPP_02340	1
AENJPLPP_02341	31
AENJPLPP_02342	2
AENJPLPP_02343	2
AENJPLPP_02344	2
AENJPLPP_02345	16
AENJPLPP_02346	25
AENJPLPP_02347	15
AENJPLPP_02348	3
AENJPLPP_02349	8
AENJPLPP_02350	5
AENJPLPP_02351	33
AENJPLPP_02352	4
AENJPLPP_02353	2
AENJPLPP_02354	51
AENJPLPP_02356	0
AENJPLPP_02357	0
AENJPLPP_02358	2
AENJPLPP_02359	1
AENJPLPP_02362	4
AENJPLPP_02363	45
AENJPLPP_02364	5
AENJPLPP_02365	7
AENJPLPP_02366	4
AENJPLPP_02367	11
AENJPLPP_02368	11
AENJPLPP_02369	6
AENJPLPP_02370	86
AENJPLPP_02371	4
AENJPLPP_02372	2
AENJPLPP_02373	11
AENJPLPP_02374	2
AENJPLPP_02375	39
AENJPLPP_02376	12
AENJPLPP_02377	11
AENJPLPP_02378	1
AENJPLPP_02379	158
AENJPLPP_02380	41
AENJPLPP_02381	4
AENJPLPP_02382	3
AENJPLPP_02383	13
AENJPLPP_02384	7
AENJPLPP_02385	5
AENJPLPP_02386	8
AENJPLPP_02387	1
AENJPLPP_02388	2
AENJPLPP_02389	5
AENJPLPP_02390	18
AENJPLPP_02391	0
AENJPLPP_02392	3
AENJPLPP_02393	9
AENJPLPP_02394	0
AENJPLPP_02395	0
AENJPLPP_02396	0
AENJPLPP_02397	0
AENJPLPP_02398	0
AENJPLPP_02399	0
AENJPLPP_02400	1
AENJPLPP_02401	43
AENJPLPP_02402	14
AENJPLPP_02403	1
AENJPLPP_02404	0
AENJPLPP_02405	0
AENJPLPP_02406	1
AENJPLPP_02407	1
AENJPLPP_02408	1
AENJPLPP_02409	4
AENJPLPP_02410	5
AENJPLPP_02412	7
AENJPLPP_02413	40
AENJPLPP_02414	76
AENJPLPP_02415	88
AENJPLPP_02416	9
AENJPLPP_02417	3
AENJPLPP_02418	0
AENJPLPP_02419	0
AENJPLPP_02420	0
AENJPLPP_02421	0
AENJPLPP_02422	0
AENJPLPP_02423	0
AENJPLPP_02424	0
AENJPLPP_02425	3
AENJPLPP_02426	0
AENJPLPP_02427	0
AENJPLPP_02428	0
AENJPLPP_02429	0
AENJPLPP_02430	0
AENJPLPP_02431	0
AENJPLPP_02432	0
AENJPLPP_02433	0
AENJPLPP_02434	0
AENJPLPP_02435	11
AENJPLPP_02436	5
AENJPLPP_02437	3
AENJPLPP_02438	1
AENJPLPP_02439	0
AENJPLPP_02440	2
AENJPLPP_02441	0
AENJPLPP_02442	0
AENJPLPP_02443	0
AENJPLPP_02444	0
AENJPLPP_02445	3
AENJPLPP_02446	2
AENJPLPP_02447	2
AENJPLPP_02448	2
AENJPLPP_02449	1
AENJPLPP_02450	2
AENJPLPP_02451	0
AENJPLPP_02452	4
AENJPLPP_02453	3
AENJPLPP_02454	1
AENJPLPP_02455	57
AENJPLPP_02456	13
AENJPLPP_02457	12
AENJPLPP_02458	15
AENJPLPP_02459	26
AENJPLPP_02460	7
AENJPLPP_02461	8
AENJPLPP_02462	8
AENJPLPP_02463	37
AENJPLPP_02464	5
AENJPLPP_02465	15
AENJPLPP_02466	49
AENJPLPP_02467	11
AENJPLPP_02468	48
AENJPLPP_02469	98
AENJPLPP_02470	57
AENJPLPP_02471	109
AENJPLPP_02472	0
AENJPLPP_02473	0
AENJPLPP_02474	1
AENJPLPP_02475	16
AENJPLPP_02476	3
AENJPLPP_02477	4
AENJPLPP_02478	9
AENJPLPP_02479	0
AENJPLPP_02480	4
AENJPLPP_02481	29
AENJPLPP_02482	0
AENJPLPP_02483	4
AENJPLPP_02484	3
AENJPLPP_02486	10
AENJPLPP_02487	7
AENJPLPP_02488	260
AENJPLPP_02489	180
AENJPLPP_02490	341
AENJPLPP_02491	677
AENJPLPP_02492	0
AENJPLPP_02493	0
AENJPLPP_02494	0
AENJPLPP_02495	28
AENJPLPP_02496	16
AENJPLPP_02497	24
AENJPLPP_02498	54
AENJPLPP_02499	10
AENJPLPP_02500	32
AENJPLPP_02501	12
AENJPLPP_02502	48
AENJPLPP_02503	8
AENJPLPP_02504	28
AENJPLPP_02505	9
AENJPLPP_02506	21
AENJPLPP_02507	10
AENJPLPP_02508	93
AENJPLPP_02509	21
AENJPLPP_02510	73
AENJPLPP_02511	58
AENJPLPP_02512	9
AENJPLPP_02513	83
AENJPLPP_02514	8
AENJPLPP_02515	2
AENJPLPP_02516	4
AENJPLPP_02517	5
AENJPLPP_02518	2
AENJPLPP_02521	16
AENJPLPP_02522	12
AENJPLPP_02523	3
AENJPLPP_02524	1
AENJPLPP_02525	1
AENJPLPP_02526	0
AENJPLPP_02527	0
AENJPLPP_02528	198
AENJPLPP_02529	91
AENJPLPP_02530	8
AENJPLPP_02531	24
AENJPLPP_02532	32
AENJPLPP_02533	3
AENJPLPP_02534	5
AENJPLPP_02535	91
AENJPLPP_02536	17
AENJPLPP_02537	26
AENJPLPP_02538	21
AENJPLPP_02539	27
AENJPLPP_02540	0
AENJPLPP_02541	0
AENJPLPP_02542	60
AENJPLPP_02543	5
AENJPLPP_02544	1
AENJPLPP_02545	0
AENJPLPP_02546	13
AENJPLPP_02547	3
AENJPLPP_02548	34
AENJPLPP_02549	40
AENJPLPP_02550	16
AENJPLPP_02551	76
AENJPLPP_02552	22
AENJPLPP_02553	50
AENJPLPP_02554	99
AENJPLPP_02555	3
AENJPLPP_02556	0
AENJPLPP_02557	1
AENJPLPP_02558	11
AENJPLPP_02559	8
AENJPLPP_02560	16
AENJPLPP_02561	16
AENJPLPP_02562	0
AENJPLPP_02563	1
AENJPLPP_02564	0
AENJPLPP_02565	5
AENJPLPP_02566	5
AENJPLPP_02567	19
AENJPLPP_02568	55
AENJPLPP_02569	2
AENJPLPP_02570	2
AENJPLPP_02571	1
AENJPLPP_02572	274
AENJPLPP_02573	219
AENJPLPP_02574	0
AENJPLPP_02575	23
AENJPLPP_02576	47
AENJPLPP_02577	12
AENJPLPP_02578	8
AENJPLPP_02579	32
AENJPLPP_02580	2
AENJPLPP_02581	4
AENJPLPP_02582	13
AENJPLPP_02583	5
AENJPLPP_02584	3
AENJPLPP_02585	3
AENJPLPP_02586	3
AENJPLPP_02587	2
AENJPLPP_02588	1
AENJPLPP_02589	1
AENJPLPP_02590	0
AENJPLPP_02591	6
AENJPLPP_02592	4
AENJPLPP_02593	1
AENJPLPP_02594	0
AENJPLPP_02595	2
AENJPLPP_02596	3
AENJPLPP_02597	1
AENJPLPP_02598	1
AENJPLPP_02599	1
AENJPLPP_02600	4
AENJPLPP_02601	0
AENJPLPP_02602	0
AENJPLPP_02603	3
AENJPLPP_02604	0
AENJPLPP_02605	0
AENJPLPP_02606	0
AENJPLPP_02607	0
AENJPLPP_02608	0
AENJPLPP_02609	3
AENJPLPP_02610	4
AENJPLPP_02611	6
AENJPLPP_02612	52
AENJPLPP_02613	24
AENJPLPP_02614	2
AENJPLPP_02615	5
AENJPLPP_02616	19
AENJPLPP_02617	0
AENJPLPP_02618	71
AENJPLPP_02619	0
AENJPLPP_02620	0
AENJPLPP_02621	37
AENJPLPP_02622	8
AENJPLPP_02623	5
AENJPLPP_02624	34
AENJPLPP_02625	20
AENJPLPP_02626	0
AENJPLPP_02627	1
AENJPLPP_02628	0
AENJPLPP_02629	7
AENJPLPP_02630	21
AENJPLPP_02631	0
AENJPLPP_02632	1
AENJPLPP_02633	4
AENJPLPP_02634	1
AENJPLPP_02635	14
AENJPLPP_02636	77
AENJPLPP_02637	1
AENJPLPP_02638	0
AENJPLPP_02639	0
AENJPLPP_02640	0
AENJPLPP_02641	0
AENJPLPP_02642	0
AENJPLPP_02643	0
AENJPLPP_02644	9
AENJPLPP_02645	0
AENJPLPP_02646	0
AENJPLPP_02647	0
AENJPLPP_02648	0
AENJPLPP_02649	0
AENJPLPP_02650	0
AENJPLPP_02651	0
AENJPLPP_02652	0
AENJPLPP_02653	0
AENJPLPP_02654	0
AENJPLPP_02655	19
AENJPLPP_02656	0
AENJPLPP_02657	0
AENJPLPP_02658	1
AENJPLPP_02659	1
AENJPLPP_02660	2
AENJPLPP_02661	4
AENJPLPP_02662	0
AENJPLPP_02663	0
AENJPLPP_02664	3
AENJPLPP_02665	49
AENJPLPP_02666	9
AENJPLPP_02667	5
AENJPLPP_02668	7
AENJPLPP_02669	148
AENJPLPP_02670	1
AENJPLPP_02671	1
AENJPLPP_02672	9
AENJPLPP_02673	17
AENJPLPP_02674	5
AENJPLPP_02675	2
AENJPLPP_02676	2
AENJPLPP_02677	22
AENJPLPP_02678	19
AENJPLPP_02679	0
AENJPLPP_02680	0
AENJPLPP_02681	0
AENJPLPP_02682	0
AENJPLPP_02683	0
AENJPLPP_02684	0
AENJPLPP_02685	0
AENJPLPP_02686	0
AENJPLPP_02687	0
AENJPLPP_02688	0
AENJPLPP_02689	0
AENJPLPP_02690	0
AENJPLPP_02691	0
AENJPLPP_02692	0
AENJPLPP_02693	9
AENJPLPP_02694	4
AENJPLPP_02695	0
AENJPLPP_02696	0
AENJPLPP_02697	0
AENJPLPP_02698	0
AENJPLPP_02699	0
AENJPLPP_02700	0
AENJPLPP_02701	0
AENJPLPP_02702	0
AENJPLPP_02703	0
AENJPLPP_02704	0
AENJPLPP_02705	0
AENJPLPP_02706	0
AENJPLPP_02707	0
AENJPLPP_02708	7
AENJPLPP_02709	0
AENJPLPP_02710	0
AENJPLPP_02711	0
AENJPLPP_02712	0
AENJPLPP_02713	0
AENJPLPP_02714	0
AENJPLPP_02715	0
AENJPLPP_02716	0
AENJPLPP_02717	0
AENJPLPP_02718	0
AENJPLPP_02719	0
AENJPLPP_02720	0
AENJPLPP_02721	0
AENJPLPP_02722	0
AENJPLPP_02723	1
AENJPLPP_02724	1
AENJPLPP_02725	0
AENJPLPP_02726	0
AENJPLPP_02727	0
AENJPLPP_02728	5
AENJPLPP_02729	1
AENJPLPP_02730	0
AENJPLPP_02731	0
AENJPLPP_02732	0
AENJPLPP_02733	0
AENJPLPP_02734	0
AENJPLPP_02735	0
AENJPLPP_02736	0
AENJPLPP_02737	0
AENJPLPP_02738	0
AENJPLPP_02739	4
AENJPLPP_02740	0
AENJPLPP_02741	1
AENJPLPP_02742	3
AENJPLPP_02743	0
AENJPLPP_02744	0
AENJPLPP_02745	0
AENJPLPP_02746	0
AENJPLPP_02747	0
AENJPLPP_02748	1
AENJPLPP_02749	3
AENJPLPP_02750	6
AENJPLPP_02751	21
AENJPLPP_02752	0
AENJPLPP_02753	0
AENJPLPP_02754	0
AENJPLPP_02756	0
AENJPLPP_02757	0
AENJPLPP_02758	2
AENJPLPP_02759	2
AENJPLPP_02760	2
AENJPLPP_02761	0
AENJPLPP_02762	2
AENJPLPP_02763	3
AENJPLPP_02764	1
AENJPLPP_02765	1
AENJPLPP_02766	1
AENJPLPP_02767	10
AENJPLPP_02768	8
AENJPLPP_02769	3
AENJPLPP_02770	0
AENJPLPP_02771	1
AENJPLPP_02772	2
AENJPLPP_02773	0
AENJPLPP_02774	0
AENJPLPP_02775	6
AENJPLPP_02776	6
AENJPLPP_02777	0
AENJPLPP_02778	2
AENJPLPP_02779	0
AENJPLPP_02780	0
AENJPLPP_02781	0
AENJPLPP_02782	0
AENJPLPP_02783	0
AENJPLPP_02784	1
AENJPLPP_02785	1
AENJPLPP_02786	0
AENJPLPP_02787	0
AENJPLPP_02788	1
AENJPLPP_02789	0
AENJPLPP_02790	0
AENJPLPP_02791	0
AENJPLPP_02792	2
AENJPLPP_02793	1
AENJPLPP_02794	1
AENJPLPP_02795	0
AENJPLPP_02796	0
AENJPLPP_02797	0
AENJPLPP_02798	0
AENJPLPP_02799	1
AENJPLPP_02800	1
AENJPLPP_02801	8
AENJPLPP_02802	1
AENJPLPP_02803	6
AENJPLPP_02804	0
AENJPLPP_02805	0
AENJPLPP_02806	0
AENJPLPP_02807	0
AENJPLPP_02808	0
AENJPLPP_02809	0
AENJPLPP_02810	0
AENJPLPP_02811	0
AENJPLPP_02812	0
AENJPLPP_02813	0
AENJPLPP_02814	0
AENJPLPP_02815	0
AENJPLPP_02816	5
AENJPLPP_02817	0
AENJPLPP_02818	2
AENJPLPP_02819	0
AENJPLPP_02820	1
AENJPLPP_02821	3
AENJPLPP_02822	3
AENJPLPP_02823	40
AENJPLPP_02824	0
AENJPLPP_02825	0
AENJPLPP_02826	1
AENJPLPP_02827	2
AENJPLPP_02828	3
AENJPLPP_02829	0
AENJPLPP_02830	0
AENJPLPP_02831	0
AENJPLPP_02832	1
AENJPLPP_02833	4
AENJPLPP_02834	0
AENJPLPP_02835	0
AENJPLPP_02836	2
AENJPLPP_02837	0
AENJPLPP_02838	0
AENJPLPP_02839	0
AENJPLPP_02840	1
AENJPLPP_02841	2
AENJPLPP_02842	1
AENJPLPP_02843	0
AENJPLPP_02844	0
AENJPLPP_02845	1
AENJPLPP_02846	0
AENJPLPP_02847	13
AENJPLPP_02848	3
AENJPLPP_02849	0
AENJPLPP_02850	0
AENJPLPP_02851	0
AENJPLPP_02852	5
AENJPLPP_02853	12
AENJPLPP_02854	4
AENJPLPP_02855	0
AENJPLPP_02856	0
AENJPLPP_02857	0
AENJPLPP_02858	0
AENJPLPP_02859	1
AENJPLPP_02860	0
AENJPLPP_02861	0
AENJPLPP_02862	5
AENJPLPP_02863	0
AENJPLPP_02864	0
AENJPLPP_02865	0
AENJPLPP_02866	0
AENJPLPP_02867	0
AENJPLPP_02868	0
AENJPLPP_02869	1
AENJPLPP_02870	0
AENJPLPP_02871	0
AENJPLPP_02872	1
AENJPLPP_02873	11
AENJPLPP_02874	0
AENJPLPP_02875	0
AENJPLPP_02876	1
AENJPLPP_02877	0
AENJPLPP_02878	1
AENJPLPP_02879	0
AENJPLPP_02880	0
AENJPLPP_02881	0
AENJPLPP_02882	0
AENJPLPP_02883	1
AENJPLPP_02884	0
AENJPLPP_02885	0
AENJPLPP_02886	0
AENJPLPP_02887	1
AENJPLPP_02888	0
AENJPLPP_02889	0
AENJPLPP_02890	0
AENJPLPP_02891	2
AENJPLPP_02892	0
AENJPLPP_02893	1
AENJPLPP_02894	6
AENJPLPP_02895	4
AENJPLPP_02896	7
AENJPLPP_02897	1
AENJPLPP_02898	0
AENJPLPP_02899	0
AENJPLPP_02900	0
AENJPLPP_02901	0
AENJPLPP_02902	3
AENJPLPP_02903	0
AENJPLPP_02904	0
AENJPLPP_02905	4
AENJPLPP_02906	1
AENJPLPP_02907	3
AENJPLPP_02908	1
AENJPLPP_02909	0
AENJPLPP_02910	0
AENJPLPP_02911	1
AENJPLPP_02912	0
AENJPLPP_02913	1
AENJPLPP_02914	0
AENJPLPP_02915	0
AENJPLPP_02916	2
AENJPLPP_02917	0
AENJPLPP_02918	0
AENJPLPP_02919	4
AENJPLPP_02920	0
AENJPLPP_02921	0
AENJPLPP_02922	0
AENJPLPP_02923	0
AENJPLPP_02924	3
AENJPLPP_02925	2
AENJPLPP_02926	20
AENJPLPP_02927	49
AENJPLPP_02928	188
AENJPLPP_02929	0
AENJPLPP_02930	0
AENJPLPP_02931	0
AENJPLPP_02932	0
AENJPLPP_02933	1
AENJPLPP_02934	2
AENJPLPP_02935	1
AENJPLPP_02936	2
AENJPLPP_02937	1
AENJPLPP_02938	0
AENJPLPP_02939	15
AENJPLPP_02940	22
AENJPLPP_02941	87
AENJPLPP_02942	0
AENJPLPP_02943	0
AENJPLPP_02944	0
AENJPLPP_02945	0
AENJPLPP_02946	0
AENJPLPP_02947	0
AENJPLPP_02948	0
AENJPLPP_02949	2
AENJPLPP_02950	0
AENJPLPP_02951	0
AENJPLPP_02952	0
AENJPLPP_02953	0
AENJPLPP_02954	1
AENJPLPP_02955	0
AENJPLPP_02956	3
AENJPLPP_02957	2
AENJPLPP_02958	1
AENJPLPP_02959	4
AENJPLPP_02960	3
AENJPLPP_02961	6
AENJPLPP_02962	0
AENJPLPP_02963	0
AENJPLPP_02964	0
AENJPLPP_02965	1
AENJPLPP_02966	1
AENJPLPP_02967	0
AENJPLPP_02968	3
AENJPLPP_02969	0
AENJPLPP_02970	0
AENJPLPP_02971	0
AENJPLPP_02972	0
AENJPLPP_02973	0
AENJPLPP_02974	1
AENJPLPP_02975	1
AENJPLPP_02976	0
AENJPLPP_02977	0
AENJPLPP_02978	0
AENJPLPP_02979	0
AENJPLPP_02980	0
AENJPLPP_02981	0
AENJPLPP_02982	6
AENJPLPP_02983	0
AENJPLPP_02984	1
AENJPLPP_02985	2
AENJPLPP_02986	1
AENJPLPP_02987	0
AENJPLPP_02988	0
AENJPLPP_02989	2
AENJPLPP_02990	4
AENJPLPP_02991	1
AENJPLPP_02992	37
AENJPLPP_02993	35
AENJPLPP_02994	1
AENJPLPP_02995	0
AENJPLPP_02996	0
AENJPLPP_02997	0
AENJPLPP_02998	0
AENJPLPP_02999	0
AENJPLPP_03000	0
AENJPLPP_03001	3
AENJPLPP_03002	1
AENJPLPP_03003	2
AENJPLPP_03004	0
AENJPLPP_03005	0
AENJPLPP_03006	1
AENJPLPP_03007	0
AENJPLPP_03008	1
AENJPLPP_03009	0
AENJPLPP_03010	0
AENJPLPP_03011	0
AENJPLPP_03012	0
AENJPLPP_03013	0
AENJPLPP_03014	0
AENJPLPP_03015	0
AENJPLPP_03016	0
AENJPLPP_03017	1
AENJPLPP_03018	1
AENJPLPP_03019	0
AENJPLPP_03020	0
AENJPLPP_03021	0
AENJPLPP_03022	0
AENJPLPP_03023	0
AENJPLPP_03024	0
AENJPLPP_03025	0
AENJPLPP_03026	0
AENJPLPP_03027	0
AENJPLPP_03028	0
AENJPLPP_03029	0
AENJPLPP_03030	0
AENJPLPP_03031	0
AENJPLPP_03032	0
AENJPLPP_03033	0
AENJPLPP_03034	0
AENJPLPP_03035	0
AENJPLPP_03036	0
AENJPLPP_03037	0
AENJPLPP_03038	0
AENJPLPP_03039	0
AENJPLPP_03040	0
AENJPLPP_03041	0
AENJPLPP_03042	0
AENJPLPP_03043	0
AENJPLPP_03044	4
AENJPLPP_03045	0
AENJPLPP_03046	0
AENJPLPP_03047	0
AENJPLPP_03048	0
AENJPLPP_03049	0
AENJPLPP_03050	103
AENJPLPP_03051	0
AENJPLPP_03052	0
AENJPLPP_03053	0
AENJPLPP_03054	5
AENJPLPP_03055	0
AENJPLPP_03056	0
AENJPLPP_03057	0
AENJPLPP_03058	1
AENJPLPP_03059	628
AENJPLPP_03060	128
AENJPLPP_03061	11
AENJPLPP_03062	4
AENJPLPP_03063	3
AENJPLPP_03064	1
AENJPLPP_03065	15
AENJPLPP_03066	0
AENJPLPP_03067	2
AENJPLPP_03068	3
AENJPLPP_03069	0
AENJPLPP_03070	1
AENJPLPP_03071	2
AENJPLPP_03072	3
AENJPLPP_03073	0
AENJPLPP_03074	1
AENJPLPP_03075	1
AENJPLPP_03076	0
AENJPLPP_03077	0
AENJPLPP_03078	4
AENJPLPP_03079	15
AENJPLPP_03080	0
AENJPLPP_03081	0
AENJPLPP_03082	0
AENJPLPP_03083	0
AENJPLPP_03084	0
AENJPLPP_03085	0
AENJPLPP_03086	0
AENJPLPP_03087	0
AENJPLPP_03088	0
AENJPLPP_03089	0
AENJPLPP_03090	0
AENJPLPP_03091	0
AENJPLPP_03092	0
AENJPLPP_03093	0
AENJPLPP_03094	0
AENJPLPP_03095	0
AENJPLPP_03096	0
AENJPLPP_03097	0
AENJPLPP_03098	0
AENJPLPP_03099	0
AENJPLPP_03100	1
AENJPLPP_03101	0
AENJPLPP_03102	0
AENJPLPP_03103	0
AENJPLPP_03104	0
AENJPLPP_03105	0
AENJPLPP_03106	1
AENJPLPP_03107	0
AENJPLPP_03108	0
AENJPLPP_03109	0
AENJPLPP_03110	0
AENJPLPP_03111	0
AENJPLPP_03112	0
AENJPLPP_03113	0
AENJPLPP_03114	0
AENJPLPP_03115	4
AENJPLPP_03116	0
AENJPLPP_03117	0
AENJPLPP_03118	0
AENJPLPP_03119	0
AENJPLPP_03120	6
AENJPLPP_03121	0
AENJPLPP_03122	0
AENJPLPP_03123	0
AENJPLPP_03124	4
AENJPLPP_03125	5
AENJPLPP_03126	1
AENJPLPP_03127	0
AENJPLPP_03128	0
AENJPLPP_03129	0
AENJPLPP_03130	0
AENJPLPP_03131	0
AENJPLPP_03132	0
AENJPLPP_03133	12
AENJPLPP_03134	0
AENJPLPP_03135	0
AENJPLPP_03136	1
AENJPLPP_03137	3
AENJPLPP_03138	1
AENJPLPP_03139	0
AENJPLPP_03140	0
AENJPLPP_03141	0
AENJPLPP_03142	0
AENJPLPP_03143	1
AENJPLPP_03144	0
AENJPLPP_03145	0
AENJPLPP_03146	0
AENJPLPP_03147	0
AENJPLPP_03148	0
AENJPLPP_03149	0
AENJPLPP_03150	0
AENJPLPP_03151	1
AENJPLPP_03152	0
AENJPLPP_03153	0
AENJPLPP_03154	0
AENJPLPP_03155	0
AENJPLPP_03156	1
AENJPLPP_03157	0
AENJPLPP_03158	0
AENJPLPP_03159	0
AENJPLPP_03160	0
AENJPLPP_03161	0
AENJPLPP_03162	0
AENJPLPP_03163	0
AENJPLPP_03164	0
AENJPLPP_03165	0
AENJPLPP_03166	0
AENJPLPP_03167	0
AENJPLPP_03168	0
AENJPLPP_03169	0
AENJPLPP_03170	0
AENJPLPP_03171	0
AENJPLPP_03172	0
AENJPLPP_03173	0
AENJPLPP_03174	1
AENJPLPP_03175	0
AENJPLPP_03176	1
AENJPLPP_03177	0
AENJPLPP_03178	1
AENJPLPP_03179	18
AENJPLPP_03180	0
AENJPLPP_03181	0
AENJPLPP_03182	0
AENJPLPP_03183	0
AENJPLPP_03184	0
AENJPLPP_03185	0
AENJPLPP_03186	0
AENJPLPP_03187	0
AENJPLPP_03188	0
AENJPLPP_03189	0
__no_feature	23082
__ambiguous	1763
__too_low_aQual	1793
__not_aligned	3265
__alignment_not_unique	0
