"AENJPLPP_02293",5462.63326230955,7.91424119677679,0.205853365776867,38.4460130972809,1.97626258336499e-323,5.23314332075048e-320
"AENJPLPP_00980",2211.20494110694,6.89161657474233,0.212952967807592,32.3621532289189,9.35917401812309e-230,1.2391546399995e-226
"AENJPLPP_00978",1619.8069583773,6.16003712731169,0.201833288333856,30.5204219688591,1.3965743309447e-204,1.23270960944719e-201
"AENJPLPP_01557",1169.65669571468,5.24630231222478,0.193551349220419,27.1054804492746,8.48556169660239e-162,5.61744184315078e-159
"AENJPLPP_02292",369.995727991503,5.32330997498254,0.233489799416781,22.7988973748716,4.70208827648807e-115,2.49022595122808e-112
"AENJPLPP_02159",580.992540914391,4.03222979831623,0.179654917179888,22.4443052359027,1.45458832633033e-111,6.41958314687119e-109
"AENJPLPP_00582",556.16010006974,7.13934407944717,0.324216010311999,22.0203316689291,1.8391292456381e-107,6.95716320349957e-105
"AENJPLPP_01633",408.686518526794,4.80384137598645,0.223562256846985,21.4877119409042,2.02864983913084e-102,6.71483096752308e-100
"AENJPLPP_02308",413.530050801337,6.86577420871483,0.326151088492547,21.0509007970756,2.24374915021908e-98,6.60160861086681e-96
"AENJPLPP_02310",254.621399261678,3.91343206702833,0.207362870978003,18.8723856328333,1.92412871259949e-79,5.09509283096344e-77
"AENJPLPP_00580",275.013006799107,6.12009070305897,0.324580726703069,18.8553731000107,2.6545959908693e-79,6.39033653074718e-77
"AENJPLPP_00586",509.207481751905,8.29604126960263,0.447237392774058,18.5495251596589,8.22755883031416e-77,1.81554798188932e-74
"AENJPLPP_03059",730.131793464958,2.64796996638001,0.144003876944717,18.388185252794,1.63357014897034e-75,3.32745673421035e-73
"AENJPLPP_00584",370.953754249617,7.60937216746708,0.417657431815194,18.219170994745,3.63622123553119e-74,6.877652736919e-72
"AENJPLPP_00119",963.652958256336,3.07018640729421,0.169623870128269,18.0999667380101,3.18860305015966e-73,5.62894725121518e-71
"AENJPLPP_00058",1074.29814865318,2.60523735855165,0.149221571188732,17.4588522141789,2.94801955826752e-68,4.87897236893274e-66
"AENJPLPP_00043",1705.10672984608,2.75254488783701,0.161826566522745,17.0092275142607,7.01567057497706e-65,1.09279386367878e-62
"AENJPLPP_00830",225.509190150141,-4.61298970555524,0.271832614406906,-16.9699640921308,1.37015814224538e-64,2.01565486703654e-62
"AENJPLPP_00591",187.194352811397,3.92414390065976,0.232754897499754,16.8595545907425,8.92591539207164e-64,1.2439907346424e-61
"AENJPLPP_00828",204.930433447891,-5.19249656005413,0.314555818046797,-16.5073931625122,3.24605277532714e-61,4.29777387453314e-59
