POOLPIDM_00001	5
POOLPIDM_00002	0
POOLPIDM_00003	3
POOLPIDM_00004	1
POOLPIDM_00005	31
POOLPIDM_00006	1
POOLPIDM_00007	1
POOLPIDM_00008	2
POOLPIDM_00009	6
POOLPIDM_00010	5
POOLPIDM_00011	4
POOLPIDM_00012	13
POOLPIDM_00013	12
POOLPIDM_00014	1
POOLPIDM_00015	8
POOLPIDM_00016	0
POOLPIDM_00017	4
POOLPIDM_00018	2
POOLPIDM_00019	29
POOLPIDM_00020	38
POOLPIDM_00021	93
POOLPIDM_00022	115
POOLPIDM_00023	99
POOLPIDM_00024	119
POOLPIDM_00025	3
POOLPIDM_00026	1
POOLPIDM_00027	13
POOLPIDM_00028	51
POOLPIDM_00029	18
POOLPIDM_00030	116
POOLPIDM_00031	22
POOLPIDM_00032	69
POOLPIDM_00033	64
POOLPIDM_00034	19
POOLPIDM_00035	62
POOLPIDM_00036	23
POOLPIDM_00037	56
POOLPIDM_00038	7
POOLPIDM_00039	3
POOLPIDM_00040	7
POOLPIDM_00041	7
POOLPIDM_00042	4
POOLPIDM_00043	156
POOLPIDM_00044	115
POOLPIDM_00045	16
POOLPIDM_00046	64
POOLPIDM_00047	70
POOLPIDM_00048	18
POOLPIDM_00049	106
POOLPIDM_00050	106
POOLPIDM_00051	12
POOLPIDM_00052	27
POOLPIDM_00053	17
POOLPIDM_00054	31
POOLPIDM_00055	28
POOLPIDM_00056	95
POOLPIDM_00057	63
POOLPIDM_00058	29
POOLPIDM_00059	112
POOLPIDM_00060	30
POOLPIDM_00061	16
POOLPIDM_00062	2
POOLPIDM_00063	34
POOLPIDM_00064	6
POOLPIDM_00065	0
POOLPIDM_00066	2
POOLPIDM_00067	0
POOLPIDM_00068	0
POOLPIDM_00069	11
POOLPIDM_00070	55
POOLPIDM_00071	123
POOLPIDM_00072	0
POOLPIDM_00073	7
POOLPIDM_00074	1
POOLPIDM_00075	3
POOLPIDM_00076	1
POOLPIDM_00077	53
POOLPIDM_00078	1
POOLPIDM_00079	8
POOLPIDM_00080	9
POOLPIDM_00081	2
POOLPIDM_00082	3
POOLPIDM_00083	23
POOLPIDM_00084	26
POOLPIDM_00085	89
POOLPIDM_00086	0
POOLPIDM_00087	3
POOLPIDM_00088	39
POOLPIDM_00089	3
POOLPIDM_00090	0
POOLPIDM_00091	4
POOLPIDM_00092	4
POOLPIDM_00093	4
POOLPIDM_00094	9
POOLPIDM_00095	0
POOLPIDM_00096	33
POOLPIDM_00097	211
POOLPIDM_00098	128
POOLPIDM_00099	1
POOLPIDM_00100	36
POOLPIDM_00101	11
POOLPIDM_00102	16
POOLPIDM_00103	35
POOLPIDM_00104	32
POOLPIDM_00105	47
POOLPIDM_00106	11
POOLPIDM_00107	41
POOLPIDM_00108	24
POOLPIDM_00109	744
POOLPIDM_00110	7
POOLPIDM_00111	3
POOLPIDM_00112	3
POOLPIDM_00113	9
POOLPIDM_00114	159
POOLPIDM_00115	53
POOLPIDM_00116	10
POOLPIDM_00117	7
POOLPIDM_00118	63
POOLPIDM_00119	8
POOLPIDM_00120	3
POOLPIDM_00121	8
POOLPIDM_00122	9
POOLPIDM_00123	22
POOLPIDM_00124	42
POOLPIDM_00125	11
POOLPIDM_00126	50
POOLPIDM_00127	42
POOLPIDM_00128	41
POOLPIDM_00129	9
POOLPIDM_00130	65
POOLPIDM_00131	113
POOLPIDM_00132	52
POOLPIDM_00133	228
POOLPIDM_00134	18
POOLPIDM_00135	4
POOLPIDM_00136	14
POOLPIDM_00137	8
POOLPIDM_00138	54
POOLPIDM_00139	25
POOLPIDM_00140	28
POOLPIDM_00141	11
POOLPIDM_00142	298
POOLPIDM_00143	13
POOLPIDM_00144	34
POOLPIDM_00145	44
POOLPIDM_00146	31
POOLPIDM_00147	14
POOLPIDM_00148	36
POOLPIDM_00149	3
POOLPIDM_00150	2
POOLPIDM_00151	6
POOLPIDM_00152	15
POOLPIDM_00153	19
POOLPIDM_00154	117
POOLPIDM_00155	51
POOLPIDM_00156	23
POOLPIDM_00157	17
POOLPIDM_00158	13
POOLPIDM_00159	20
POOLPIDM_00160	5
POOLPIDM_00161	9
POOLPIDM_00162	14
POOLPIDM_00163	19
POOLPIDM_00164	24
POOLPIDM_00165	105
POOLPIDM_00166	0
POOLPIDM_00167	0
POOLPIDM_00168	4
POOLPIDM_00169	2
POOLPIDM_00170	8
POOLPIDM_00171	6
POOLPIDM_00172	7
POOLPIDM_00173	7
POOLPIDM_00174	9
POOLPIDM_00175	22
POOLPIDM_00176	3
POOLPIDM_00177	23
POOLPIDM_00178	99
POOLPIDM_00179	0
POOLPIDM_00180	117
POOLPIDM_00181	321
POOLPIDM_00182	21
POOLPIDM_00183	79
POOLPIDM_00184	381
POOLPIDM_00185	49
POOLPIDM_00186	24
POOLPIDM_00187	110
POOLPIDM_00188	0
POOLPIDM_00189	2
POOLPIDM_00190	2
POOLPIDM_00191	3
POOLPIDM_00192	9
POOLPIDM_00193	43
POOLPIDM_00194	3
POOLPIDM_00195	15
POOLPIDM_00196	82
POOLPIDM_00197	30
POOLPIDM_00198	13
POOLPIDM_00199	64
POOLPIDM_00200	25
POOLPIDM_00201	41
POOLPIDM_00202	27
POOLPIDM_00203	10
POOLPIDM_00204	37
POOLPIDM_00205	125
POOLPIDM_00206	1
POOLPIDM_00207	59
POOLPIDM_00208	8
POOLPIDM_00209	26
POOLPIDM_00210	61
POOLPIDM_00211	10
POOLPIDM_00212	42
POOLPIDM_00213	0
POOLPIDM_00214	28
POOLPIDM_00215	35
POOLPIDM_00216	8
POOLPIDM_00217	109
POOLPIDM_00218	33
POOLPIDM_00219	22
POOLPIDM_00220	17
POOLPIDM_00221	39
POOLPIDM_00222	54
POOLPIDM_00223	1
POOLPIDM_00224	13
POOLPIDM_00226	8
POOLPIDM_00227	124
POOLPIDM_00228	41
POOLPIDM_00229	489
POOLPIDM_00230	152
POOLPIDM_00231	82
POOLPIDM_00232	85
POOLPIDM_00233	37
POOLPIDM_00234	143
POOLPIDM_00235	33
POOLPIDM_00236	72
POOLPIDM_00237	11
POOLPIDM_00238	2
POOLPIDM_00239	33
POOLPIDM_00240	45
POOLPIDM_00241	20
POOLPIDM_00242	37
POOLPIDM_00243	24
POOLPIDM_00244	5
POOLPIDM_00245	53
POOLPIDM_00246	26
POOLPIDM_00247	12
POOLPIDM_00248	84
POOLPIDM_00249	16
POOLPIDM_00250	61
POOLPIDM_00251	0
POOLPIDM_00252	2
POOLPIDM_00253	81
POOLPIDM_00254	13
POOLPIDM_00255	116
POOLPIDM_00256	50
POOLPIDM_00257	35
POOLPIDM_00258	39
POOLPIDM_00259	225
POOLPIDM_00260	256
POOLPIDM_00261	300
POOLPIDM_00262	419
POOLPIDM_00263	93
POOLPIDM_00264	140
POOLPIDM_00265	289
POOLPIDM_00266	112
POOLPIDM_00267	129
POOLPIDM_00268	21
POOLPIDM_00269	33
POOLPIDM_00270	14
POOLPIDM_00271	39
POOLPIDM_00272	18
POOLPIDM_00273	25
POOLPIDM_00274	5
POOLPIDM_00275	1
POOLPIDM_00276	75
POOLPIDM_00277	0
POOLPIDM_00278	0
POOLPIDM_00279	0
POOLPIDM_00280	19
POOLPIDM_00281	4
POOLPIDM_00283	7
POOLPIDM_00284	125
POOLPIDM_00285	49
POOLPIDM_00286	27
POOLPIDM_00287	25
POOLPIDM_00288	0
POOLPIDM_00289	4
POOLPIDM_00290	4
POOLPIDM_00291	0
POOLPIDM_00292	0
POOLPIDM_00293	1
POOLPIDM_00294	17
POOLPIDM_00295	11
POOLPIDM_00296	0
POOLPIDM_00297	0
POOLPIDM_00298	3
POOLPIDM_00299	0
POOLPIDM_00300	0
POOLPIDM_00301	0
POOLPIDM_00302	0
POOLPIDM_00303	3
POOLPIDM_00304	0
POOLPIDM_00305	0
POOLPIDM_00306	0
POOLPIDM_00307	0
POOLPIDM_00308	0
POOLPIDM_00309	0
POOLPIDM_00310	0
POOLPIDM_00311	0
POOLPIDM_00312	0
POOLPIDM_00313	0
POOLPIDM_00314	1
POOLPIDM_00315	0
POOLPIDM_00316	0
POOLPIDM_00317	4
POOLPIDM_00318	1
POOLPIDM_00319	0
POOLPIDM_00320	3
POOLPIDM_00321	3
POOLPIDM_00322	0
POOLPIDM_00323	0
POOLPIDM_00324	0
POOLPIDM_00325	0
POOLPIDM_00326	2
POOLPIDM_00327	1
POOLPIDM_00328	11
POOLPIDM_00329	0
POOLPIDM_00330	3
POOLPIDM_00331	19
POOLPIDM_00332	0
POOLPIDM_00333	0
POOLPIDM_00334	0
POOLPIDM_00335	0
POOLPIDM_00336	0
POOLPIDM_00337	0
POOLPIDM_00339	0
POOLPIDM_00340	0
POOLPIDM_00341	0
POOLPIDM_00342	0
POOLPIDM_00343	0
POOLPIDM_00344	0
POOLPIDM_00345	2
POOLPIDM_00346	14
POOLPIDM_00347	0
POOLPIDM_00348	1
POOLPIDM_00349	7
POOLPIDM_00350	10
POOLPIDM_00351	6
POOLPIDM_00352	81
POOLPIDM_00353	45
POOLPIDM_00354	8
POOLPIDM_00355	0
POOLPIDM_00356	12
POOLPIDM_00357	55
POOLPIDM_00358	23
POOLPIDM_00359	4
POOLPIDM_00360	2
POOLPIDM_00361	2
POOLPIDM_00362	16
POOLPIDM_00363	81
POOLPIDM_00364	1
POOLPIDM_00365	0
POOLPIDM_00366	1
POOLPIDM_00367	13
POOLPIDM_00368	21
POOLPIDM_00369	23
POOLPIDM_00370	0
POOLPIDM_00371	7
POOLPIDM_00372	8
POOLPIDM_00373	29
POOLPIDM_00374	26
POOLPIDM_00375	1
POOLPIDM_00376	2
POOLPIDM_00377	72
POOLPIDM_00378	3
POOLPIDM_00379	26
POOLPIDM_00380	12
POOLPIDM_00381	3
POOLPIDM_00382	64
POOLPIDM_00383	2
POOLPIDM_00384	7
POOLPIDM_00385	12
POOLPIDM_00386	1
POOLPIDM_00387	2
POOLPIDM_00388	0
POOLPIDM_00389	2
POOLPIDM_00390	2
POOLPIDM_00391	18
POOLPIDM_00392	19
POOLPIDM_00393	10
POOLPIDM_00394	11
POOLPIDM_00395	12
POOLPIDM_00396	24
POOLPIDM_00397	21
POOLPIDM_00398	18
POOLPIDM_00399	130
POOLPIDM_00400	4
POOLPIDM_00401	0
POOLPIDM_00402	54
POOLPIDM_00403	55
POOLPIDM_00404	19
POOLPIDM_00405	21
POOLPIDM_00406	3
POOLPIDM_00407	40
POOLPIDM_00408	16
POOLPIDM_00409	108
POOLPIDM_00410	3
POOLPIDM_00412	21
POOLPIDM_00413	9
POOLPIDM_00414	2
POOLPIDM_00415	72
POOLPIDM_00416	73
POOLPIDM_00417	3
POOLPIDM_00418	1
POOLPIDM_00419	8
POOLPIDM_00420	18
POOLPIDM_00421	99
POOLPIDM_00422	49
POOLPIDM_00423	172
POOLPIDM_00424	2
POOLPIDM_00425	19
POOLPIDM_00426	42
POOLPIDM_00427	15
POOLPIDM_00428	21
POOLPIDM_00429	27
POOLPIDM_00430	71
POOLPIDM_00431	82
POOLPIDM_00432	19
POOLPIDM_00433	1
POOLPIDM_00434	448
POOLPIDM_00435	33
POOLPIDM_00436	21
POOLPIDM_00437	20
POOLPIDM_00438	4
POOLPIDM_00439	57
POOLPIDM_00440	9
POOLPIDM_00441	9
POOLPIDM_00442	3
POOLPIDM_00443	25
POOLPIDM_00444	45
POOLPIDM_00445	113
POOLPIDM_00446	3
POOLPIDM_00447	4
POOLPIDM_00448	1
POOLPIDM_00449	0
POOLPIDM_00450	1
POOLPIDM_00451	1
POOLPIDM_00452	1
POOLPIDM_00453	0
POOLPIDM_00454	29
POOLPIDM_00455	0
POOLPIDM_00456	74
POOLPIDM_00457	14
POOLPIDM_00458	2
POOLPIDM_00459	344
POOLPIDM_00460	90
POOLPIDM_00461	16
POOLPIDM_00462	4
POOLPIDM_00463	7
POOLPIDM_00464	123
POOLPIDM_00465	0
POOLPIDM_00466	11
POOLPIDM_00467	20
POOLPIDM_00468	11
POOLPIDM_00469	40
POOLPIDM_00470	153
POOLPIDM_00471	68
POOLPIDM_00472	0
POOLPIDM_00473	26
POOLPIDM_00474	4
POOLPIDM_00475	110
POOLPIDM_00476	14
POOLPIDM_00477	1
POOLPIDM_00478	18
POOLPIDM_00479	48
POOLPIDM_00480	29
POOLPIDM_00481	10
POOLPIDM_00482	10
POOLPIDM_00483	28
POOLPIDM_00484	22
POOLPIDM_00485	112
POOLPIDM_00486	10
POOLPIDM_00487	2
POOLPIDM_00489	0
POOLPIDM_00490	0
POOLPIDM_00491	1
POOLPIDM_00492	22
POOLPIDM_00495	55
POOLPIDM_00496	9
POOLPIDM_00497	30
POOLPIDM_00498	13
POOLPIDM_00499	325
POOLPIDM_00500	2
POOLPIDM_00501	21
POOLPIDM_00502	5
POOLPIDM_00503	256
POOLPIDM_00504	24
POOLPIDM_00505	44
POOLPIDM_00506	1
POOLPIDM_00507	208
POOLPIDM_00508	47
POOLPIDM_00509	6
POOLPIDM_00510	11
POOLPIDM_00511	69
POOLPIDM_00512	231
POOLPIDM_00513	4
POOLPIDM_00514	18
POOLPIDM_00515	38
POOLPIDM_00516	1
POOLPIDM_00517	23
POOLPIDM_00518	69
POOLPIDM_00519	9
POOLPIDM_00520	16
POOLPIDM_00521	7
POOLPIDM_00522	36
POOLPIDM_00523	4
POOLPIDM_00524	14
POOLPIDM_00525	7
POOLPIDM_00526	7
POOLPIDM_00527	13
POOLPIDM_00528	19
POOLPIDM_00529	11
POOLPIDM_00530	4
POOLPIDM_00531	4
POOLPIDM_00532	47
POOLPIDM_00533	50
POOLPIDM_00534	2
POOLPIDM_00535	2
POOLPIDM_00536	1
POOLPIDM_00537	0
POOLPIDM_00538	13
POOLPIDM_00539	102
POOLPIDM_00540	11
POOLPIDM_00541	12
POOLPIDM_00543	19
POOLPIDM_00544	3
POOLPIDM_00545	41
POOLPIDM_00546	32
POOLPIDM_00547	43
POOLPIDM_00548	6
POOLPIDM_00549	0
POOLPIDM_00550	0
POOLPIDM_00551	1
POOLPIDM_00552	0
POOLPIDM_00553	1
POOLPIDM_00554	1
POOLPIDM_00555	3
POOLPIDM_00556	2
POOLPIDM_00557	2
POOLPIDM_00558	1
POOLPIDM_00559	0
POOLPIDM_00560	14
POOLPIDM_00561	5
POOLPIDM_00562	7
POOLPIDM_00563	216
POOLPIDM_00564	46
POOLPIDM_00565	0
POOLPIDM_00566	11
POOLPIDM_00567	7
POOLPIDM_00568	1
POOLPIDM_00569	12
POOLPIDM_00570	19
POOLPIDM_00571	1
POOLPIDM_00572	5
POOLPIDM_00573	4
POOLPIDM_00574	2
POOLPIDM_00575	2
POOLPIDM_00576	30
POOLPIDM_00577	11
POOLPIDM_00578	15
POOLPIDM_00579	11
POOLPIDM_00580	14
POOLPIDM_00581	22
POOLPIDM_00582	52
POOLPIDM_00583	6
POOLPIDM_00584	13
POOLPIDM_00585	9
POOLPIDM_00586	119
POOLPIDM_00587	15
POOLPIDM_00588	32
POOLPIDM_00589	38
POOLPIDM_00590	21
POOLPIDM_00591	47
POOLPIDM_00592	282
POOLPIDM_00593	17
POOLPIDM_00594	69
POOLPIDM_00595	3
POOLPIDM_00596	40
POOLPIDM_00597	58
POOLPIDM_00598	45
POOLPIDM_00599	125
POOLPIDM_00600	364
POOLPIDM_00601	63
POOLPIDM_00602	54
POOLPIDM_00603	24
POOLPIDM_00604	3
POOLPIDM_00605	5
POOLPIDM_00606	32
POOLPIDM_00607	7
POOLPIDM_00608	61
POOLPIDM_00609	90
POOLPIDM_00610	39
POOLPIDM_00611	12
POOLPIDM_00612	342
POOLPIDM_00613	3
POOLPIDM_00614	8
POOLPIDM_00615	18
POOLPIDM_00617	6
POOLPIDM_00618	56
POOLPIDM_00619	719
POOLPIDM_00620	307
POOLPIDM_00621	852
POOLPIDM_00622	473
POOLPIDM_00623	0
POOLPIDM_00624	1
POOLPIDM_00625	24
POOLPIDM_00626	21
POOLPIDM_00627	88
POOLPIDM_00628	64
POOLPIDM_00629	13
POOLPIDM_00630	5
POOLPIDM_00631	4
POOLPIDM_00632	14
POOLPIDM_00633	76
POOLPIDM_00634	17
POOLPIDM_00635	49
POOLPIDM_00636	31
POOLPIDM_00637	77
POOLPIDM_00638	22
POOLPIDM_00639	118
POOLPIDM_00640	71
POOLPIDM_00641	161
POOLPIDM_00642	57
POOLPIDM_00643	7
POOLPIDM_00644	91
POOLPIDM_00645	2
POOLPIDM_00646	14
POOLPIDM_00647	12
POOLPIDM_00648	2
POOLPIDM_00649	9
POOLPIDM_00652	2
POOLPIDM_00653	19
POOLPIDM_00654	32
POOLPIDM_00655	0
POOLPIDM_00656	4
POOLPIDM_00657	12
POOLPIDM_00658	11
POOLPIDM_00659	65
POOLPIDM_00660	182
POOLPIDM_00661	21
POOLPIDM_00662	21
POOLPIDM_00663	35
POOLPIDM_00664	42
POOLPIDM_00665	12
POOLPIDM_00666	7
POOLPIDM_00667	14
POOLPIDM_00668	61
POOLPIDM_00669	28
POOLPIDM_00670	40
POOLPIDM_00671	5
POOLPIDM_00672	2
POOLPIDM_00673	76
POOLPIDM_00674	35
POOLPIDM_00675	15
POOLPIDM_00676	0
POOLPIDM_00677	15
POOLPIDM_00678	38
POOLPIDM_00679	39
POOLPIDM_00680	48
POOLPIDM_00681	10
POOLPIDM_00682	45
POOLPIDM_00683	124
POOLPIDM_00684	80
POOLPIDM_00685	113
POOLPIDM_00686	44
POOLPIDM_00687	0
POOLPIDM_00688	42
POOLPIDM_00689	49
POOLPIDM_00690	7
POOLPIDM_00691	18
POOLPIDM_00692	10
POOLPIDM_00693	1
POOLPIDM_00694	11
POOLPIDM_00695	2
POOLPIDM_00696	5
POOLPIDM_00697	29
POOLPIDM_00698	58
POOLPIDM_00699	157
POOLPIDM_00700	2
POOLPIDM_00701	16
POOLPIDM_00702	7
POOLPIDM_00703	528
POOLPIDM_00704	129
POOLPIDM_00705	46
POOLPIDM_00706	26
POOLPIDM_00707	149
POOLPIDM_00708	9
POOLPIDM_00709	8
POOLPIDM_00710	322
POOLPIDM_00711	17
POOLPIDM_00712	34
POOLPIDM_00713	101
POOLPIDM_00714	8
POOLPIDM_00715	24
POOLPIDM_00716	36
POOLPIDM_00717	32
POOLPIDM_00718	13
POOLPIDM_00719	93
POOLPIDM_00720	6
POOLPIDM_00721	7
POOLPIDM_00722	16
POOLPIDM_00723	12
POOLPIDM_00724	20
POOLPIDM_00725	5
POOLPIDM_00726	4
POOLPIDM_00727	5
POOLPIDM_00728	18
POOLPIDM_00729	24
POOLPIDM_00730	6
POOLPIDM_00731	0
POOLPIDM_00732	52
POOLPIDM_00733	27
POOLPIDM_00734	1
POOLPIDM_00735	0
POOLPIDM_00736	2
POOLPIDM_00737	1
POOLPIDM_00738	2
POOLPIDM_00739	86
POOLPIDM_00740	3
POOLPIDM_00741	10
POOLPIDM_00742	32
POOLPIDM_00743	61
POOLPIDM_00744	39
POOLPIDM_00745	18
POOLPIDM_00746	63
POOLPIDM_00747	5
POOLPIDM_00748	16
POOLPIDM_00749	4
POOLPIDM_00750	0
POOLPIDM_00751	1138
POOLPIDM_00752	32
POOLPIDM_00753	12
POOLPIDM_00754	54
POOLPIDM_00755	261
POOLPIDM_00756	12
POOLPIDM_00757	2
POOLPIDM_00758	4
POOLPIDM_00759	12
POOLPIDM_00760	59
POOLPIDM_00761	0
POOLPIDM_00762	0
POOLPIDM_00763	3
POOLPIDM_00764	0
POOLPIDM_00765	40
POOLPIDM_00766	31
POOLPIDM_00767	26
POOLPIDM_00768	42
POOLPIDM_00769	6
POOLPIDM_00770	2
POOLPIDM_00771	6
POOLPIDM_00772	1
POOLPIDM_00773	2
POOLPIDM_00774	18
POOLPIDM_00775	55
POOLPIDM_00776	0
POOLPIDM_00777	0
POOLPIDM_00778	0
POOLPIDM_00779	0
POOLPIDM_00780	0
POOLPIDM_00781	16
POOLPIDM_00782	0
POOLPIDM_00783	0
POOLPIDM_00784	25
POOLPIDM_00785	0
POOLPIDM_00786	0
POOLPIDM_00787	6
POOLPIDM_00788	72
POOLPIDM_00789	11
POOLPIDM_00790	2
POOLPIDM_00791	0
POOLPIDM_00792	2
POOLPIDM_00793	77
POOLPIDM_00794	121
POOLPIDM_00795	30
POOLPIDM_00796	20
POOLPIDM_00797	12
POOLPIDM_00798	38
POOLPIDM_00799	4
POOLPIDM_00800	4
POOLPIDM_00801	7
POOLPIDM_00802	279
POOLPIDM_00803	31
POOLPIDM_00804	11
POOLPIDM_00805	21
POOLPIDM_00806	29
POOLPIDM_00807	416
POOLPIDM_00808	6
POOLPIDM_00809	1
POOLPIDM_00810	0
POOLPIDM_00811	0
POOLPIDM_00812	0
POOLPIDM_00813	0
POOLPIDM_00814	0
POOLPIDM_00815	1
POOLPIDM_00816	0
POOLPIDM_00817	0
POOLPIDM_00818	0
POOLPIDM_00819	0
POOLPIDM_00820	0
POOLPIDM_00821	0
POOLPIDM_00822	0
POOLPIDM_00823	7
POOLPIDM_00824	4
POOLPIDM_00825	0
POOLPIDM_00826	15
POOLPIDM_00827	0
POOLPIDM_00828	1
POOLPIDM_00829	1
POOLPIDM_00830	3
POOLPIDM_00831	3
POOLPIDM_00832	4
POOLPIDM_00833	18
POOLPIDM_00834	17
POOLPIDM_00835	5
POOLPIDM_00836	5
POOLPIDM_00837	27
POOLPIDM_00838	20
POOLPIDM_00839	0
POOLPIDM_00840	2
POOLPIDM_00841	0
POOLPIDM_00842	1
POOLPIDM_00843	15
POOLPIDM_00844	3
POOLPIDM_00845	1
POOLPIDM_00846	0
POOLPIDM_00847	0
POOLPIDM_00848	4
POOLPIDM_00849	0
POOLPIDM_00850	0
POOLPIDM_00851	0
POOLPIDM_00852	0
POOLPIDM_00853	3
POOLPIDM_00854	1
POOLPIDM_00855	17
POOLPIDM_00856	1
POOLPIDM_00857	5
POOLPIDM_00858	5
POOLPIDM_00859	14
POOLPIDM_00860	4
POOLPIDM_00861	7
POOLPIDM_00862	4
POOLPIDM_00863	12
POOLPIDM_00864	28
POOLPIDM_00865	4
POOLPIDM_00866	8
POOLPIDM_00867	1
POOLPIDM_00868	14
POOLPIDM_00869	6
POOLPIDM_00870	4
POOLPIDM_00871	10
POOLPIDM_00872	0
POOLPIDM_00873	6
POOLPIDM_00874	14
POOLPIDM_00875	0
POOLPIDM_00876	28
POOLPIDM_00877	45
POOLPIDM_00878	11
POOLPIDM_00879	6
POOLPIDM_00880	0
POOLPIDM_00881	1
POOLPIDM_00883	1
POOLPIDM_00884	4
POOLPIDM_00886	12
POOLPIDM_00887	6
POOLPIDM_00888	3
POOLPIDM_00889	20
POOLPIDM_00890	4
POOLPIDM_00891	12
POOLPIDM_00892	101
POOLPIDM_00893	18
POOLPIDM_00894	6
POOLPIDM_00895	18
POOLPIDM_00896	31
POOLPIDM_00897	50
POOLPIDM_00898	165
POOLPIDM_00899	0
POOLPIDM_00900	0
POOLPIDM_00901	0
POOLPIDM_00902	0
POOLPIDM_00903	128
POOLPIDM_00904	1
POOLPIDM_00905	4
POOLPIDM_00906	7
POOLPIDM_00907	18
POOLPIDM_00908	22
POOLPIDM_00909	0
POOLPIDM_00910	1
POOLPIDM_00911	2
POOLPIDM_00912	1
POOLPIDM_00913	19
POOLPIDM_00914	25
POOLPIDM_00916	9
POOLPIDM_00917	14
POOLPIDM_00918	7
POOLPIDM_00919	6
POOLPIDM_00920	15
POOLPIDM_00921	1
POOLPIDM_00922	0
POOLPIDM_00923	0
POOLPIDM_00924	80
POOLPIDM_00925	261
POOLPIDM_00926	14
POOLPIDM_00927	15
POOLPIDM_00928	3
POOLPIDM_00929	1
POOLPIDM_00930	0
POOLPIDM_00931	0
POOLPIDM_00932	0
POOLPIDM_00933	0
POOLPIDM_00934	1
POOLPIDM_00935	2
POOLPIDM_00936	0
POOLPIDM_00937	0
POOLPIDM_00938	7
POOLPIDM_00939	3
POOLPIDM_00940	204
POOLPIDM_00941	2
POOLPIDM_00942	2
POOLPIDM_00943	4
POOLPIDM_00944	2
POOLPIDM_00945	1
POOLPIDM_00946	3
POOLPIDM_00947	6
POOLPIDM_00948	3
POOLPIDM_00949	8
POOLPIDM_00950	8
POOLPIDM_00951	0
POOLPIDM_00952	1
POOLPIDM_00953	0
POOLPIDM_00954	3
POOLPIDM_00955	2
POOLPIDM_00956	1
POOLPIDM_00957	5
POOLPIDM_00958	0
POOLPIDM_00959	2
POOLPIDM_00960	0
POOLPIDM_00961	0
POOLPIDM_00962	0
POOLPIDM_00963	0
POOLPIDM_00964	2
POOLPIDM_00965	0
POOLPIDM_00966	2
POOLPIDM_00967	19
POOLPIDM_00968	0
POOLPIDM_00969	0
POOLPIDM_00970	8
POOLPIDM_00971	0
POOLPIDM_00972	0
POOLPIDM_00973	0
POOLPIDM_00974	121
POOLPIDM_00975	76
POOLPIDM_00976	8
POOLPIDM_00977	34
POOLPIDM_00978	17
POOLPIDM_00979	1
POOLPIDM_00980	3
POOLPIDM_00981	8
POOLPIDM_00982	8
POOLPIDM_00983	42
POOLPIDM_00984	6
POOLPIDM_00985	108
POOLPIDM_00986	12
POOLPIDM_00987	4
POOLPIDM_00988	140
POOLPIDM_00989	2
POOLPIDM_00990	73
POOLPIDM_00991	67
POOLPIDM_00992	19
POOLPIDM_00993	14
POOLPIDM_00994	23
POOLPIDM_00995	23
POOLPIDM_00996	22
POOLPIDM_00997	9
POOLPIDM_00998	545
POOLPIDM_00999	63
POOLPIDM_01000	7
POOLPIDM_01001	306
POOLPIDM_01002	20
POOLPIDM_01003	0
POOLPIDM_01004	20
POOLPIDM_01005	26
POOLPIDM_01006	320
POOLPIDM_01007	177
POOLPIDM_01008	100
POOLPIDM_01009	70
POOLPIDM_01010	11
POOLPIDM_01011	22
POOLPIDM_01012	67
POOLPIDM_01013	86
POOLPIDM_01014	154
POOLPIDM_01015	59
POOLPIDM_01016	109
POOLPIDM_01017	54
POOLPIDM_01018	55
POOLPIDM_01019	487
POOLPIDM_01020	70
POOLPIDM_01021	2
POOLPIDM_01022	32
POOLPIDM_01023	21
POOLPIDM_01024	37
POOLPIDM_01025	21
POOLPIDM_01026	28
POOLPIDM_01027	4
POOLPIDM_01028	2
POOLPIDM_01029	6
POOLPIDM_01030	0
POOLPIDM_01031	8
POOLPIDM_01032	5
POOLPIDM_01033	1
POOLPIDM_01034	1
POOLPIDM_01035	16
POOLPIDM_01036	104
POOLPIDM_01037	86
POOLPIDM_01038	327
POOLPIDM_01039	61
POOLPIDM_01040	153
POOLPIDM_01041	224
POOLPIDM_01042	29
POOLPIDM_01043	157
POOLPIDM_01044	137
POOLPIDM_01045	77
POOLPIDM_01046	37
POOLPIDM_01047	151
POOLPIDM_01048	20
POOLPIDM_01049	3
POOLPIDM_01050	3
POOLPIDM_01051	7
POOLPIDM_01052	2
POOLPIDM_01053	0
POOLPIDM_01054	0
POOLPIDM_01055	0
POOLPIDM_01056	9
POOLPIDM_01057	11
POOLPIDM_01058	108
POOLPIDM_01059	42
POOLPIDM_01060	118
POOLPIDM_01061	148
POOLPIDM_01062	120
POOLPIDM_01063	44
POOLPIDM_01064	24
POOLPIDM_01065	12
POOLPIDM_01066	24
POOLPIDM_01067	321
POOLPIDM_01068	97
POOLPIDM_01069	28
POOLPIDM_01070	7
POOLPIDM_01071	2
POOLPIDM_01072	2
POOLPIDM_01073	85
POOLPIDM_01074	470
POOLPIDM_01075	172
POOLPIDM_01076	55
POOLPIDM_01077	81
POOLPIDM_01078	95
POOLPIDM_01079	29
POOLPIDM_01080	51
POOLPIDM_01081	163
POOLPIDM_01082	187
POOLPIDM_01083	73
POOLPIDM_01084	24
POOLPIDM_01085	26
POOLPIDM_01086	27
POOLPIDM_01087	7
POOLPIDM_01088	1
POOLPIDM_01089	0
POOLPIDM_01090	22
POOLPIDM_01091	51
POOLPIDM_01092	29
POOLPIDM_01093	35
POOLPIDM_01094	43
POOLPIDM_01095	14
POOLPIDM_01096	109
POOLPIDM_01097	226
POOLPIDM_01098	17
POOLPIDM_01099	6
POOLPIDM_01100	7
POOLPIDM_01101	20
POOLPIDM_01102	0
POOLPIDM_01103	0
POOLPIDM_01104	2
POOLPIDM_01105	0
POOLPIDM_01106	13
POOLPIDM_01107	12
POOLPIDM_01108	143
POOLPIDM_01109	7
POOLPIDM_01110	14
POOLPIDM_01111	327
POOLPIDM_01112	9
POOLPIDM_01113	0
POOLPIDM_01114	10
POOLPIDM_01115	5
POOLPIDM_01116	30
POOLPIDM_01117	83
POOLPIDM_01118	54
POOLPIDM_01119	94
POOLPIDM_01120	11
POOLPIDM_01121	29
POOLPIDM_01122	58
POOLPIDM_01123	10
POOLPIDM_01124	17
POOLPIDM_01125	26
POOLPIDM_01126	22
POOLPIDM_01127	74
POOLPIDM_01128	31
POOLPIDM_01129	15
POOLPIDM_01130	0
POOLPIDM_01131	6
POOLPIDM_01132	22
POOLPIDM_01133	10
POOLPIDM_01134	29
POOLPIDM_01135	7
POOLPIDM_01136	4
POOLPIDM_01137	27
POOLPIDM_01138	18
POOLPIDM_01139	11
POOLPIDM_01140	24
POOLPIDM_01141	51
POOLPIDM_01142	6
POOLPIDM_01143	0
POOLPIDM_01144	2
POOLPIDM_01145	16
POOLPIDM_01146	5
POOLPIDM_01147	2
POOLPIDM_01148	4
POOLPIDM_01149	11
POOLPIDM_01150	0
POOLPIDM_01151	5
POOLPIDM_01152	10
POOLPIDM_01153	0
POOLPIDM_01154	3
POOLPIDM_01155	25
POOLPIDM_01156	21
POOLPIDM_01157	7
POOLPIDM_01158	4
POOLPIDM_01159	1
POOLPIDM_01160	3
POOLPIDM_01161	4
POOLPIDM_01162	5
POOLPIDM_01163	14
POOLPIDM_01164	32
POOLPIDM_01165	11
POOLPIDM_01166	9
POOLPIDM_01167	1
POOLPIDM_01168	0
POOLPIDM_01169	0
POOLPIDM_01170	0
POOLPIDM_01171	1
POOLPIDM_01172	1
POOLPIDM_01173	0
POOLPIDM_01174	1
POOLPIDM_01175	1
POOLPIDM_01176	0
POOLPIDM_01177	0
POOLPIDM_01178	4
POOLPIDM_01179	0
POOLPIDM_01180	31
POOLPIDM_01181	16
POOLPIDM_01182	3
POOLPIDM_01183	4
POOLPIDM_01184	13
POOLPIDM_01185	1
POOLPIDM_01187	3
POOLPIDM_01188	1
POOLPIDM_01189	1
POOLPIDM_01190	3
POOLPIDM_01191	2
POOLPIDM_01192	8
POOLPIDM_01193	6
POOLPIDM_01194	7
POOLPIDM_01195	1
POOLPIDM_01196	23
POOLPIDM_01197	22
POOLPIDM_01198	3
POOLPIDM_01199	4
POOLPIDM_01200	4
POOLPIDM_01201	2
POOLPIDM_01202	15
POOLPIDM_01203	1
POOLPIDM_01204	11
POOLPIDM_01205	1
POOLPIDM_01206	0
POOLPIDM_01207	22
POOLPIDM_01208	47
POOLPIDM_01209	5
POOLPIDM_01210	4
POOLPIDM_01211	66
POOLPIDM_01212	1
POOLPIDM_01213	8
POOLPIDM_01214	23
POOLPIDM_01215	5
POOLPIDM_01216	547
POOLPIDM_01217	9
POOLPIDM_01218	1742
POOLPIDM_01219	96
POOLPIDM_01220	9
POOLPIDM_01221	4
POOLPIDM_01222	136
POOLPIDM_01223	73
POOLPIDM_01224	5
POOLPIDM_01225	15
POOLPIDM_01226	16
POOLPIDM_01227	16
POOLPIDM_01228	16
POOLPIDM_01229	101
POOLPIDM_01230	32
POOLPIDM_01231	6
POOLPIDM_01232	5
POOLPIDM_01233	3
POOLPIDM_01234	1
POOLPIDM_01235	6
POOLPIDM_01236	69
POOLPIDM_01237	23
POOLPIDM_01238	10
POOLPIDM_01239	58
POOLPIDM_01240	53
POOLPIDM_01241	63
POOLPIDM_01242	27
POOLPIDM_01243	12
POOLPIDM_01244	10
POOLPIDM_01245	9
POOLPIDM_01246	41
POOLPIDM_01247	35
POOLPIDM_01248	31
POOLPIDM_01249	51
POOLPIDM_01250	37
POOLPIDM_01251	16
POOLPIDM_01252	45
POOLPIDM_01253	43
POOLPIDM_01254	8
POOLPIDM_01255	1
POOLPIDM_01256	10
POOLPIDM_01257	40
POOLPIDM_01258	1
POOLPIDM_01259	174
POOLPIDM_01260	75
POOLPIDM_01261	21
POOLPIDM_01262	61
POOLPIDM_01263	129
POOLPIDM_01264	11
POOLPIDM_01265	30
POOLPIDM_01266	191
POOLPIDM_01267	85
POOLPIDM_01268	8
POOLPIDM_01269	7
POOLPIDM_01270	20
POOLPIDM_01271	4
POOLPIDM_01272	3
POOLPIDM_01273	2
POOLPIDM_01274	1
POOLPIDM_01275	2
POOLPIDM_01276	5
POOLPIDM_01277	50
POOLPIDM_01278	41
POOLPIDM_01279	38
POOLPIDM_01280	176
POOLPIDM_01281	11
POOLPIDM_01282	43
POOLPIDM_01283	18
POOLPIDM_01284	6
POOLPIDM_01285	1
POOLPIDM_01286	3
POOLPIDM_01287	2
POOLPIDM_01288	5
POOLPIDM_01289	0
POOLPIDM_01290	2
POOLPIDM_01291	25
POOLPIDM_01292	1
POOLPIDM_01293	1
POOLPIDM_01294	1
POOLPIDM_01295	48
POOLPIDM_01296	5
POOLPIDM_01297	46
POOLPIDM_01298	17
POOLPIDM_01299	3
POOLPIDM_01300	16
POOLPIDM_01301	62
POOLPIDM_01302	6
POOLPIDM_01303	0
POOLPIDM_01304	137
POOLPIDM_01305	94
POOLPIDM_01306	24
POOLPIDM_01307	26
POOLPIDM_01308	3
POOLPIDM_01309	26
POOLPIDM_01310	18
POOLPIDM_01311	3
POOLPIDM_01312	12
POOLPIDM_01313	56
POOLPIDM_01314	7
POOLPIDM_01315	7
POOLPIDM_01316	3
POOLPIDM_01317	3
POOLPIDM_01318	25
POOLPIDM_01319	57
POOLPIDM_01320	57
POOLPIDM_01321	6
POOLPIDM_01322	9
POOLPIDM_01323	16
POOLPIDM_01324	8
POOLPIDM_01325	11
POOLPIDM_01326	190
POOLPIDM_01327	38
POOLPIDM_01328	33
POOLPIDM_01329	185
POOLPIDM_01330	6
POOLPIDM_01331	177
POOLPIDM_01332	99
POOLPIDM_01333	3
POOLPIDM_01334	20
POOLPIDM_01335	3
POOLPIDM_01336	0
POOLPIDM_01337	0
POOLPIDM_01338	16
POOLPIDM_01339	148
POOLPIDM_01340	309
POOLPIDM_01341	58
POOLPIDM_01342	11
POOLPIDM_01343	134
POOLPIDM_01344	221
POOLPIDM_01345	0
POOLPIDM_01346	22
POOLPIDM_01347	23
POOLPIDM_01348	27
POOLPIDM_01349	208
POOLPIDM_01350	1
POOLPIDM_01351	3
POOLPIDM_01352	79
POOLPIDM_01353	2
POOLPIDM_01354	31
POOLPIDM_01355	10
POOLPIDM_01356	13
POOLPIDM_01357	151
POOLPIDM_01358	17
POOLPIDM_01359	47
POOLPIDM_01360	60
POOLPIDM_01361	35
POOLPIDM_01362	121
POOLPIDM_01363	8
POOLPIDM_01364	32
POOLPIDM_01365	14
POOLPIDM_01366	62
POOLPIDM_01367	82
POOLPIDM_01368	25
POOLPIDM_01369	25
POOLPIDM_01370	0
POOLPIDM_01371	15
POOLPIDM_01372	97
POOLPIDM_01373	23
POOLPIDM_01374	60
POOLPIDM_01375	98
POOLPIDM_01376	54
POOLPIDM_01377	17
POOLPIDM_01378	15
POOLPIDM_01379	20
POOLPIDM_01380	16
POOLPIDM_01381	25
POOLPIDM_01382	19
POOLPIDM_01383	50
POOLPIDM_01384	39
POOLPIDM_01385	102
POOLPIDM_01386	179
POOLPIDM_01387	125
POOLPIDM_01388	8
POOLPIDM_01389	124
POOLPIDM_01390	68
POOLPIDM_01391	0
POOLPIDM_01392	29
POOLPIDM_01393	16
POOLPIDM_01394	10
POOLPIDM_01395	6
POOLPIDM_01396	2
POOLPIDM_01397	88
POOLPIDM_01398	63
POOLPIDM_01400	13
POOLPIDM_01401	0
POOLPIDM_01402	2
POOLPIDM_01403	24
POOLPIDM_01404	3
POOLPIDM_01405	21
POOLPIDM_01406	3
POOLPIDM_01407	0
POOLPIDM_01408	1
POOLPIDM_01410	8
POOLPIDM_01411	23
POOLPIDM_01412	39
POOLPIDM_01413	45
POOLPIDM_01414	54
POOLPIDM_01415	35
POOLPIDM_01416	5
POOLPIDM_01417	32
POOLPIDM_01418	102
POOLPIDM_01419	13
POOLPIDM_01420	13
POOLPIDM_01421	66
POOLPIDM_01422	22
POOLPIDM_01423	12
POOLPIDM_01424	0
POOLPIDM_01425	3
POOLPIDM_01426	1
POOLPIDM_01427	3
POOLPIDM_01428	67
POOLPIDM_01429	9
POOLPIDM_01430	21
POOLPIDM_01431	9
POOLPIDM_01432	85
POOLPIDM_01433	36
POOLPIDM_01434	108
POOLPIDM_01435	119
POOLPIDM_01436	12
POOLPIDM_01437	30
POOLPIDM_01438	117
POOLPIDM_01439	13
POOLPIDM_01440	8
POOLPIDM_01441	175
POOLPIDM_01442	86
POOLPIDM_01443	72
POOLPIDM_01444	137
POOLPIDM_01445	9
POOLPIDM_01446	28
POOLPIDM_01447	0
POOLPIDM_01448	1
POOLPIDM_01449	0
POOLPIDM_01450	2
POOLPIDM_01451	12
POOLPIDM_01452	40
POOLPIDM_01453	7
POOLPIDM_01454	0
POOLPIDM_01455	7
POOLPIDM_01456	9
POOLPIDM_01457	1
POOLPIDM_01458	0
POOLPIDM_01459	4
POOLPIDM_01460	3
POOLPIDM_01461	1
POOLPIDM_01462	1
POOLPIDM_01463	10
POOLPIDM_01464	45
POOLPIDM_01465	22
POOLPIDM_01466	4
POOLPIDM_01467	68
POOLPIDM_01468	27
POOLPIDM_01469	0
POOLPIDM_01470	2
POOLPIDM_01471	1
POOLPIDM_01472	1
POOLPIDM_01473	3
POOLPIDM_01474	63
POOLPIDM_01475	22
POOLPIDM_01476	49
POOLPIDM_01477	18
POOLPIDM_01478	24
POOLPIDM_01479	22
POOLPIDM_01480	4
POOLPIDM_01481	21
POOLPIDM_01482	17
POOLPIDM_01483	5
POOLPIDM_01484	1
POOLPIDM_01485	1
POOLPIDM_01486	41
POOLPIDM_01487	4
POOLPIDM_01488	33
POOLPIDM_01489	17
POOLPIDM_01490	43
POOLPIDM_01491	1
POOLPIDM_01493	31
POOLPIDM_01494	29
POOLPIDM_01495	4
POOLPIDM_01496	21
POOLPIDM_01497	42
POOLPIDM_01498	4
POOLPIDM_01499	10
POOLPIDM_01500	1
POOLPIDM_01501	16
POOLPIDM_01502	25
POOLPIDM_01503	12
POOLPIDM_01504	10
POOLPIDM_01505	18
POOLPIDM_01506	0
POOLPIDM_01507	35
POOLPIDM_01508	29
POOLPIDM_01509	3
POOLPIDM_01510	80
POOLPIDM_01511	24
POOLPIDM_01512	9
POOLPIDM_01513	0
POOLPIDM_01514	5
POOLPIDM_01515	1
POOLPIDM_01516	25
POOLPIDM_01517	13
POOLPIDM_01518	97
POOLPIDM_01519	24
POOLPIDM_01520	37
POOLPIDM_01521	354
POOLPIDM_01522	117
POOLPIDM_01523	8
POOLPIDM_01524	160
POOLPIDM_01525	50
POOLPIDM_01526	58
POOLPIDM_01527	60
POOLPIDM_01528	37
POOLPIDM_01529	51
POOLPIDM_01530	48
POOLPIDM_01531	195
POOLPIDM_01532	140
POOLPIDM_01533	38
POOLPIDM_01534	29
POOLPIDM_01535	3
POOLPIDM_01536	154
POOLPIDM_01537	31
POOLPIDM_01538	2
POOLPIDM_01539	22
POOLPIDM_01540	39
POOLPIDM_01541	61
POOLPIDM_01542	100
POOLPIDM_01543	51
POOLPIDM_01544	19
POOLPIDM_01545	18
POOLPIDM_01546	58
POOLPIDM_01547	69
POOLPIDM_01548	23
POOLPIDM_01549	34
POOLPIDM_01550	35
POOLPIDM_01551	11
POOLPIDM_01552	45
POOLPIDM_01553	60
POOLPIDM_01554	41
POOLPIDM_01555	10
POOLPIDM_01556	117
POOLPIDM_01557	127
POOLPIDM_01558	182
POOLPIDM_01559	60
POOLPIDM_01560	58
POOLPIDM_01561	9
POOLPIDM_01562	1
POOLPIDM_01563	4
POOLPIDM_01564	24
POOLPIDM_01565	56
POOLPIDM_01566	136
POOLPIDM_01567	8
POOLPIDM_01568	26
POOLPIDM_01569	16
POOLPIDM_01570	41
POOLPIDM_01571	9
POOLPIDM_01572	40
POOLPIDM_01573	0
POOLPIDM_01574	7
POOLPIDM_01575	46
POOLPIDM_01576	191
POOLPIDM_01577	0
POOLPIDM_01578	175
POOLPIDM_01579	107
POOLPIDM_01580	116
POOLPIDM_01581	8
POOLPIDM_01582	1
POOLPIDM_01583	6
POOLPIDM_01584	67
POOLPIDM_01585	31
POOLPIDM_01586	13
POOLPIDM_01587	14
POOLPIDM_01588	27
POOLPIDM_01589	0
POOLPIDM_01590	63
POOLPIDM_01591	135
POOLPIDM_01592	40
POOLPIDM_01593	68
POOLPIDM_01594	3
POOLPIDM_01595	152
POOLPIDM_01596	65
POOLPIDM_01597	22
POOLPIDM_01598	6
POOLPIDM_01599	40
POOLPIDM_01600	13
POOLPIDM_01601	1
POOLPIDM_01602	3
POOLPIDM_01603	10
POOLPIDM_01604	5
POOLPIDM_01605	8
POOLPIDM_01606	9
POOLPIDM_01607	7
POOLPIDM_01608	0
POOLPIDM_01609	0
POOLPIDM_01610	1
POOLPIDM_01611	0
POOLPIDM_01612	0
POOLPIDM_01613	1
POOLPIDM_01614	2
POOLPIDM_01615	25
POOLPIDM_01616	2
POOLPIDM_01617	12
POOLPIDM_01618	7
POOLPIDM_01619	26
POOLPIDM_01620	10
POOLPIDM_01621	2
POOLPIDM_01622	3
POOLPIDM_01623	4
POOLPIDM_01624	2
POOLPIDM_01625	0
POOLPIDM_01626	0
POOLPIDM_01627	1
POOLPIDM_01628	0
POOLPIDM_01629	0
POOLPIDM_01630	8
POOLPIDM_01631	0
POOLPIDM_01632	8
POOLPIDM_01633	1
POOLPIDM_01634	8
POOLPIDM_01635	2
POOLPIDM_01636	0
POOLPIDM_01637	2
POOLPIDM_01638	0
POOLPIDM_01639	3
POOLPIDM_01640	0
POOLPIDM_01641	3
POOLPIDM_01642	3
POOLPIDM_01643	14
POOLPIDM_01644	15
POOLPIDM_01645	0
POOLPIDM_01646	4
POOLPIDM_01647	0
POOLPIDM_01648	1
POOLPIDM_01649	0
POOLPIDM_01650	0
POOLPIDM_01651	2
POOLPIDM_01668	81
POOLPIDM_01669	32
POOLPIDM_01670	167
POOLPIDM_01671	23
POOLPIDM_01672	144
POOLPIDM_01673	28
POOLPIDM_01674	348
POOLPIDM_01675	262
POOLPIDM_01676	70
POOLPIDM_01677	80
POOLPIDM_01678	84
POOLPIDM_01679	0
POOLPIDM_01680	213
POOLPIDM_01681	70
POOLPIDM_01682	0
POOLPIDM_01683	100
POOLPIDM_01684	6
POOLPIDM_01685	239
POOLPIDM_01686	4
POOLPIDM_01687	18
POOLPIDM_01688	144
POOLPIDM_01689	26
POOLPIDM_01690	0
POOLPIDM_01691	73
POOLPIDM_01692	232
POOLPIDM_01693	43
POOLPIDM_01694	103
POOLPIDM_01695	143
POOLPIDM_01696	130
POOLPIDM_01697	25
POOLPIDM_01698	275
POOLPIDM_01699	83
POOLPIDM_01700	819
POOLPIDM_01701	199
POOLPIDM_01702	503
POOLPIDM_01703	43
POOLPIDM_01704	75
POOLPIDM_01705	374
POOLPIDM_01706	314
POOLPIDM_01707	267
POOLPIDM_01708	79
POOLPIDM_01709	402
POOLPIDM_01710	150
POOLPIDM_01711	35
POOLPIDM_01712	43
POOLPIDM_01713	34
POOLPIDM_01714	42
POOLPIDM_01715	107
POOLPIDM_01716	1606
POOLPIDM_01717	406
POOLPIDM_01718	160
POOLPIDM_01719	17
POOLPIDM_01720	10
POOLPIDM_01721	131
POOLPIDM_01722	88
POOLPIDM_01723	31
POOLPIDM_01724	34
POOLPIDM_01725	37
POOLPIDM_01726	66
POOLPIDM_01727	18
POOLPIDM_01728	50
POOLPIDM_01729	2
POOLPIDM_01730	17
POOLPIDM_01731	51
POOLPIDM_01732	41
POOLPIDM_01733	53
POOLPIDM_01734	6
POOLPIDM_01735	6
POOLPIDM_01736	71
POOLPIDM_01737	49
POOLPIDM_01738	0
POOLPIDM_01739	0
POOLPIDM_01740	0
POOLPIDM_01741	14
POOLPIDM_01742	118
POOLPIDM_01743	24
POOLPIDM_01744	104
POOLPIDM_01745	32
POOLPIDM_01746	141
POOLPIDM_01747	56
POOLPIDM_01748	24
POOLPIDM_01749	0
POOLPIDM_01750	168
POOLPIDM_01751	32
POOLPIDM_01752	84
POOLPIDM_01753	21
POOLPIDM_01754	38
POOLPIDM_01755	52
POOLPIDM_01756	46
POOLPIDM_01757	75
POOLPIDM_01758	85
POOLPIDM_01759	40
POOLPIDM_01760	48
POOLPIDM_01761	0
POOLPIDM_01762	246
POOLPIDM_01763	48
POOLPIDM_01764	46
POOLPIDM_01765	50
POOLPIDM_01766	39
POOLPIDM_01767	83
POOLPIDM_01768	28
POOLPIDM_01769	234
POOLPIDM_01770	34
POOLPIDM_01771	48
POOLPIDM_01772	87
POOLPIDM_01773	25
POOLPIDM_01774	31
POOLPIDM_01775	48
POOLPIDM_01776	117
POOLPIDM_01777	94
POOLPIDM_01778	114
POOLPIDM_01779	18
POOLPIDM_01780	33
POOLPIDM_01781	7
POOLPIDM_01782	0
POOLPIDM_01783	0
POOLPIDM_01784	0
POOLPIDM_01785	0
POOLPIDM_01786	0
POOLPIDM_01787	0
POOLPIDM_01789	0
POOLPIDM_01790	0
POOLPIDM_01791	0
POOLPIDM_01792	0
POOLPIDM_01793	0
POOLPIDM_01794	0
POOLPIDM_01795	0
POOLPIDM_01796	0
POOLPIDM_01797	3
POOLPIDM_01798	0
POOLPIDM_01799	5
POOLPIDM_01800	0
POOLPIDM_01801	0
POOLPIDM_01802	0
POOLPIDM_01803	0
POOLPIDM_01804	1
POOLPIDM_01805	0
POOLPIDM_01806	1
POOLPIDM_01807	0
POOLPIDM_01808	0
POOLPIDM_01809	2
POOLPIDM_01810	27
POOLPIDM_01811	3
POOLPIDM_01812	2
POOLPIDM_01813	0
POOLPIDM_01814	0
POOLPIDM_01815	6
POOLPIDM_01816	0
POOLPIDM_01817	3
POOLPIDM_01818	0
POOLPIDM_01819	1
POOLPIDM_01820	39
POOLPIDM_01821	0
POOLPIDM_01822	0
POOLPIDM_01823	0
POOLPIDM_01824	0
POOLPIDM_01825	0
POOLPIDM_01826	2
POOLPIDM_01827	0
POOLPIDM_01828	0
POOLPIDM_01829	0
POOLPIDM_01830	0
POOLPIDM_01831	4
POOLPIDM_01832	0
POOLPIDM_01833	0
POOLPIDM_01834	0
POOLPIDM_01835	1
POOLPIDM_01836	0
POOLPIDM_01837	1
POOLPIDM_01838	0
POOLPIDM_01839	0
POOLPIDM_01840	1
POOLPIDM_01841	4
POOLPIDM_01842	1
POOLPIDM_01843	1
POOLPIDM_01844	0
POOLPIDM_01845	0
POOLPIDM_01846	4
POOLPIDM_01847	15
POOLPIDM_01848	123
POOLPIDM_01849	14
POOLPIDM_01850	3
POOLPIDM_01851	4
POOLPIDM_01852	1
POOLPIDM_01853	8
POOLPIDM_01854	22
POOLPIDM_01855	201
POOLPIDM_01856	76
POOLPIDM_01857	19
POOLPIDM_01858	49
POOLPIDM_01859	7
POOLPIDM_01860	38
POOLPIDM_01861	65
POOLPIDM_01862	61
POOLPIDM_01863	183
POOLPIDM_01864	31
POOLPIDM_01865	53
POOLPIDM_01866	17
POOLPIDM_01868	7
POOLPIDM_01869	18
POOLPIDM_01870	3
POOLPIDM_01871	2
POOLPIDM_01872	173
POOLPIDM_01873	67
POOLPIDM_01874	5
POOLPIDM_01875	0
POOLPIDM_01876	30
POOLPIDM_01877	1
POOLPIDM_01878	16
POOLPIDM_01879	248
POOLPIDM_01880	72
POOLPIDM_01881	110
POOLPIDM_01882	41
POOLPIDM_01883	7
POOLPIDM_01884	67
POOLPIDM_01885	0
POOLPIDM_01886	14
POOLPIDM_01887	4
POOLPIDM_01888	168
POOLPIDM_01889	841
POOLPIDM_01890	119
POOLPIDM_01891	357
POOLPIDM_01892	6
POOLPIDM_01893	25
POOLPIDM_01894	168
POOLPIDM_01895	17
POOLPIDM_01896	164
POOLPIDM_01897	0
POOLPIDM_01898	2
POOLPIDM_01899	75
POOLPIDM_01900	83
POOLPIDM_01901	39
POOLPIDM_01902	61
POOLPIDM_01903	39
POOLPIDM_01904	2
POOLPIDM_01905	8
POOLPIDM_01906	1
POOLPIDM_01907	9
POOLPIDM_01908	58
POOLPIDM_01909	26
POOLPIDM_01910	5
POOLPIDM_01911	15
POOLPIDM_01912	138
POOLPIDM_01913	73
POOLPIDM_01914	86
POOLPIDM_01915	31
POOLPIDM_01916	21
POOLPIDM_01917	19
POOLPIDM_01918	11
POOLPIDM_01919	0
POOLPIDM_01920	129
POOLPIDM_01921	5
POOLPIDM_01922	28
POOLPIDM_01923	53
POOLPIDM_01924	36
POOLPIDM_01925	100
POOLPIDM_01926	87
POOLPIDM_01927	13
POOLPIDM_01928	18
POOLPIDM_01929	10
POOLPIDM_01930	14
POOLPIDM_01931	200
POOLPIDM_01932	122
POOLPIDM_01933	309
POOLPIDM_01934	21
POOLPIDM_01935	33
POOLPIDM_01936	31
POOLPIDM_01937	27
POOLPIDM_01938	314
POOLPIDM_01939	6
POOLPIDM_01940	21
POOLPIDM_01941	4
POOLPIDM_01942	19
POOLPIDM_01943	161
POOLPIDM_01944	3
POOLPIDM_01945	65
POOLPIDM_01946	0
POOLPIDM_01947	13
POOLPIDM_01948	68
POOLPIDM_01949	23
POOLPIDM_01950	2
POOLPIDM_01951	3
POOLPIDM_01952	0
POOLPIDM_01953	1
POOLPIDM_01954	3
POOLPIDM_01955	1
POOLPIDM_01956	6
POOLPIDM_01957	31
POOLPIDM_01958	27
POOLPIDM_01959	17
POOLPIDM_01960	26
POOLPIDM_01961	5
POOLPIDM_01962	12
POOLPIDM_01963	35
POOLPIDM_01964	75
POOLPIDM_01965	28
POOLPIDM_01966	51
POOLPIDM_01967	21
POOLPIDM_01968	2
POOLPIDM_01969	2
POOLPIDM_01970	6
POOLPIDM_01971	4
POOLPIDM_01972	0
POOLPIDM_01973	1
POOLPIDM_01974	0
POOLPIDM_01975	7
POOLPIDM_01976	3
POOLPIDM_01977	1
POOLPIDM_01978	0
POOLPIDM_01979	0
POOLPIDM_01980	7
POOLPIDM_01981	3
POOLPIDM_01982	4
POOLPIDM_01983	5
POOLPIDM_01984	31
POOLPIDM_01985	37
POOLPIDM_01986	44
POOLPIDM_01987	177
POOLPIDM_01988	126
POOLPIDM_01989	50
POOLPIDM_01990	116
POOLPIDM_01991	55
POOLPIDM_01992	17
POOLPIDM_01993	19
POOLPIDM_01994	5
POOLPIDM_01995	19
POOLPIDM_01996	70
POOLPIDM_01997	13
POOLPIDM_01998	18
POOLPIDM_01999	22
POOLPIDM_02000	0
POOLPIDM_02001	5
POOLPIDM_02002	6
POOLPIDM_02003	52
POOLPIDM_02004	47
POOLPIDM_02005	3
POOLPIDM_02006	55
POOLPIDM_02007	58
POOLPIDM_02008	1
POOLPIDM_02009	0
POOLPIDM_02010	4
POOLPIDM_02011	3
POOLPIDM_02012	4
POOLPIDM_02013	18
POOLPIDM_02014	32
POOLPIDM_02015	1
POOLPIDM_02016	54
POOLPIDM_02017	356
POOLPIDM_02018	574
POOLPIDM_02019	164
POOLPIDM_02020	274
POOLPIDM_02021	112
POOLPIDM_02022	53
POOLPIDM_02023	80
POOLPIDM_02024	35
POOLPIDM_02025	82
POOLPIDM_02026	79
POOLPIDM_02027	10
POOLPIDM_02028	6
POOLPIDM_02029	0
POOLPIDM_02030	0
POOLPIDM_02031	123
POOLPIDM_02046	11
POOLPIDM_02047	1
POOLPIDM_02048	3
POOLPIDM_02049	16
POOLPIDM_02050	1
POOLPIDM_02051	36
POOLPIDM_02052	26
POOLPIDM_02053	11
POOLPIDM_02054	19
POOLPIDM_02055	20
POOLPIDM_02056	34
POOLPIDM_02057	110
POOLPIDM_02058	49
POOLPIDM_02059	56
POOLPIDM_02060	35
POOLPIDM_02061	9
POOLPIDM_02062	21
POOLPIDM_02063	25
POOLPIDM_02064	36
POOLPIDM_02065	6
POOLPIDM_02066	6
POOLPIDM_02067	3
POOLPIDM_02068	24
POOLPIDM_02069	6
POOLPIDM_02070	8
POOLPIDM_02071	86
POOLPIDM_02072	19
POOLPIDM_02073	144
POOLPIDM_02074	0
POOLPIDM_02075	0
POOLPIDM_02076	34
POOLPIDM_02077	17
POOLPIDM_02078	11
POOLPIDM_02079	31
POOLPIDM_02080	17
POOLPIDM_02081	16
POOLPIDM_02082	19
POOLPIDM_02083	39
POOLPIDM_02084	7
POOLPIDM_02085	9
POOLPIDM_02086	67
POOLPIDM_02087	117
POOLPIDM_02088	293
POOLPIDM_02089	16
POOLPIDM_02090	6
POOLPIDM_02091	2
POOLPIDM_02092	16
POOLPIDM_02093	46
POOLPIDM_02094	42
POOLPIDM_02095	74
POOLPIDM_02096	4
POOLPIDM_02097	94
POOLPIDM_02098	8
POOLPIDM_02099	27
POOLPIDM_02100	60
POOLPIDM_02101	8
POOLPIDM_02102	19
POOLPIDM_02103	95
POOLPIDM_02104	32
POOLPIDM_02105	5
POOLPIDM_02106	9
POOLPIDM_02107	22
POOLPIDM_02108	44
POOLPIDM_02109	0
POOLPIDM_02110	2
POOLPIDM_02111	117
POOLPIDM_02112	6
POOLPIDM_02113	42
POOLPIDM_02114	38
POOLPIDM_02115	85
POOLPIDM_02116	7
POOLPIDM_02117	12
POOLPIDM_02118	16
POOLPIDM_02119	11
POOLPIDM_02120	3
POOLPIDM_02121	13
POOLPIDM_02122	10
POOLPIDM_02123	21
POOLPIDM_02124	10
POOLPIDM_02125	54
POOLPIDM_02126	22
POOLPIDM_02127	100
POOLPIDM_02128	42
POOLPIDM_02129	52
POOLPIDM_02130	5
POOLPIDM_02131	47
POOLPIDM_02132	33
POOLPIDM_02133	9
POOLPIDM_02134	6
POOLPIDM_02135	3
POOLPIDM_02136	2
POOLPIDM_02137	5
POOLPIDM_02138	0
POOLPIDM_02139	51
POOLPIDM_02140	13
POOLPIDM_02141	13
POOLPIDM_02142	74
POOLPIDM_02143	13
POOLPIDM_02144	185
POOLPIDM_02145	75
POOLPIDM_02146	5
POOLPIDM_02147	15
POOLPIDM_02148	68
POOLPIDM_02149	52
POOLPIDM_02150	66
POOLPIDM_02151	86
POOLPIDM_02152	4
POOLPIDM_02153	0
POOLPIDM_02154	0
POOLPIDM_02155	13
POOLPIDM_02156	210
POOLPIDM_02157	5
POOLPIDM_02158	10
POOLPIDM_02159	3
POOLPIDM_02160	8
POOLPIDM_02161	4
POOLPIDM_02162	16
POOLPIDM_02163	37
POOLPIDM_02164	11
POOLPIDM_02165	2
POOLPIDM_02166	0
POOLPIDM_02167	16
POOLPIDM_02168	15
POOLPIDM_02169	1
POOLPIDM_02170	8
POOLPIDM_02171	1
POOLPIDM_02172	56
POOLPIDM_02173	23
POOLPIDM_02174	1
POOLPIDM_02175	3
POOLPIDM_02176	4
POOLPIDM_02177	7
POOLPIDM_02178	5
POOLPIDM_02179	6
POOLPIDM_02180	2
POOLPIDM_02181	2
POOLPIDM_02182	7
POOLPIDM_02183	50
POOLPIDM_02184	42
POOLPIDM_02185	1
POOLPIDM_02186	0
POOLPIDM_02187	18
POOLPIDM_02188	2
POOLPIDM_02189	12
POOLPIDM_02190	1
POOLPIDM_02191	4
POOLPIDM_02192	2
POOLPIDM_02193	16
POOLPIDM_02194	3
POOLPIDM_02195	10
POOLPIDM_02196	50
POOLPIDM_02197	40
POOLPIDM_02198	37
POOLPIDM_02199	5
POOLPIDM_02200	2
POOLPIDM_02201	27
POOLPIDM_02202	10
POOLPIDM_02203	1
POOLPIDM_02204	0
POOLPIDM_02205	2
POOLPIDM_02206	2
POOLPIDM_02207	36
POOLPIDM_02208	2
POOLPIDM_02209	6
POOLPIDM_02210	0
POOLPIDM_02211	71
POOLPIDM_02212	2
POOLPIDM_02213	3
POOLPIDM_02214	0
POOLPIDM_02215	19
POOLPIDM_02216	27
POOLPIDM_02217	10
POOLPIDM_02218	1
POOLPIDM_02219	0
POOLPIDM_02220	0
POOLPIDM_02221	0
POOLPIDM_02222	1
POOLPIDM_02223	1
POOLPIDM_02224	3
POOLPIDM_02225	0
POOLPIDM_02226	113
POOLPIDM_02227	50
POOLPIDM_02228	12
POOLPIDM_02229	1
POOLPIDM_02230	22
POOLPIDM_02231	0
POOLPIDM_02232	0
POOLPIDM_02233	48
POOLPIDM_02234	66
POOLPIDM_02235	140
POOLPIDM_02236	54
POOLPIDM_02237	22
POOLPIDM_02238	26
POOLPIDM_02239	3
POOLPIDM_02240	42
POOLPIDM_02241	9
POOLPIDM_02242	4
POOLPIDM_02243	190
POOLPIDM_02244	35
POOLPIDM_02245	7
POOLPIDM_02246	4
POOLPIDM_02247	11
POOLPIDM_02248	5
POOLPIDM_02249	33
POOLPIDM_02250	32
POOLPIDM_02251	40
POOLPIDM_02252	56
POOLPIDM_02253	204
POOLPIDM_02254	330
POOLPIDM_02255	80
POOLPIDM_02256	52
POOLPIDM_02257	38
POOLPIDM_02258	74
POOLPIDM_02259	72
POOLPIDM_02260	61
POOLPIDM_02261	293
POOLPIDM_02262	18
POOLPIDM_02263	130
POOLPIDM_02264	38
POOLPIDM_02265	41
POOLPIDM_02266	6
POOLPIDM_02267	13
POOLPIDM_02268	0
POOLPIDM_02269	0
POOLPIDM_02270	1
POOLPIDM_02271	3
POOLPIDM_02272	10
POOLPIDM_02273	45
POOLPIDM_02274	32
POOLPIDM_02275	0
POOLPIDM_02276	157
POOLPIDM_02277	53
POOLPIDM_02278	56
POOLPIDM_02279	66
POOLPIDM_02280	5
POOLPIDM_02281	68
POOLPIDM_02282	16
POOLPIDM_02283	29
POOLPIDM_02284	25
POOLPIDM_02285	27
POOLPIDM_02286	1
POOLPIDM_02287	0
POOLPIDM_02288	0
POOLPIDM_02289	2
POOLPIDM_02290	40
POOLPIDM_02291	90
POOLPIDM_02292	8
POOLPIDM_02293	7
POOLPIDM_02294	35
POOLPIDM_02295	40
POOLPIDM_02296	4
POOLPIDM_02297	268
POOLPIDM_02298	42
POOLPIDM_02299	55
POOLPIDM_02300	125
POOLPIDM_02301	9
POOLPIDM_02302	30
POOLPIDM_02303	21
POOLPIDM_02304	19
POOLPIDM_02305	0
POOLPIDM_02306	0
POOLPIDM_02307	57
POOLPIDM_02308	9
POOLPIDM_02309	32
POOLPIDM_02310	40
POOLPIDM_02311	9
POOLPIDM_02312	25
POOLPIDM_02313	59
POOLPIDM_02314	98
POOLPIDM_02315	0
POOLPIDM_02316	306
POOLPIDM_02317	147
POOLPIDM_02318	55
POOLPIDM_02319	66
POOLPIDM_02320	14
POOLPIDM_02321	13
POOLPIDM_02322	19
POOLPIDM_02323	19
POOLPIDM_02324	188
POOLPIDM_02325	229
POOLPIDM_02326	79
POOLPIDM_02327	1093
POOLPIDM_02328	40
POOLPIDM_02329	1
POOLPIDM_02330	20
POOLPIDM_02331	44
POOLPIDM_02332	36
POOLPIDM_02333	146
POOLPIDM_02334	67
POOLPIDM_02335	16
POOLPIDM_02336	11
POOLPIDM_02337	52
POOLPIDM_02338	26
POOLPIDM_02339	70
POOLPIDM_02340	99
POOLPIDM_02341	5
POOLPIDM_02342	10
POOLPIDM_02343	28
POOLPIDM_02344	17
POOLPIDM_02345	5
POOLPIDM_02346	285
POOLPIDM_02347	19
POOLPIDM_02348	37
POOLPIDM_02349	28
POOLPIDM_02350	1
POOLPIDM_02351	50
POOLPIDM_02352	6
POOLPIDM_02353	4
POOLPIDM_02354	137
POOLPIDM_02355	0
POOLPIDM_02356	56
POOLPIDM_02357	15
POOLPIDM_02358	1
POOLPIDM_02359	23
POOLPIDM_02360	13
POOLPIDM_02361	0
POOLPIDM_02362	0
POOLPIDM_02363	0
POOLPIDM_02364	0
POOLPIDM_02365	17
POOLPIDM_02366	5
POOLPIDM_02367	15
POOLPIDM_02368	6
POOLPIDM_02369	17
POOLPIDM_02370	150
POOLPIDM_02371	60
POOLPIDM_02372	44
POOLPIDM_02373	171
POOLPIDM_02374	14
POOLPIDM_02375	164
POOLPIDM_02376	20
POOLPIDM_02377	33
POOLPIDM_02378	48
POOLPIDM_02379	40
POOLPIDM_02380	0
POOLPIDM_02381	9
POOLPIDM_02382	57
POOLPIDM_02383	81
POOLPIDM_02384	392
POOLPIDM_02385	15
POOLPIDM_02386	17
POOLPIDM_02387	75
POOLPIDM_02388	2
POOLPIDM_02389	7
POOLPIDM_02390	9
POOLPIDM_02391	18
POOLPIDM_02392	1
POOLPIDM_02393	0
POOLPIDM_02394	19
POOLPIDM_02395	29
POOLPIDM_02396	22
POOLPIDM_02397	25
POOLPIDM_02398	29
POOLPIDM_02399	54
POOLPIDM_02400	150
POOLPIDM_02401	556
POOLPIDM_02402	215
POOLPIDM_02403	235
POOLPIDM_02404	35
POOLPIDM_02405	655
POOLPIDM_02406	759
POOLPIDM_02407	1156
POOLPIDM_02408	152
POOLPIDM_02409	86
POOLPIDM_02410	434
POOLPIDM_02411	163
POOLPIDM_02412	211
POOLPIDM_02413	200
POOLPIDM_02414	868
POOLPIDM_02415	398
POOLPIDM_02416	236
POOLPIDM_02417	361
POOLPIDM_02418	752
POOLPIDM_02419	117
POOLPIDM_02420	297
POOLPIDM_02421	803
POOLPIDM_02422	3905
POOLPIDM_02423	80
POOLPIDM_02424	336
POOLPIDM_02425	87
POOLPIDM_02426	140
POOLPIDM_02427	370
POOLPIDM_02428	686
POOLPIDM_02429	1589
POOLPIDM_02430	2241
POOLPIDM_02431	312
POOLPIDM_02432	235
POOLPIDM_02433	30
POOLPIDM_02434	88
POOLPIDM_02435	593
POOLPIDM_02436	180
POOLPIDM_02437	160
POOLPIDM_02438	283
POOLPIDM_02439	72
POOLPIDM_02440	183
POOLPIDM_02441	155
POOLPIDM_02442	674
POOLPIDM_02443	51
POOLPIDM_02444	277
POOLPIDM_02445	77
POOLPIDM_02446	22
POOLPIDM_02447	60
POOLPIDM_02448	39
POOLPIDM_02449	346
POOLPIDM_02450	54
POOLPIDM_02451	8
POOLPIDM_02452	1
POOLPIDM_02453	1
POOLPIDM_02454	20
POOLPIDM_02455	9
POOLPIDM_02456	12
POOLPIDM_02457	0
POOLPIDM_02458	5
POOLPIDM_02459	3
POOLPIDM_02460	61
POOLPIDM_02461	96
POOLPIDM_02462	4
POOLPIDM_02463	1
POOLPIDM_02464	10
POOLPIDM_02465	40
POOLPIDM_02466	46
POOLPIDM_02467	43
POOLPIDM_02468	55
POOLPIDM_02469	83
POOLPIDM_02470	58
POOLPIDM_02471	72
POOLPIDM_02472	23
POOLPIDM_02473	15
POOLPIDM_02474	93
POOLPIDM_02475	13
POOLPIDM_02476	203
POOLPIDM_02477	162
POOLPIDM_02478	275
POOLPIDM_02479	190
POOLPIDM_02480	138
POOLPIDM_02481	6
POOLPIDM_02482	20
POOLPIDM_02483	52
POOLPIDM_02484	4
POOLPIDM_02485	18
POOLPIDM_02486	93
POOLPIDM_02487	117
POOLPIDM_02488	13
POOLPIDM_02489	61
POOLPIDM_02490	111
POOLPIDM_02491	67
POOLPIDM_02492	77
POOLPIDM_02493	79
POOLPIDM_02494	19
POOLPIDM_02495	88
POOLPIDM_02496	51
POOLPIDM_02497	148
POOLPIDM_02498	36
POOLPIDM_02499	26
POOLPIDM_02500	31
POOLPIDM_02510	3
POOLPIDM_02511	104
POOLPIDM_02512	43
POOLPIDM_02513	39
POOLPIDM_02514	120
POOLPIDM_02515	14
POOLPIDM_02516	31
POOLPIDM_02517	49
POOLPIDM_02518	66
POOLPIDM_02519	33
POOLPIDM_02520	78
POOLPIDM_02521	81
POOLPIDM_02522	211
POOLPIDM_02523	34
POOLPIDM_02524	61
POOLPIDM_02525	2
POOLPIDM_02526	34
POOLPIDM_02527	9
POOLPIDM_02528	532
POOLPIDM_02529	643
POOLPIDM_02530	24
POOLPIDM_02531	5
POOLPIDM_02532	1
POOLPIDM_02533	24
POOLPIDM_02534	14
POOLPIDM_02535	1
POOLPIDM_02536	0
POOLPIDM_02537	0
POOLPIDM_02538	6
POOLPIDM_02539	9
POOLPIDM_02540	14
POOLPIDM_02541	38
POOLPIDM_02542	53
POOLPIDM_02543	39
POOLPIDM_02544	427
POOLPIDM_02545	454
POOLPIDM_02546	104
POOLPIDM_02547	21
POOLPIDM_02548	5
POOLPIDM_02549	0
POOLPIDM_02550	14
POOLPIDM_02551	3
POOLPIDM_02552	0
POOLPIDM_02553	2
POOLPIDM_02554	2
POOLPIDM_02555	11
POOLPIDM_02556	15
POOLPIDM_02557	4
POOLPIDM_02558	14
POOLPIDM_02559	20
POOLPIDM_02560	2
POOLPIDM_02561	1
POOLPIDM_02562	5
POOLPIDM_02563	0
POOLPIDM_02564	4
POOLPIDM_02565	0
POOLPIDM_02566	14
POOLPIDM_02567	0
POOLPIDM_02568	9
POOLPIDM_02569	10
POOLPIDM_02570	82
POOLPIDM_02571	7
POOLPIDM_02572	65
POOLPIDM_02573	1
POOLPIDM_02574	15
POOLPIDM_02575	2
POOLPIDM_02576	1
POOLPIDM_02577	0
POOLPIDM_02578	0
POOLPIDM_02579	22
POOLPIDM_02580	37
POOLPIDM_02581	1
POOLPIDM_02582	9
POOLPIDM_02583	4
POOLPIDM_02584	21
POOLPIDM_02585	17
POOLPIDM_02586	0
POOLPIDM_02587	2
POOLPIDM_02588	0
POOLPIDM_02589	22
POOLPIDM_02590	112
POOLPIDM_02591	0
POOLPIDM_02592	0
POOLPIDM_02593	54
POOLPIDM_02594	0
POOLPIDM_02595	0
POOLPIDM_02596	7
POOLPIDM_02597	16
POOLPIDM_02598	9
POOLPIDM_02599	40
POOLPIDM_02600	6
POOLPIDM_02601	6
POOLPIDM_02602	3
POOLPIDM_02603	3
POOLPIDM_02604	3
POOLPIDM_02605	0
POOLPIDM_02606	0
POOLPIDM_02607	0
POOLPIDM_02608	34
POOLPIDM_02609	10
POOLPIDM_02610	0
POOLPIDM_02611	23
POOLPIDM_02612	21
POOLPIDM_02613	51
POOLPIDM_02614	0
POOLPIDM_02615	53
POOLPIDM_02616	34
POOLPIDM_02617	0
POOLPIDM_02618	4
POOLPIDM_02619	0
POOLPIDM_02620	0
POOLPIDM_02621	1
POOLPIDM_02622	1
POOLPIDM_02623	0
POOLPIDM_02624	6
POOLPIDM_02625	6
POOLPIDM_02626	53
POOLPIDM_02627	3
POOLPIDM_02628	4
POOLPIDM_02629	3
POOLPIDM_02630	0
POOLPIDM_02631	2
POOLPIDM_02632	1
POOLPIDM_02633	5
POOLPIDM_02634	0
POOLPIDM_02635	0
POOLPIDM_02636	36
POOLPIDM_02637	95
POOLPIDM_02638	0
POOLPIDM_02639	0
POOLPIDM_02640	0
POOLPIDM_02641	8
POOLPIDM_02642	9
POOLPIDM_02643	0
POOLPIDM_02644	0
POOLPIDM_02645	5
POOLPIDM_02646	1
POOLPIDM_02647	29
POOLPIDM_02648	1
POOLPIDM_02649	0
POOLPIDM_02650	0
POOLPIDM_02651	0
POOLPIDM_02652	0
POOLPIDM_02653	0
POOLPIDM_02654	0
POOLPIDM_02655	68
POOLPIDM_02656	2
POOLPIDM_02657	1
POOLPIDM_02658	5
POOLPIDM_02659	3
POOLPIDM_02660	2
POOLPIDM_02661	0
POOLPIDM_02662	2
POOLPIDM_02663	15
POOLPIDM_02664	0
POOLPIDM_02665	6
POOLPIDM_02666	5
POOLPIDM_02667	8
POOLPIDM_02668	9
POOLPIDM_02669	12
POOLPIDM_02670	18
POOLPIDM_02671	113
POOLPIDM_02672	73
POOLPIDM_02673	99
POOLPIDM_02674	372
POOLPIDM_02675	39
POOLPIDM_02676	1
POOLPIDM_02677	9
POOLPIDM_02678	26
POOLPIDM_02679	5
POOLPIDM_02680	25
POOLPIDM_02681	2219
POOLPIDM_02682	0
POOLPIDM_02683	0
POOLPIDM_02684	0
POOLPIDM_02685	26
POOLPIDM_02686	0
POOLPIDM_02687	0
POOLPIDM_02688	0
POOLPIDM_02689	0
POOLPIDM_02690	9
POOLPIDM_02691	63
POOLPIDM_02692	4
POOLPIDM_02693	7
POOLPIDM_02694	65
POOLPIDM_02695	0
POOLPIDM_02696	0
POOLPIDM_02697	0
POOLPIDM_02698	0
POOLPIDM_02699	0
POOLPIDM_02700	3
POOLPIDM_02701	16
POOLPIDM_02702	21
POOLPIDM_02703	150
POOLPIDM_02704	325
POOLPIDM_02705	46
POOLPIDM_02706	75
POOLPIDM_02707	10
POOLPIDM_02708	0
POOLPIDM_02709	0
POOLPIDM_02710	8
POOLPIDM_02711	0
POOLPIDM_02712	24
POOLPIDM_02713	2
POOLPIDM_02714	16
POOLPIDM_02715	4
POOLPIDM_02716	0
POOLPIDM_02717	1
POOLPIDM_02718	5
POOLPIDM_02719	4
POOLPIDM_02720	0
POOLPIDM_02721	36
POOLPIDM_02722	107
POOLPIDM_02723	79
POOLPIDM_02724	0
POOLPIDM_02725	22
POOLPIDM_02726	0
POOLPIDM_02727	1
POOLPIDM_02728	2
POOLPIDM_02729	1
POOLPIDM_02730	0
POOLPIDM_02731	0
POOLPIDM_02732	23
POOLPIDM_02733	5
POOLPIDM_02734	5
POOLPIDM_02735	3
POOLPIDM_02736	1
POOLPIDM_02737	19
POOLPIDM_02738	0
POOLPIDM_02739	21
POOLPIDM_02740	0
POOLPIDM_02741	233
POOLPIDM_02742	15
POOLPIDM_02743	4
POOLPIDM_02744	7
POOLPIDM_02745	9
POOLPIDM_02746	0
POOLPIDM_02747	0
POOLPIDM_02748	3
POOLPIDM_02749	0
POOLPIDM_02750	0
POOLPIDM_02751	1
POOLPIDM_02752	0
POOLPIDM_02753	2
POOLPIDM_02754	16
POOLPIDM_02755	7
POOLPIDM_02756	2
POOLPIDM_02757	11
POOLPIDM_02758	3
POOLPIDM_02759	0
POOLPIDM_02760	0
POOLPIDM_02761	8
POOLPIDM_02762	3
POOLPIDM_02763	2
POOLPIDM_02764	0
POOLPIDM_02765	2
POOLPIDM_02766	0
POOLPIDM_02767	7
POOLPIDM_02768	0
POOLPIDM_02769	4
POOLPIDM_02770	7
POOLPIDM_02771	38
POOLPIDM_02772	25
POOLPIDM_02773	3
POOLPIDM_02774	5
POOLPIDM_02775	0
POOLPIDM_02776	28
POOLPIDM_02777	6
POOLPIDM_02778	23
POOLPIDM_02779	8
POOLPIDM_02780	0
POOLPIDM_02781	3
POOLPIDM_02782	0
POOLPIDM_02783	4
POOLPIDM_02784	7
POOLPIDM_02785	0
POOLPIDM_02786	3
POOLPIDM_02787	3
POOLPIDM_02788	1
POOLPIDM_02789	0
POOLPIDM_02790	2
POOLPIDM_02791	1
POOLPIDM_02792	2
POOLPIDM_02793	0
POOLPIDM_02794	0
POOLPIDM_02795	2
POOLPIDM_02796	68
POOLPIDM_02797	0
POOLPIDM_02798	15
POOLPIDM_02799	23
POOLPIDM_02800	3
POOLPIDM_02801	3
POOLPIDM_02802	17
POOLPIDM_02803	16
POOLPIDM_02804	45
POOLPIDM_02805	21
POOLPIDM_02806	1
POOLPIDM_02807	5
POOLPIDM_02808	0
POOLPIDM_02809	1
POOLPIDM_02810	0
POOLPIDM_02811	0
POOLPIDM_02812	0
POOLPIDM_02813	0
POOLPIDM_02814	0
POOLPIDM_02815	1
POOLPIDM_02816	1
POOLPIDM_02817	14
POOLPIDM_02818	1
POOLPIDM_02819	0
POOLPIDM_02820	6
POOLPIDM_02821	0
POOLPIDM_02822	0
POOLPIDM_02823	0
POOLPIDM_02824	31
POOLPIDM_02825	3
POOLPIDM_02826	4
POOLPIDM_02827	0
POOLPIDM_02828	32
POOLPIDM_02829	8
POOLPIDM_02830	34
POOLPIDM_02831	0
POOLPIDM_02832	47
POOLPIDM_02833	12
POOLPIDM_02834	24
POOLPIDM_02835	127
POOLPIDM_02836	8
POOLPIDM_02837	17
POOLPIDM_02838	1
POOLPIDM_02839	2
POOLPIDM_02840	12
POOLPIDM_02841	2
POOLPIDM_02842	3
POOLPIDM_02843	10
POOLPIDM_02844	2
POOLPIDM_02845	29
POOLPIDM_02846	11
POOLPIDM_02847	13
POOLPIDM_02848	2
POOLPIDM_02849	20
POOLPIDM_02850	143
POOLPIDM_02851	17
POOLPIDM_02852	14
POOLPIDM_02853	4
POOLPIDM_02854	15
POOLPIDM_02855	9
POOLPIDM_02856	18
POOLPIDM_02857	0
POOLPIDM_02858	4
POOLPIDM_02859	6
POOLPIDM_02860	19
POOLPIDM_02861	125
POOLPIDM_02862	33
POOLPIDM_02863	11
POOLPIDM_02864	51
POOLPIDM_02865	37
POOLPIDM_02866	219
POOLPIDM_02867	26
POOLPIDM_02868	129
POOLPIDM_02869	6
POOLPIDM_02870	60
POOLPIDM_02871	78
POOLPIDM_02872	1
POOLPIDM_02873	9
POOLPIDM_02874	10
POOLPIDM_02875	33
POOLPIDM_02876	27
POOLPIDM_02877	17
POOLPIDM_02878	55
POOLPIDM_02879	42
POOLPIDM_02880	69
POOLPIDM_02881	96
POOLPIDM_02882	164
POOLPIDM_02883	30
POOLPIDM_02884	48
POOLPIDM_02885	41
POOLPIDM_02886	27
POOLPIDM_02887	12
POOLPIDM_02888	14
POOLPIDM_02889	28
POOLPIDM_02890	153
POOLPIDM_02891	166
POOLPIDM_02892	17
POOLPIDM_02893	76
POOLPIDM_02894	16
POOLPIDM_02895	3
POOLPIDM_02896	29
POOLPIDM_02897	3
POOLPIDM_02898	586
POOLPIDM_02899	21
POOLPIDM_02900	69
POOLPIDM_02901	53
POOLPIDM_02902	83
POOLPIDM_02903	112
POOLPIDM_02904	58
POOLPIDM_02905	419
POOLPIDM_02906	51
POOLPIDM_02907	22
POOLPIDM_02908	109
POOLPIDM_02909	82
POOLPIDM_02910	24
POOLPIDM_02911	292
POOLPIDM_02912	152
POOLPIDM_02913	11
POOLPIDM_02914	6
POOLPIDM_02915	133
POOLPIDM_02916	589
POOLPIDM_02917	13
POOLPIDM_02918	164
POOLPIDM_02919	36
POOLPIDM_02920	17
POOLPIDM_02921	141
POOLPIDM_02922	166
POOLPIDM_02923	13
POOLPIDM_02924	99
POOLPIDM_02925	140
POOLPIDM_02926	20
POOLPIDM_02927	28
POOLPIDM_02928	293
POOLPIDM_02929	1
POOLPIDM_02930	2
POOLPIDM_02931	8
POOLPIDM_02932	0
POOLPIDM_02933	0
POOLPIDM_02934	2
POOLPIDM_02935	0
POOLPIDM_02936	0
POOLPIDM_02937	0
POOLPIDM_02938	1
POOLPIDM_02939	0
POOLPIDM_02940	2
POOLPIDM_02941	1
POOLPIDM_02942	14
POOLPIDM_02943	4
POOLPIDM_02944	2
POOLPIDM_02945	5
POOLPIDM_02946	9
POOLPIDM_02947	23
POOLPIDM_02948	18
POOLPIDM_02949	2
POOLPIDM_02950	6
POOLPIDM_02951	10
POOLPIDM_02952	8
POOLPIDM_02953	2
POOLPIDM_02954	10
POOLPIDM_02955	18
POOLPIDM_02956	2
POOLPIDM_02957	1
POOLPIDM_02958	38
POOLPIDM_02959	3
POOLPIDM_02960	4
POOLPIDM_02961	2
POOLPIDM_02962	0
POOLPIDM_02963	1
POOLPIDM_02964	23
POOLPIDM_02965	1
POOLPIDM_02966	16
POOLPIDM_02967	3
POOLPIDM_02968	41
POOLPIDM_02969	17
POOLPIDM_02970	6
POOLPIDM_02971	53
POOLPIDM_02972	19
POOLPIDM_02973	0
POOLPIDM_02974	0
POOLPIDM_02975	0
POOLPIDM_02976	4
POOLPIDM_02977	16
POOLPIDM_02978	4
POOLPIDM_02979	121
POOLPIDM_02980	1
POOLPIDM_02981	1
POOLPIDM_02982	4
POOLPIDM_02983	4
POOLPIDM_02984	0
POOLPIDM_02985	6
POOLPIDM_02986	5
POOLPIDM_02987	8
POOLPIDM_02988	1
POOLPIDM_02989	0
POOLPIDM_02990	2
POOLPIDM_02991	2
POOLPIDM_02992	2
POOLPIDM_02993	0
POOLPIDM_02994	1
POOLPIDM_02995	4
POOLPIDM_02996	1
POOLPIDM_02997	2
POOLPIDM_02998	4
POOLPIDM_02999	1
POOLPIDM_03000	1
POOLPIDM_03001	1
POOLPIDM_03002	4
POOLPIDM_03003	0
POOLPIDM_03004	0
POOLPIDM_03005	0
POOLPIDM_03006	0
POOLPIDM_03007	0
POOLPIDM_03008	0
POOLPIDM_03009	0
POOLPIDM_03010	0
POOLPIDM_03011	0
POOLPIDM_03012	0
POOLPIDM_03013	0
POOLPIDM_03014	2
POOLPIDM_03015	2
POOLPIDM_03016	0
POOLPIDM_03017	1
POOLPIDM_03018	1
POOLPIDM_03019	28
POOLPIDM_03020	85
POOLPIDM_03021	0
POOLPIDM_03022	75
POOLPIDM_03023	5
POOLPIDM_03024	0
POOLPIDM_03025	47
POOLPIDM_03026	65
POOLPIDM_03027	11
POOLPIDM_03028	6
POOLPIDM_03029	9
POOLPIDM_03030	50
POOLPIDM_03031	315
POOLPIDM_03032	18
POOLPIDM_03033	11
POOLPIDM_03034	0
POOLPIDM_03035	0
POOLPIDM_03036	4
POOLPIDM_03037	1
POOLPIDM_03038	19
POOLPIDM_03039	3
POOLPIDM_03040	113
POOLPIDM_03041	147
POOLPIDM_03042	4
POOLPIDM_03043	0
POOLPIDM_03044	0
POOLPIDM_03045	0
POOLPIDM_03046	0
POOLPIDM_03047	0
POOLPIDM_03048	0
POOLPIDM_03049	0
POOLPIDM_03050	0
POOLPIDM_03051	0
POOLPIDM_03052	0
POOLPIDM_03053	0
POOLPIDM_03054	2
POOLPIDM_03055	2
POOLPIDM_03056	0
POOLPIDM_03057	10
POOLPIDM_03058	0
POOLPIDM_03059	0
POOLPIDM_03060	13
POOLPIDM_03061	34
POOLPIDM_03062	1
POOLPIDM_03063	9
POOLPIDM_03064	16
POOLPIDM_03065	8
POOLPIDM_03066	0
POOLPIDM_03067	0
POOLPIDM_03068	0
POOLPIDM_03069	5
POOLPIDM_03070	6
POOLPIDM_03071	0
POOLPIDM_03072	21
POOLPIDM_03073	1
POOLPIDM_03074	9
POOLPIDM_03075	15
POOLPIDM_03076	44
POOLPIDM_03077	10
POOLPIDM_03078	10
POOLPIDM_03079	0
POOLPIDM_03080	3
POOLPIDM_03081	21
POOLPIDM_03082	29
POOLPIDM_03083	55
POOLPIDM_03084	1
POOLPIDM_03085	0
POOLPIDM_03086	1
POOLPIDM_03087	0
POOLPIDM_03088	0
POOLPIDM_03089	0
POOLPIDM_03090	1
POOLPIDM_03091	1
POOLPIDM_03092	0
POOLPIDM_03093	5
POOLPIDM_03094	15
POOLPIDM_03095	180
POOLPIDM_03096	5
POOLPIDM_03097	74
POOLPIDM_03098	0
POOLPIDM_03099	3
POOLPIDM_03100	1
POOLPIDM_03101	0
POOLPIDM_03102	0
POOLPIDM_03103	0
POOLPIDM_03104	0
POOLPIDM_03105	38
POOLPIDM_03106	6
POOLPIDM_03107	8
POOLPIDM_03108	1
POOLPIDM_03109	3
POOLPIDM_03110	0
POOLPIDM_03111	0
POOLPIDM_03112	4
POOLPIDM_03113	46
POOLPIDM_03114	9
POOLPIDM_03115	12
POOLPIDM_03116	0
POOLPIDM_03117	10
POOLPIDM_03118	10
POOLPIDM_03119	1
POOLPIDM_03120	72
POOLPIDM_03121	120
POOLPIDM_03122	61
POOLPIDM_03123	7
POOLPIDM_03124	3
POOLPIDM_03125	6
POOLPIDM_03126	40
POOLPIDM_03127	33
POOLPIDM_03128	52
POOLPIDM_03129	3
POOLPIDM_03130	4
POOLPIDM_03131	0
POOLPIDM_03132	5
POOLPIDM_03133	51
POOLPIDM_03134	14
POOLPIDM_03135	4
POOLPIDM_03136	4
POOLPIDM_03137	1
POOLPIDM_03138	4
__no_feature	7638247
__ambiguous	5750
__too_low_aQual	175643
__not_aligned	27351
__alignment_not_unique	0
