POOLPIDM_00001	4
POOLPIDM_00002	1
POOLPIDM_00003	9
POOLPIDM_00004	0
POOLPIDM_00005	17
POOLPIDM_00006	1
POOLPIDM_00007	4
POOLPIDM_00008	6
POOLPIDM_00009	7
POOLPIDM_00010	3
POOLPIDM_00011	5
POOLPIDM_00012	11
POOLPIDM_00013	4
POOLPIDM_00014	0
POOLPIDM_00015	11
POOLPIDM_00016	0
POOLPIDM_00017	0
POOLPIDM_00018	0
POOLPIDM_00019	14
POOLPIDM_00020	20
POOLPIDM_00021	13
POOLPIDM_00022	95
POOLPIDM_00023	67
POOLPIDM_00024	87
POOLPIDM_00025	2
POOLPIDM_00026	1
POOLPIDM_00027	5
POOLPIDM_00028	17
POOLPIDM_00029	3
POOLPIDM_00030	32
POOLPIDM_00031	7
POOLPIDM_00032	53
POOLPIDM_00033	20
POOLPIDM_00034	12
POOLPIDM_00035	141
POOLPIDM_00036	17
POOLPIDM_00037	28
POOLPIDM_00038	45
POOLPIDM_00039	19
POOLPIDM_00040	17
POOLPIDM_00041	4
POOLPIDM_00042	4
POOLPIDM_00043	96
POOLPIDM_00044	25
POOLPIDM_00045	3
POOLPIDM_00046	20
POOLPIDM_00047	12
POOLPIDM_00048	12
POOLPIDM_00049	37
POOLPIDM_00050	19
POOLPIDM_00051	4
POOLPIDM_00052	2
POOLPIDM_00053	10
POOLPIDM_00054	12
POOLPIDM_00055	23
POOLPIDM_00056	72
POOLPIDM_00057	57
POOLPIDM_00058	50
POOLPIDM_00059	143
POOLPIDM_00060	27
POOLPIDM_00061	10
POOLPIDM_00062	0
POOLPIDM_00063	31
POOLPIDM_00064	1
POOLPIDM_00065	0
POOLPIDM_00066	2
POOLPIDM_00067	1
POOLPIDM_00068	0
POOLPIDM_00069	1
POOLPIDM_00070	21
POOLPIDM_00071	88
POOLPIDM_00072	1
POOLPIDM_00073	4
POOLPIDM_00074	4
POOLPIDM_00075	1
POOLPIDM_00076	1
POOLPIDM_00077	17
POOLPIDM_00078	4
POOLPIDM_00079	6
POOLPIDM_00080	9
POOLPIDM_00081	5
POOLPIDM_00082	8
POOLPIDM_00083	19
POOLPIDM_00084	17
POOLPIDM_00085	39
POOLPIDM_00086	0
POOLPIDM_00087	6
POOLPIDM_00088	51
POOLPIDM_00089	9
POOLPIDM_00090	0
POOLPIDM_00091	4
POOLPIDM_00092	5
POOLPIDM_00093	2
POOLPIDM_00094	6
POOLPIDM_00095	2
POOLPIDM_00096	2
POOLPIDM_00097	5
POOLPIDM_00098	6
POOLPIDM_00099	2
POOLPIDM_00100	20
POOLPIDM_00101	1
POOLPIDM_00102	8
POOLPIDM_00103	4
POOLPIDM_00104	24
POOLPIDM_00105	55
POOLPIDM_00106	43
POOLPIDM_00107	7
POOLPIDM_00108	5
POOLPIDM_00109	332
POOLPIDM_00110	0
POOLPIDM_00111	3
POOLPIDM_00112	4
POOLPIDM_00113	17
POOLPIDM_00114	151
POOLPIDM_00115	35
POOLPIDM_00116	8
POOLPIDM_00117	13
POOLPIDM_00118	30
POOLPIDM_00119	11
POOLPIDM_00120	10
POOLPIDM_00121	3
POOLPIDM_00122	7
POOLPIDM_00123	16
POOLPIDM_00124	32
POOLPIDM_00125	3
POOLPIDM_00126	37
POOLPIDM_00127	20
POOLPIDM_00128	16
POOLPIDM_00129	3
POOLPIDM_00130	14
POOLPIDM_00131	42
POOLPIDM_00132	17
POOLPIDM_00133	40
POOLPIDM_00134	1
POOLPIDM_00135	2
POOLPIDM_00136	4
POOLPIDM_00137	0
POOLPIDM_00138	33
POOLPIDM_00139	16
POOLPIDM_00140	20
POOLPIDM_00141	4
POOLPIDM_00142	70
POOLPIDM_00143	13
POOLPIDM_00144	28
POOLPIDM_00145	20
POOLPIDM_00146	19
POOLPIDM_00147	9
POOLPIDM_00148	8
POOLPIDM_00149	0
POOLPIDM_00150	6
POOLPIDM_00151	12
POOLPIDM_00152	26
POOLPIDM_00153	11
POOLPIDM_00154	50
POOLPIDM_00155	23
POOLPIDM_00156	7
POOLPIDM_00157	13
POOLPIDM_00158	8
POOLPIDM_00159	8
POOLPIDM_00160	1
POOLPIDM_00161	5
POOLPIDM_00162	9
POOLPIDM_00163	13
POOLPIDM_00164	15
POOLPIDM_00165	26
POOLPIDM_00166	20
POOLPIDM_00167	7
POOLPIDM_00168	19
POOLPIDM_00169	0
POOLPIDM_00170	1
POOLPIDM_00171	0
POOLPIDM_00172	10
POOLPIDM_00173	0
POOLPIDM_00174	2
POOLPIDM_00175	10
POOLPIDM_00176	0
POOLPIDM_00177	8
POOLPIDM_00178	48
POOLPIDM_00179	0
POOLPIDM_00180	63
POOLPIDM_00181	200
POOLPIDM_00182	13
POOLPIDM_00183	4
POOLPIDM_00184	73
POOLPIDM_00185	22
POOLPIDM_00186	10
POOLPIDM_00187	14
POOLPIDM_00188	0
POOLPIDM_00189	2
POOLPIDM_00190	2
POOLPIDM_00191	4
POOLPIDM_00192	48
POOLPIDM_00193	32
POOLPIDM_00194	0
POOLPIDM_00195	3
POOLPIDM_00196	105
POOLPIDM_00197	27
POOLPIDM_00198	28
POOLPIDM_00199	21
POOLPIDM_00200	8
POOLPIDM_00201	28
POOLPIDM_00202	15
POOLPIDM_00203	6
POOLPIDM_00204	11
POOLPIDM_00205	62
POOLPIDM_00206	3
POOLPIDM_00207	20
POOLPIDM_00208	11
POOLPIDM_00209	14
POOLPIDM_00210	35
POOLPIDM_00211	12
POOLPIDM_00212	51
POOLPIDM_00213	1
POOLPIDM_00214	7
POOLPIDM_00215	7
POOLPIDM_00216	1
POOLPIDM_00217	23
POOLPIDM_00218	31
POOLPIDM_00219	27
POOLPIDM_00220	13
POOLPIDM_00221	22
POOLPIDM_00222	41
POOLPIDM_00223	1
POOLPIDM_00224	3
POOLPIDM_00226	5
POOLPIDM_00227	26
POOLPIDM_00228	3
POOLPIDM_00229	51
POOLPIDM_00230	23
POOLPIDM_00231	14
POOLPIDM_00232	78
POOLPIDM_00233	57
POOLPIDM_00234	246
POOLPIDM_00235	29
POOLPIDM_00236	53
POOLPIDM_00237	10
POOLPIDM_00238	0
POOLPIDM_00239	32
POOLPIDM_00240	58
POOLPIDM_00241	20
POOLPIDM_00242	32
POOLPIDM_00243	19
POOLPIDM_00244	1
POOLPIDM_00245	40
POOLPIDM_00246	39
POOLPIDM_00247	9
POOLPIDM_00248	55
POOLPIDM_00249	31
POOLPIDM_00250	28
POOLPIDM_00251	0
POOLPIDM_00252	3
POOLPIDM_00253	56
POOLPIDM_00254	12
POOLPIDM_00255	53
POOLPIDM_00256	17
POOLPIDM_00257	13
POOLPIDM_00258	17
POOLPIDM_00259	110
POOLPIDM_00260	88
POOLPIDM_00261	125
POOLPIDM_00262	455
POOLPIDM_00263	85
POOLPIDM_00264	115
POOLPIDM_00265	183
POOLPIDM_00266	22
POOLPIDM_00267	36
POOLPIDM_00268	6
POOLPIDM_00269	8
POOLPIDM_00270	14
POOLPIDM_00271	26
POOLPIDM_00272	5
POOLPIDM_00273	17
POOLPIDM_00274	25
POOLPIDM_00275	18
POOLPIDM_00276	87
POOLPIDM_00277	1
POOLPIDM_00278	0
POOLPIDM_00279	0
POOLPIDM_00280	15
POOLPIDM_00281	20
POOLPIDM_00283	10
POOLPIDM_00284	101
POOLPIDM_00285	203
POOLPIDM_00286	27
POOLPIDM_00287	3
POOLPIDM_00288	1
POOLPIDM_00289	4
POOLPIDM_00290	30
POOLPIDM_00291	0
POOLPIDM_00292	0
POOLPIDM_00293	3
POOLPIDM_00294	207
POOLPIDM_00295	3
POOLPIDM_00296	3
POOLPIDM_00297	0
POOLPIDM_00298	2
POOLPIDM_00299	0
POOLPIDM_00300	1
POOLPIDM_00301	3
POOLPIDM_00302	1
POOLPIDM_00303	4
POOLPIDM_00304	0
POOLPIDM_00305	1
POOLPIDM_00306	0
POOLPIDM_00307	0
POOLPIDM_00308	0
POOLPIDM_00309	0
POOLPIDM_00310	0
POOLPIDM_00311	0
POOLPIDM_00312	0
POOLPIDM_00313	0
POOLPIDM_00314	0
POOLPIDM_00315	1
POOLPIDM_00316	1
POOLPIDM_00317	6
POOLPIDM_00318	1
POOLPIDM_00319	2
POOLPIDM_00320	0
POOLPIDM_00321	12
POOLPIDM_00322	0
POOLPIDM_00323	0
POOLPIDM_00324	0
POOLPIDM_00325	1
POOLPIDM_00326	3
POOLPIDM_00327	0
POOLPIDM_00328	17
POOLPIDM_00329	0
POOLPIDM_00330	1
POOLPIDM_00331	12
POOLPIDM_00332	0
POOLPIDM_00333	0
POOLPIDM_00334	0
POOLPIDM_00335	0
POOLPIDM_00336	0
POOLPIDM_00337	0
POOLPIDM_00339	0
POOLPIDM_00340	0
POOLPIDM_00341	0
POOLPIDM_00342	0
POOLPIDM_00343	0
POOLPIDM_00344	0
POOLPIDM_00345	0
POOLPIDM_00346	7
POOLPIDM_00347	0
POOLPIDM_00348	2
POOLPIDM_00349	3
POOLPIDM_00350	18
POOLPIDM_00351	1
POOLPIDM_00352	29
POOLPIDM_00353	32
POOLPIDM_00354	4
POOLPIDM_00355	3
POOLPIDM_00356	4
POOLPIDM_00357	43
POOLPIDM_00358	13
POOLPIDM_00359	15
POOLPIDM_00360	2
POOLPIDM_00361	2
POOLPIDM_00362	6
POOLPIDM_00363	96
POOLPIDM_00364	1
POOLPIDM_00365	0
POOLPIDM_00366	2
POOLPIDM_00367	4
POOLPIDM_00368	11
POOLPIDM_00369	13
POOLPIDM_00370	0
POOLPIDM_00371	5
POOLPIDM_00372	11
POOLPIDM_00373	25
POOLPIDM_00374	11
POOLPIDM_00375	2
POOLPIDM_00376	0
POOLPIDM_00377	14
POOLPIDM_00378	2
POOLPIDM_00379	7
POOLPIDM_00380	19
POOLPIDM_00381	9
POOLPIDM_00382	38
POOLPIDM_00383	0
POOLPIDM_00384	2
POOLPIDM_00385	9
POOLPIDM_00386	2
POOLPIDM_00387	0
POOLPIDM_00388	0
POOLPIDM_00389	1
POOLPIDM_00390	1
POOLPIDM_00391	9
POOLPIDM_00392	7
POOLPIDM_00393	3
POOLPIDM_00394	10
POOLPIDM_00395	14
POOLPIDM_00396	26
POOLPIDM_00397	13
POOLPIDM_00398	3
POOLPIDM_00399	62
POOLPIDM_00400	2
POOLPIDM_00401	0
POOLPIDM_00402	6
POOLPIDM_00403	25
POOLPIDM_00404	2
POOLPIDM_00405	6
POOLPIDM_00406	7
POOLPIDM_00407	37
POOLPIDM_00408	28
POOLPIDM_00409	125
POOLPIDM_00410	13
POOLPIDM_00412	29
POOLPIDM_00413	4
POOLPIDM_00414	1
POOLPIDM_00415	29
POOLPIDM_00416	44
POOLPIDM_00417	0
POOLPIDM_00418	0
POOLPIDM_00419	3
POOLPIDM_00420	12
POOLPIDM_00421	49
POOLPIDM_00422	17
POOLPIDM_00423	89
POOLPIDM_00424	3
POOLPIDM_00425	425
POOLPIDM_00426	4463
POOLPIDM_00427	78
POOLPIDM_00428	101
POOLPIDM_00429	224
POOLPIDM_00430	342
POOLPIDM_00431	301
POOLPIDM_00432	42
POOLPIDM_00433	15
POOLPIDM_00434	190
POOLPIDM_00435	15
POOLPIDM_00436	9
POOLPIDM_00437	6
POOLPIDM_00438	2
POOLPIDM_00439	33
POOLPIDM_00440	45
POOLPIDM_00441	207
POOLPIDM_00442	3
POOLPIDM_00443	243
POOLPIDM_00444	28
POOLPIDM_00445	57
POOLPIDM_00446	0
POOLPIDM_00447	0
POOLPIDM_00448	1
POOLPIDM_00449	0
POOLPIDM_00450	1
POOLPIDM_00451	0
POOLPIDM_00452	1
POOLPIDM_00453	0
POOLPIDM_00454	13
POOLPIDM_00455	0
POOLPIDM_00456	48
POOLPIDM_00457	3
POOLPIDM_00458	2
POOLPIDM_00459	129
POOLPIDM_00460	50
POOLPIDM_00461	75
POOLPIDM_00462	1
POOLPIDM_00463	0
POOLPIDM_00464	67
POOLPIDM_00465	0
POOLPIDM_00466	3
POOLPIDM_00467	9
POOLPIDM_00468	8
POOLPIDM_00469	15
POOLPIDM_00470	92
POOLPIDM_00471	5
POOLPIDM_00472	0
POOLPIDM_00473	4
POOLPIDM_00474	11
POOLPIDM_00475	74
POOLPIDM_00476	5
POOLPIDM_00477	4
POOLPIDM_00478	6
POOLPIDM_00479	24
POOLPIDM_00480	14
POOLPIDM_00481	8
POOLPIDM_00482	10
POOLPIDM_00483	14
POOLPIDM_00484	15
POOLPIDM_00485	44
POOLPIDM_00486	4
POOLPIDM_00487	21
POOLPIDM_00489	0
POOLPIDM_00490	0
POOLPIDM_00491	6
POOLPIDM_00492	54
POOLPIDM_00495	39
POOLPIDM_00496	32
POOLPIDM_00497	16
POOLPIDM_00498	5
POOLPIDM_00499	105
POOLPIDM_00500	7
POOLPIDM_00501	17
POOLPIDM_00502	11
POOLPIDM_00503	95
POOLPIDM_00504	10
POOLPIDM_00505	14
POOLPIDM_00506	2
POOLPIDM_00507	74
POOLPIDM_00508	29
POOLPIDM_00509	7
POOLPIDM_00510	2
POOLPIDM_00511	29
POOLPIDM_00512	83
POOLPIDM_00513	4
POOLPIDM_00514	7
POOLPIDM_00515	13
POOLPIDM_00516	1
POOLPIDM_00517	15
POOLPIDM_00518	38
POOLPIDM_00519	4
POOLPIDM_00520	4
POOLPIDM_00521	9
POOLPIDM_00522	55
POOLPIDM_00523	6
POOLPIDM_00524	23
POOLPIDM_00525	7
POOLPIDM_00526	3
POOLPIDM_00527	1
POOLPIDM_00528	2
POOLPIDM_00529	10
POOLPIDM_00530	5
POOLPIDM_00531	6
POOLPIDM_00532	50
POOLPIDM_00533	58
POOLPIDM_00534	3
POOLPIDM_00535	1
POOLPIDM_00536	1
POOLPIDM_00537	0
POOLPIDM_00538	4
POOLPIDM_00539	80
POOLPIDM_00540	6
POOLPIDM_00541	9
POOLPIDM_00543	8
POOLPIDM_00544	17
POOLPIDM_00545	102
POOLPIDM_00546	47
POOLPIDM_00547	168
POOLPIDM_00548	5
POOLPIDM_00549	1
POOLPIDM_00550	0
POOLPIDM_00551	1
POOLPIDM_00552	1
POOLPIDM_00553	0
POOLPIDM_00554	0
POOLPIDM_00555	2
POOLPIDM_00556	1
POOLPIDM_00557	0
POOLPIDM_00558	0
POOLPIDM_00559	0
POOLPIDM_00560	2
POOLPIDM_00561	1
POOLPIDM_00562	5
POOLPIDM_00563	57
POOLPIDM_00564	10
POOLPIDM_00565	0
POOLPIDM_00566	6
POOLPIDM_00567	0
POOLPIDM_00568	1
POOLPIDM_00569	11
POOLPIDM_00570	17
POOLPIDM_00571	4
POOLPIDM_00572	3
POOLPIDM_00573	2
POOLPIDM_00574	1
POOLPIDM_00575	2
POOLPIDM_00576	9
POOLPIDM_00577	10
POOLPIDM_00578	23
POOLPIDM_00579	1
POOLPIDM_00580	8
POOLPIDM_00581	10
POOLPIDM_00582	39
POOLPIDM_00583	5
POOLPIDM_00584	4
POOLPIDM_00585	3
POOLPIDM_00586	48
POOLPIDM_00587	9
POOLPIDM_00588	24
POOLPIDM_00589	27
POOLPIDM_00590	23
POOLPIDM_00591	83
POOLPIDM_00592	135
POOLPIDM_00593	15
POOLPIDM_00594	46
POOLPIDM_00595	1
POOLPIDM_00596	26
POOLPIDM_00597	38
POOLPIDM_00598	30
POOLPIDM_00599	87
POOLPIDM_00600	321
POOLPIDM_00601	63
POOLPIDM_00602	41
POOLPIDM_00603	6
POOLPIDM_00604	0
POOLPIDM_00605	3
POOLPIDM_00606	37
POOLPIDM_00607	12
POOLPIDM_00608	18
POOLPIDM_00609	38
POOLPIDM_00610	5
POOLPIDM_00611	5
POOLPIDM_00612	80
POOLPIDM_00613	4
POOLPIDM_00614	11
POOLPIDM_00615	9
POOLPIDM_00617	20
POOLPIDM_00618	10
POOLPIDM_00619	211
POOLPIDM_00620	108
POOLPIDM_00621	197
POOLPIDM_00622	142
POOLPIDM_00623	0
POOLPIDM_00624	0
POOLPIDM_00625	10
POOLPIDM_00626	23
POOLPIDM_00627	48
POOLPIDM_00628	31
POOLPIDM_00629	7
POOLPIDM_00630	4
POOLPIDM_00631	3
POOLPIDM_00632	12
POOLPIDM_00633	78
POOLPIDM_00634	14
POOLPIDM_00635	13
POOLPIDM_00636	25
POOLPIDM_00637	34
POOLPIDM_00638	5
POOLPIDM_00639	73
POOLPIDM_00640	36
POOLPIDM_00641	92
POOLPIDM_00642	32
POOLPIDM_00643	4
POOLPIDM_00644	51
POOLPIDM_00645	1
POOLPIDM_00646	7
POOLPIDM_00647	7
POOLPIDM_00648	1
POOLPIDM_00649	3
POOLPIDM_00652	13
POOLPIDM_00653	15
POOLPIDM_00654	20
POOLPIDM_00655	3
POOLPIDM_00656	1
POOLPIDM_00657	3
POOLPIDM_00658	1
POOLPIDM_00659	217
POOLPIDM_00660	216
POOLPIDM_00661	13
POOLPIDM_00662	20
POOLPIDM_00663	30
POOLPIDM_00664	17
POOLPIDM_00665	16
POOLPIDM_00666	23
POOLPIDM_00667	20
POOLPIDM_00668	81
POOLPIDM_00669	38
POOLPIDM_00670	47
POOLPIDM_00671	3
POOLPIDM_00672	4
POOLPIDM_00673	52
POOLPIDM_00674	19
POOLPIDM_00675	10
POOLPIDM_00676	0
POOLPIDM_00677	12
POOLPIDM_00678	22
POOLPIDM_00679	41
POOLPIDM_00680	60
POOLPIDM_00681	11
POOLPIDM_00682	103
POOLPIDM_00683	91
POOLPIDM_00684	38
POOLPIDM_00685	157
POOLPIDM_00686	5
POOLPIDM_00687	0
POOLPIDM_00688	20
POOLPIDM_00689	14
POOLPIDM_00690	6
POOLPIDM_00691	35
POOLPIDM_00692	16
POOLPIDM_00693	11
POOLPIDM_00694	4
POOLPIDM_00695	1
POOLPIDM_00696	12
POOLPIDM_00697	15
POOLPIDM_00698	32
POOLPIDM_00699	45
POOLPIDM_00700	0
POOLPIDM_00701	10
POOLPIDM_00702	5
POOLPIDM_00703	308
POOLPIDM_00704	77
POOLPIDM_00705	32
POOLPIDM_00706	19
POOLPIDM_00707	138
POOLPIDM_00708	9
POOLPIDM_00709	6
POOLPIDM_00710	230
POOLPIDM_00711	6
POOLPIDM_00712	3
POOLPIDM_00713	17
POOLPIDM_00714	4
POOLPIDM_00715	4
POOLPIDM_00716	19
POOLPIDM_00717	13
POOLPIDM_00718	3
POOLPIDM_00719	25
POOLPIDM_00720	5
POOLPIDM_00721	5
POOLPIDM_00722	12
POOLPIDM_00723	2
POOLPIDM_00724	5
POOLPIDM_00725	0
POOLPIDM_00726	2
POOLPIDM_00727	3
POOLPIDM_00728	20
POOLPIDM_00729	57
POOLPIDM_00730	32
POOLPIDM_00731	0
POOLPIDM_00732	15
POOLPIDM_00733	2
POOLPIDM_00734	2
POOLPIDM_00735	0
POOLPIDM_00736	1
POOLPIDM_00737	0
POOLPIDM_00738	5
POOLPIDM_00739	10
POOLPIDM_00740	17
POOLPIDM_00741	10
POOLPIDM_00742	63
POOLPIDM_00743	43
POOLPIDM_00744	19
POOLPIDM_00745	16
POOLPIDM_00746	20
POOLPIDM_00747	0
POOLPIDM_00748	81
POOLPIDM_00749	1
POOLPIDM_00750	1
POOLPIDM_00751	407
POOLPIDM_00752	3
POOLPIDM_00753	3
POOLPIDM_00754	13
POOLPIDM_00755	80
POOLPIDM_00756	11
POOLPIDM_00757	1
POOLPIDM_00758	2
POOLPIDM_00759	12
POOLPIDM_00760	32
POOLPIDM_00761	0
POOLPIDM_00762	1
POOLPIDM_00763	0
POOLPIDM_00764	1
POOLPIDM_00765	23
POOLPIDM_00766	21
POOLPIDM_00767	15
POOLPIDM_00768	18
POOLPIDM_00769	3
POOLPIDM_00770	1
POOLPIDM_00771	2
POOLPIDM_00772	0
POOLPIDM_00773	0
POOLPIDM_00774	10
POOLPIDM_00775	30
POOLPIDM_00776	0
POOLPIDM_00777	0
POOLPIDM_00778	0
POOLPIDM_00779	0
POOLPIDM_00780	0
POOLPIDM_00781	2
POOLPIDM_00782	2
POOLPIDM_00783	0
POOLPIDM_00784	14
POOLPIDM_00785	0
POOLPIDM_00786	0
POOLPIDM_00787	3
POOLPIDM_00788	58
POOLPIDM_00789	6
POOLPIDM_00790	1
POOLPIDM_00791	0
POOLPIDM_00792	0
POOLPIDM_00793	24
POOLPIDM_00794	159
POOLPIDM_00795	20
POOLPIDM_00796	11
POOLPIDM_00797	6
POOLPIDM_00798	44
POOLPIDM_00799	1
POOLPIDM_00800	2
POOLPIDM_00801	4
POOLPIDM_00802	25
POOLPIDM_00803	10
POOLPIDM_00804	5
POOLPIDM_00805	7
POOLPIDM_00806	20
POOLPIDM_00807	40
POOLPIDM_00808	1
POOLPIDM_00809	0
POOLPIDM_00810	0
POOLPIDM_00811	0
POOLPIDM_00812	0
POOLPIDM_00813	0
POOLPIDM_00814	0
POOLPIDM_00815	2
POOLPIDM_00816	0
POOLPIDM_00817	0
POOLPIDM_00818	0
POOLPIDM_00819	0
POOLPIDM_00820	0
POOLPIDM_00821	0
POOLPIDM_00822	0
POOLPIDM_00823	6
POOLPIDM_00824	6
POOLPIDM_00825	0
POOLPIDM_00826	8
POOLPIDM_00827	0
POOLPIDM_00828	0
POOLPIDM_00829	1
POOLPIDM_00830	1
POOLPIDM_00831	2
POOLPIDM_00832	1
POOLPIDM_00833	17
POOLPIDM_00834	1
POOLPIDM_00835	4
POOLPIDM_00836	0
POOLPIDM_00837	8
POOLPIDM_00838	10
POOLPIDM_00839	0
POOLPIDM_00840	3
POOLPIDM_00841	1
POOLPIDM_00842	1
POOLPIDM_00843	9
POOLPIDM_00844	1
POOLPIDM_00845	0
POOLPIDM_00846	0
POOLPIDM_00847	0
POOLPIDM_00848	1
POOLPIDM_00849	1
POOLPIDM_00850	0
POOLPIDM_00851	0
POOLPIDM_00852	0
POOLPIDM_00853	0
POOLPIDM_00854	2
POOLPIDM_00855	9
POOLPIDM_00856	2
POOLPIDM_00857	9
POOLPIDM_00858	1
POOLPIDM_00859	5
POOLPIDM_00860	1
POOLPIDM_00861	0
POOLPIDM_00862	1
POOLPIDM_00863	5
POOLPIDM_00864	31
POOLPIDM_00865	4
POOLPIDM_00866	0
POOLPIDM_00867	6
POOLPIDM_00868	8
POOLPIDM_00869	1
POOLPIDM_00870	4
POOLPIDM_00871	10
POOLPIDM_00872	0
POOLPIDM_00873	2
POOLPIDM_00874	9
POOLPIDM_00875	0
POOLPIDM_00876	5
POOLPIDM_00877	7
POOLPIDM_00878	6
POOLPIDM_00879	43
POOLPIDM_00880	8
POOLPIDM_00881	0
POOLPIDM_00883	0
POOLPIDM_00884	20
POOLPIDM_00886	20
POOLPIDM_00887	2
POOLPIDM_00888	3
POOLPIDM_00889	11
POOLPIDM_00890	2
POOLPIDM_00891	13
POOLPIDM_00892	88
POOLPIDM_00893	5
POOLPIDM_00894	10
POOLPIDM_00895	11
POOLPIDM_00896	20
POOLPIDM_00897	41
POOLPIDM_00898	112
POOLPIDM_00899	0
POOLPIDM_00900	0
POOLPIDM_00901	0
POOLPIDM_00902	0
POOLPIDM_00903	82
POOLPIDM_00904	9
POOLPIDM_00905	0
POOLPIDM_00906	15
POOLPIDM_00907	6
POOLPIDM_00908	24
POOLPIDM_00909	0
POOLPIDM_00910	1
POOLPIDM_00911	2
POOLPIDM_00912	0
POOLPIDM_00913	32
POOLPIDM_00914	32
POOLPIDM_00916	4
POOLPIDM_00917	21
POOLPIDM_00918	2
POOLPIDM_00919	3
POOLPIDM_00920	5
POOLPIDM_00921	10
POOLPIDM_00922	0
POOLPIDM_00923	2
POOLPIDM_00924	159
POOLPIDM_00925	933
POOLPIDM_00926	50
POOLPIDM_00927	37
POOLPIDM_00928	1
POOLPIDM_00929	4
POOLPIDM_00930	1
POOLPIDM_00931	1
POOLPIDM_00932	1
POOLPIDM_00933	0
POOLPIDM_00934	0
POOLPIDM_00935	2
POOLPIDM_00936	0
POOLPIDM_00937	0
POOLPIDM_00938	11
POOLPIDM_00939	2
POOLPIDM_00940	731
POOLPIDM_00941	5
POOLPIDM_00942	1
POOLPIDM_00943	2
POOLPIDM_00944	1
POOLPIDM_00945	0
POOLPIDM_00946	0
POOLPIDM_00947	2
POOLPIDM_00948	3
POOLPIDM_00949	3
POOLPIDM_00950	5
POOLPIDM_00951	1
POOLPIDM_00952	5
POOLPIDM_00953	0
POOLPIDM_00954	1
POOLPIDM_00955	2
POOLPIDM_00956	0
POOLPIDM_00957	3
POOLPIDM_00958	1
POOLPIDM_00959	4
POOLPIDM_00960	0
POOLPIDM_00961	0
POOLPIDM_00962	0
POOLPIDM_00963	0
POOLPIDM_00964	1
POOLPIDM_00965	0
POOLPIDM_00966	2
POOLPIDM_00967	16
POOLPIDM_00968	1
POOLPIDM_00969	0
POOLPIDM_00970	3
POOLPIDM_00971	0
POOLPIDM_00972	0
POOLPIDM_00973	0
POOLPIDM_00974	56
POOLPIDM_00975	24
POOLPIDM_00976	2
POOLPIDM_00977	5
POOLPIDM_00978	80
POOLPIDM_00979	4
POOLPIDM_00980	1
POOLPIDM_00981	1
POOLPIDM_00982	0
POOLPIDM_00983	9
POOLPIDM_00984	2
POOLPIDM_00985	36
POOLPIDM_00986	3
POOLPIDM_00987	12
POOLPIDM_00988	266
POOLPIDM_00989	4
POOLPIDM_00990	23
POOLPIDM_00991	36
POOLPIDM_00992	12
POOLPIDM_00993	2
POOLPIDM_00994	1
POOLPIDM_00995	5
POOLPIDM_00996	4
POOLPIDM_00997	5
POOLPIDM_00998	223
POOLPIDM_00999	14
POOLPIDM_01000	1
POOLPIDM_01001	1562
POOLPIDM_01002	3
POOLPIDM_01003	1
POOLPIDM_01004	24
POOLPIDM_01005	16
POOLPIDM_01006	16
POOLPIDM_01007	22
POOLPIDM_01008	16
POOLPIDM_01009	34
POOLPIDM_01010	5
POOLPIDM_01011	5
POOLPIDM_01012	18
POOLPIDM_01013	46
POOLPIDM_01014	49
POOLPIDM_01015	6
POOLPIDM_01016	24
POOLPIDM_01017	16
POOLPIDM_01018	8
POOLPIDM_01019	122
POOLPIDM_01020	26
POOLPIDM_01021	4
POOLPIDM_01022	91
POOLPIDM_01023	86
POOLPIDM_01024	6
POOLPIDM_01025	5
POOLPIDM_01026	71
POOLPIDM_01027	17
POOLPIDM_01028	1
POOLPIDM_01029	14
POOLPIDM_01030	0
POOLPIDM_01031	11
POOLPIDM_01032	5
POOLPIDM_01033	14
POOLPIDM_01034	0
POOLPIDM_01035	14
POOLPIDM_01036	13
POOLPIDM_01037	12
POOLPIDM_01038	81
POOLPIDM_01039	12
POOLPIDM_01040	55
POOLPIDM_01041	52
POOLPIDM_01042	19
POOLPIDM_01043	144
POOLPIDM_01044	43
POOLPIDM_01045	17
POOLPIDM_01046	26
POOLPIDM_01047	118
POOLPIDM_01048	11
POOLPIDM_01049	1
POOLPIDM_01050	4
POOLPIDM_01051	6
POOLPIDM_01052	11
POOLPIDM_01053	0
POOLPIDM_01054	0
POOLPIDM_01055	2
POOLPIDM_01056	10
POOLPIDM_01057	10
POOLPIDM_01058	42
POOLPIDM_01059	45
POOLPIDM_01060	110
POOLPIDM_01061	173
POOLPIDM_01062	42
POOLPIDM_01063	48
POOLPIDM_01064	37
POOLPIDM_01065	20
POOLPIDM_01066	8
POOLPIDM_01067	30
POOLPIDM_01068	60
POOLPIDM_01069	11
POOLPIDM_01070	24
POOLPIDM_01071	36
POOLPIDM_01072	11
POOLPIDM_01073	0
POOLPIDM_01074	12
POOLPIDM_01075	3
POOLPIDM_01076	11
POOLPIDM_01077	27
POOLPIDM_01078	33
POOLPIDM_01079	11
POOLPIDM_01080	26
POOLPIDM_01081	96
POOLPIDM_01082	127
POOLPIDM_01083	10
POOLPIDM_01084	2
POOLPIDM_01085	17
POOLPIDM_01086	14
POOLPIDM_01087	1
POOLPIDM_01088	0
POOLPIDM_01089	1
POOLPIDM_01090	2
POOLPIDM_01091	9
POOLPIDM_01092	2
POOLPIDM_01093	9
POOLPIDM_01094	14
POOLPIDM_01095	4
POOLPIDM_01096	27
POOLPIDM_01097	72
POOLPIDM_01098	15
POOLPIDM_01099	7
POOLPIDM_01100	1
POOLPIDM_01101	2
POOLPIDM_01102	0
POOLPIDM_01103	1
POOLPIDM_01104	0
POOLPIDM_01105	0
POOLPIDM_01106	6
POOLPIDM_01107	5
POOLPIDM_01108	69
POOLPIDM_01109	5
POOLPIDM_01110	7
POOLPIDM_01111	51
POOLPIDM_01112	1
POOLPIDM_01113	0
POOLPIDM_01114	5
POOLPIDM_01115	3
POOLPIDM_01116	15
POOLPIDM_01117	39
POOLPIDM_01118	15
POOLPIDM_01119	18
POOLPIDM_01120	10
POOLPIDM_01121	35
POOLPIDM_01122	25
POOLPIDM_01123	7
POOLPIDM_01124	13
POOLPIDM_01125	94
POOLPIDM_01126	35
POOLPIDM_01127	86
POOLPIDM_01128	49
POOLPIDM_01129	20
POOLPIDM_01130	0
POOLPIDM_01131	6
POOLPIDM_01132	9
POOLPIDM_01133	11
POOLPIDM_01134	2
POOLPIDM_01135	1
POOLPIDM_01136	6
POOLPIDM_01137	11
POOLPIDM_01138	8
POOLPIDM_01139	8
POOLPIDM_01140	13
POOLPIDM_01141	25
POOLPIDM_01142	0
POOLPIDM_01143	0
POOLPIDM_01144	0
POOLPIDM_01145	21
POOLPIDM_01146	4
POOLPIDM_01147	11
POOLPIDM_01148	0
POOLPIDM_01149	4
POOLPIDM_01150	0
POOLPIDM_01151	1
POOLPIDM_01152	1
POOLPIDM_01153	0
POOLPIDM_01154	3
POOLPIDM_01155	4
POOLPIDM_01156	3
POOLPIDM_01157	15
POOLPIDM_01158	3
POOLPIDM_01159	1
POOLPIDM_01160	3
POOLPIDM_01161	4
POOLPIDM_01162	1
POOLPIDM_01163	18
POOLPIDM_01164	34
POOLPIDM_01165	16
POOLPIDM_01166	4
POOLPIDM_01167	0
POOLPIDM_01168	0
POOLPIDM_01169	0
POOLPIDM_01170	0
POOLPIDM_01171	0
POOLPIDM_01172	0
POOLPIDM_01173	1
POOLPIDM_01174	0
POOLPIDM_01175	0
POOLPIDM_01176	0
POOLPIDM_01177	1
POOLPIDM_01178	2
POOLPIDM_01179	0
POOLPIDM_01180	20
POOLPIDM_01181	10
POOLPIDM_01182	3
POOLPIDM_01183	6
POOLPIDM_01184	14
POOLPIDM_01185	7
POOLPIDM_01187	27
POOLPIDM_01188	8
POOLPIDM_01189	33
POOLPIDM_01190	16
POOLPIDM_01191	10
POOLPIDM_01192	65
POOLPIDM_01193	200
POOLPIDM_01194	19
POOLPIDM_01195	16
POOLPIDM_01196	123
POOLPIDM_01197	10
POOLPIDM_01198	0
POOLPIDM_01199	1
POOLPIDM_01200	3
POOLPIDM_01201	0
POOLPIDM_01202	71
POOLPIDM_01203	24
POOLPIDM_01204	72
POOLPIDM_01205	15
POOLPIDM_01206	0
POOLPIDM_01207	69
POOLPIDM_01208	86
POOLPIDM_01209	2
POOLPIDM_01210	3
POOLPIDM_01211	5
POOLPIDM_01212	0
POOLPIDM_01213	0
POOLPIDM_01214	7
POOLPIDM_01215	2
POOLPIDM_01216	225
POOLPIDM_01217	1
POOLPIDM_01218	1551
POOLPIDM_01219	121
POOLPIDM_01220	6
POOLPIDM_01221	0
POOLPIDM_01222	4
POOLPIDM_01223	0
POOLPIDM_01224	1
POOLPIDM_01225	1
POOLPIDM_01226	4
POOLPIDM_01227	16
POOLPIDM_01228	8
POOLPIDM_01229	23
POOLPIDM_01230	10
POOLPIDM_01231	2
POOLPIDM_01232	7
POOLPIDM_01233	6
POOLPIDM_01234	0
POOLPIDM_01235	9
POOLPIDM_01236	30
POOLPIDM_01237	10
POOLPIDM_01238	3
POOLPIDM_01239	5
POOLPIDM_01240	34
POOLPIDM_01241	27
POOLPIDM_01242	52
POOLPIDM_01243	21
POOLPIDM_01244	11
POOLPIDM_01245	2
POOLPIDM_01246	9
POOLPIDM_01247	6
POOLPIDM_01248	8
POOLPIDM_01249	8
POOLPIDM_01250	6
POOLPIDM_01251	1
POOLPIDM_01252	16
POOLPIDM_01253	21
POOLPIDM_01254	1
POOLPIDM_01255	0
POOLPIDM_01256	2
POOLPIDM_01257	3
POOLPIDM_01258	0
POOLPIDM_01259	19
POOLPIDM_01260	14
POOLPIDM_01261	12
POOLPIDM_01262	48
POOLPIDM_01263	217
POOLPIDM_01264	22
POOLPIDM_01265	47
POOLPIDM_01266	266
POOLPIDM_01267	153
POOLPIDM_01268	20
POOLPIDM_01269	114
POOLPIDM_01270	23
POOLPIDM_01271	12
POOLPIDM_01272	0
POOLPIDM_01273	0
POOLPIDM_01274	2
POOLPIDM_01275	2
POOLPIDM_01276	1
POOLPIDM_01277	28
POOLPIDM_01278	13
POOLPIDM_01279	8
POOLPIDM_01280	72
POOLPIDM_01281	2
POOLPIDM_01282	10
POOLPIDM_01283	2
POOLPIDM_01284	41
POOLPIDM_01285	0
POOLPIDM_01286	1
POOLPIDM_01287	1
POOLPIDM_01288	2
POOLPIDM_01289	1
POOLPIDM_01290	0
POOLPIDM_01291	17
POOLPIDM_01292	3
POOLPIDM_01293	2
POOLPIDM_01294	0
POOLPIDM_01295	15
POOLPIDM_01296	8
POOLPIDM_01297	35
POOLPIDM_01298	7
POOLPIDM_01299	15
POOLPIDM_01300	25
POOLPIDM_01301	214
POOLPIDM_01302	6
POOLPIDM_01303	0
POOLPIDM_01304	126
POOLPIDM_01305	51
POOLPIDM_01306	18
POOLPIDM_01307	16
POOLPIDM_01308	3
POOLPIDM_01309	22
POOLPIDM_01310	16
POOLPIDM_01311	3
POOLPIDM_01312	13
POOLPIDM_01313	57
POOLPIDM_01314	14
POOLPIDM_01315	15
POOLPIDM_01316	5
POOLPIDM_01317	9
POOLPIDM_01318	39
POOLPIDM_01319	37
POOLPIDM_01320	59
POOLPIDM_01321	4
POOLPIDM_01322	5
POOLPIDM_01323	131
POOLPIDM_01324	5
POOLPIDM_01325	9
POOLPIDM_01326	130
POOLPIDM_01327	19
POOLPIDM_01328	26
POOLPIDM_01329	24
POOLPIDM_01330	1
POOLPIDM_01331	55
POOLPIDM_01332	49
POOLPIDM_01333	7
POOLPIDM_01334	2
POOLPIDM_01335	2
POOLPIDM_01336	0
POOLPIDM_01337	0
POOLPIDM_01338	8
POOLPIDM_01339	108
POOLPIDM_01340	146
POOLPIDM_01341	41
POOLPIDM_01342	5
POOLPIDM_01343	49
POOLPIDM_01344	75
POOLPIDM_01345	0
POOLPIDM_01346	3
POOLPIDM_01347	12
POOLPIDM_01348	6
POOLPIDM_01349	259
POOLPIDM_01350	0
POOLPIDM_01351	9
POOLPIDM_01352	74
POOLPIDM_01353	1
POOLPIDM_01354	96
POOLPIDM_01355	3
POOLPIDM_01356	8
POOLPIDM_01357	201
POOLPIDM_01358	16
POOLPIDM_01359	26
POOLPIDM_01360	19
POOLPIDM_01361	17
POOLPIDM_01362	31
POOLPIDM_01363	11
POOLPIDM_01364	14
POOLPIDM_01365	11
POOLPIDM_01366	74
POOLPIDM_01367	23
POOLPIDM_01368	86
POOLPIDM_01369	6
POOLPIDM_01370	0
POOLPIDM_01371	18
POOLPIDM_01372	11
POOLPIDM_01373	2
POOLPIDM_01374	13
POOLPIDM_01375	35
POOLPIDM_01376	8
POOLPIDM_01377	5
POOLPIDM_01378	3
POOLPIDM_01379	12
POOLPIDM_01380	3
POOLPIDM_01381	8
POOLPIDM_01382	6
POOLPIDM_01383	27
POOLPIDM_01384	42
POOLPIDM_01385	25
POOLPIDM_01386	40
POOLPIDM_01387	10
POOLPIDM_01388	17
POOLPIDM_01389	124
POOLPIDM_01390	57
POOLPIDM_01391	0
POOLPIDM_01392	4
POOLPIDM_01393	3
POOLPIDM_01394	3
POOLPIDM_01395	9
POOLPIDM_01396	1
POOLPIDM_01397	81
POOLPIDM_01398	50
POOLPIDM_01400	22
POOLPIDM_01401	43
POOLPIDM_01402	1
POOLPIDM_01403	26
POOLPIDM_01404	13
POOLPIDM_01405	8
POOLPIDM_01406	12
POOLPIDM_01407	4
POOLPIDM_01408	2
POOLPIDM_01410	5
POOLPIDM_01411	44
POOLPIDM_01412	17
POOLPIDM_01413	16
POOLPIDM_01414	27
POOLPIDM_01415	45
POOLPIDM_01416	6
POOLPIDM_01417	4
POOLPIDM_01418	47
POOLPIDM_01419	17
POOLPIDM_01420	8
POOLPIDM_01421	3
POOLPIDM_01422	9
POOLPIDM_01423	12
POOLPIDM_01424	3
POOLPIDM_01425	0
POOLPIDM_01426	0
POOLPIDM_01427	0
POOLPIDM_01428	19
POOLPIDM_01429	2
POOLPIDM_01430	7
POOLPIDM_01431	6
POOLPIDM_01432	54
POOLPIDM_01433	19
POOLPIDM_01434	55
POOLPIDM_01435	30
POOLPIDM_01436	7
POOLPIDM_01437	16
POOLPIDM_01438	32
POOLPIDM_01439	3
POOLPIDM_01440	1
POOLPIDM_01441	57
POOLPIDM_01442	23
POOLPIDM_01443	20
POOLPIDM_01444	17
POOLPIDM_01445	5
POOLPIDM_01446	24
POOLPIDM_01447	0
POOLPIDM_01448	1
POOLPIDM_01449	0
POOLPIDM_01450	1
POOLPIDM_01451	2
POOLPIDM_01452	8
POOLPIDM_01453	364
POOLPIDM_01454	298
POOLPIDM_01455	1005
POOLPIDM_01456	204
POOLPIDM_01457	685
POOLPIDM_01458	290
POOLPIDM_01459	702
POOLPIDM_01460	221
POOLPIDM_01461	35
POOLPIDM_01462	239
POOLPIDM_01463	38
POOLPIDM_01464	292
POOLPIDM_01465	153
POOLPIDM_01466	74
POOLPIDM_01467	68
POOLPIDM_01468	25
POOLPIDM_01469	0
POOLPIDM_01470	5
POOLPIDM_01471	0
POOLPIDM_01472	5
POOLPIDM_01473	0
POOLPIDM_01474	57
POOLPIDM_01475	21
POOLPIDM_01476	38
POOLPIDM_01477	9
POOLPIDM_01478	35
POOLPIDM_01479	29
POOLPIDM_01480	8
POOLPIDM_01481	27
POOLPIDM_01482	48
POOLPIDM_01483	33
POOLPIDM_01484	0
POOLPIDM_01485	4
POOLPIDM_01486	191
POOLPIDM_01487	3
POOLPIDM_01488	14
POOLPIDM_01489	4
POOLPIDM_01490	12
POOLPIDM_01491	3
POOLPIDM_01493	10
POOLPIDM_01494	21
POOLPIDM_01495	5
POOLPIDM_01496	10
POOLPIDM_01497	87
POOLPIDM_01498	11
POOLPIDM_01499	16
POOLPIDM_01500	3
POOLPIDM_01501	30
POOLPIDM_01502	58
POOLPIDM_01503	23
POOLPIDM_01504	29
POOLPIDM_01505	23
POOLPIDM_01506	0
POOLPIDM_01507	27
POOLPIDM_01508	19
POOLPIDM_01509	0
POOLPIDM_01510	14
POOLPIDM_01511	44
POOLPIDM_01512	13
POOLPIDM_01513	1
POOLPIDM_01514	4
POOLPIDM_01515	3
POOLPIDM_01516	9
POOLPIDM_01517	25
POOLPIDM_01518	41
POOLPIDM_01519	9
POOLPIDM_01520	18
POOLPIDM_01521	149
POOLPIDM_01522	41
POOLPIDM_01523	11
POOLPIDM_01524	48
POOLPIDM_01525	21
POOLPIDM_01526	19
POOLPIDM_01527	10
POOLPIDM_01528	8
POOLPIDM_01529	7
POOLPIDM_01530	4
POOLPIDM_01531	26
POOLPIDM_01532	24
POOLPIDM_01533	10
POOLPIDM_01534	5
POOLPIDM_01535	12
POOLPIDM_01536	274
POOLPIDM_01537	26
POOLPIDM_01538	1
POOLPIDM_01539	10
POOLPIDM_01540	21
POOLPIDM_01541	28
POOLPIDM_01542	21
POOLPIDM_01543	43
POOLPIDM_01544	11
POOLPIDM_01545	12
POOLPIDM_01546	23
POOLPIDM_01547	15
POOLPIDM_01548	7
POOLPIDM_01549	19
POOLPIDM_01550	14
POOLPIDM_01551	2
POOLPIDM_01552	28
POOLPIDM_01553	46
POOLPIDM_01554	37
POOLPIDM_01555	8
POOLPIDM_01556	67
POOLPIDM_01557	22
POOLPIDM_01558	126
POOLPIDM_01559	6
POOLPIDM_01560	19
POOLPIDM_01561	11
POOLPIDM_01562	1
POOLPIDM_01563	6
POOLPIDM_01564	67
POOLPIDM_01565	72
POOLPIDM_01566	52
POOLPIDM_01567	24
POOLPIDM_01568	14
POOLPIDM_01569	3
POOLPIDM_01570	20
POOLPIDM_01571	4
POOLPIDM_01572	17
POOLPIDM_01573	1
POOLPIDM_01574	3
POOLPIDM_01575	17
POOLPIDM_01576	52
POOLPIDM_01577	0
POOLPIDM_01578	96
POOLPIDM_01579	40
POOLPIDM_01580	15
POOLPIDM_01581	6
POOLPIDM_01582	0
POOLPIDM_01583	2
POOLPIDM_01584	18
POOLPIDM_01585	167
POOLPIDM_01586	17
POOLPIDM_01587	2
POOLPIDM_01588	97
POOLPIDM_01589	4
POOLPIDM_01590	12
POOLPIDM_01591	51
POOLPIDM_01592	9
POOLPIDM_01593	23
POOLPIDM_01594	2
POOLPIDM_01595	71
POOLPIDM_01596	17
POOLPIDM_01597	8
POOLPIDM_01598	0
POOLPIDM_01599	5
POOLPIDM_01600	5
POOLPIDM_01601	0
POOLPIDM_01602	5
POOLPIDM_01603	0
POOLPIDM_01604	0
POOLPIDM_01605	1
POOLPIDM_01606	2
POOLPIDM_01607	2
POOLPIDM_01608	0
POOLPIDM_01609	0
POOLPIDM_01610	3
POOLPIDM_01611	0
POOLPIDM_01612	0
POOLPIDM_01613	0
POOLPIDM_01614	3
POOLPIDM_01615	6
POOLPIDM_01616	1
POOLPIDM_01617	9
POOLPIDM_01618	1
POOLPIDM_01619	30
POOLPIDM_01620	21
POOLPIDM_01621	3
POOLPIDM_01622	3
POOLPIDM_01623	3
POOLPIDM_01624	0
POOLPIDM_01625	1
POOLPIDM_01626	0
POOLPIDM_01627	0
POOLPIDM_01628	0
POOLPIDM_01629	0
POOLPIDM_01630	12
POOLPIDM_01631	0
POOLPIDM_01632	4
POOLPIDM_01633	3
POOLPIDM_01634	5
POOLPIDM_01635	1
POOLPIDM_01636	1
POOLPIDM_01637	1
POOLPIDM_01638	0
POOLPIDM_01639	4
POOLPIDM_01640	0
POOLPIDM_01641	0
POOLPIDM_01642	2
POOLPIDM_01643	5
POOLPIDM_01644	18
POOLPIDM_01645	0
POOLPIDM_01646	4
POOLPIDM_01647	0
POOLPIDM_01648	0
POOLPIDM_01649	0
POOLPIDM_01650	0
POOLPIDM_01651	0
POOLPIDM_01668	54
POOLPIDM_01669	12
POOLPIDM_01670	58
POOLPIDM_01671	6
POOLPIDM_01672	35
POOLPIDM_01673	10
POOLPIDM_01674	98
POOLPIDM_01675	44
POOLPIDM_01676	61
POOLPIDM_01677	268
POOLPIDM_01678	85
POOLPIDM_01679	0
POOLPIDM_01680	161
POOLPIDM_01681	54
POOLPIDM_01682	0
POOLPIDM_01683	79
POOLPIDM_01684	4
POOLPIDM_01685	37
POOLPIDM_01686	8
POOLPIDM_01687	2
POOLPIDM_01688	89
POOLPIDM_01689	14
POOLPIDM_01690	0
POOLPIDM_01691	18
POOLPIDM_01692	16
POOLPIDM_01693	3
POOLPIDM_01694	19
POOLPIDM_01695	23
POOLPIDM_01696	10
POOLPIDM_01697	2
POOLPIDM_01698	17
POOLPIDM_01699	4
POOLPIDM_01700	15
POOLPIDM_01701	5
POOLPIDM_01702	13
POOLPIDM_01703	0
POOLPIDM_01704	3
POOLPIDM_01705	3
POOLPIDM_01706	2
POOLPIDM_01707	4
POOLPIDM_01708	5
POOLPIDM_01709	13
POOLPIDM_01710	3
POOLPIDM_01711	9
POOLPIDM_01712	45
POOLPIDM_01713	30
POOLPIDM_01714	29
POOLPIDM_01715	73
POOLPIDM_01716	657
POOLPIDM_01717	77
POOLPIDM_01718	85
POOLPIDM_01719	103
POOLPIDM_01720	21
POOLPIDM_01721	52
POOLPIDM_01722	19
POOLPIDM_01723	22
POOLPIDM_01724	18
POOLPIDM_01725	22
POOLPIDM_01726	27
POOLPIDM_01727	12
POOLPIDM_01728	12
POOLPIDM_01729	2
POOLPIDM_01730	18
POOLPIDM_01731	36
POOLPIDM_01732	69
POOLPIDM_01733	66
POOLPIDM_01734	0
POOLPIDM_01735	1
POOLPIDM_01736	27
POOLPIDM_01737	39
POOLPIDM_01738	0
POOLPIDM_01739	0
POOLPIDM_01740	0
POOLPIDM_01741	17
POOLPIDM_01742	96
POOLPIDM_01743	3
POOLPIDM_01744	34
POOLPIDM_01745	6
POOLPIDM_01746	18
POOLPIDM_01747	14
POOLPIDM_01748	17
POOLPIDM_01749	0
POOLPIDM_01750	57
POOLPIDM_01751	7
POOLPIDM_01752	25
POOLPIDM_01753	8
POOLPIDM_01754	21
POOLPIDM_01755	16
POOLPIDM_01756	13
POOLPIDM_01757	11
POOLPIDM_01758	15
POOLPIDM_01759	8
POOLPIDM_01760	14
POOLPIDM_01761	0
POOLPIDM_01762	22
POOLPIDM_01763	10
POOLPIDM_01764	9
POOLPIDM_01765	9
POOLPIDM_01766	4
POOLPIDM_01767	35
POOLPIDM_01768	19
POOLPIDM_01769	98
POOLPIDM_01770	5
POOLPIDM_01771	9
POOLPIDM_01772	22
POOLPIDM_01773	12
POOLPIDM_01774	15
POOLPIDM_01775	11
POOLPIDM_01776	39
POOLPIDM_01777	25
POOLPIDM_01778	34
POOLPIDM_01779	31
POOLPIDM_01780	61
POOLPIDM_01781	0
POOLPIDM_01782	0
POOLPIDM_01783	0
POOLPIDM_01784	0
POOLPIDM_01785	0
POOLPIDM_01786	0
POOLPIDM_01787	0
POOLPIDM_01789	0
POOLPIDM_01790	0
POOLPIDM_01791	0
POOLPIDM_01792	0
POOLPIDM_01793	0
POOLPIDM_01794	0
POOLPIDM_01795	0
POOLPIDM_01796	0
POOLPIDM_01797	7
POOLPIDM_01798	7
POOLPIDM_01799	8
POOLPIDM_01800	0
POOLPIDM_01801	0
POOLPIDM_01802	3
POOLPIDM_01803	2
POOLPIDM_01804	3
POOLPIDM_01805	9
POOLPIDM_01806	1
POOLPIDM_01807	1
POOLPIDM_01808	6
POOLPIDM_01809	2
POOLPIDM_01810	25
POOLPIDM_01811	3
POOLPIDM_01812	4
POOLPIDM_01813	1
POOLPIDM_01814	0
POOLPIDM_01815	7
POOLPIDM_01816	4
POOLPIDM_01817	1
POOLPIDM_01818	1
POOLPIDM_01819	6
POOLPIDM_01820	20
POOLPIDM_01821	0
POOLPIDM_01822	0
POOLPIDM_01823	0
POOLPIDM_01824	0
POOLPIDM_01825	0
POOLPIDM_01826	5
POOLPIDM_01827	0
POOLPIDM_01828	1
POOLPIDM_01829	1
POOLPIDM_01830	0
POOLPIDM_01831	33
POOLPIDM_01832	0
POOLPIDM_01833	2
POOLPIDM_01834	3
POOLPIDM_01835	15
POOLPIDM_01836	6
POOLPIDM_01837	6
POOLPIDM_01838	0
POOLPIDM_01839	1
POOLPIDM_01840	1
POOLPIDM_01841	1
POOLPIDM_01842	5
POOLPIDM_01843	13
POOLPIDM_01844	0
POOLPIDM_01845	0
POOLPIDM_01846	24
POOLPIDM_01847	423
POOLPIDM_01848	319
POOLPIDM_01849	557
POOLPIDM_01850	15
POOLPIDM_01851	3
POOLPIDM_01852	2
POOLPIDM_01853	19
POOLPIDM_01854	15
POOLPIDM_01855	142
POOLPIDM_01856	26
POOLPIDM_01857	21
POOLPIDM_01858	28
POOLPIDM_01859	8
POOLPIDM_01860	45
POOLPIDM_01861	24
POOLPIDM_01862	21
POOLPIDM_01863	76
POOLPIDM_01864	12
POOLPIDM_01865	5
POOLPIDM_01866	2
POOLPIDM_01868	21
POOLPIDM_01869	5
POOLPIDM_01870	3
POOLPIDM_01871	5
POOLPIDM_01872	99
POOLPIDM_01873	32
POOLPIDM_01874	4
POOLPIDM_01875	0
POOLPIDM_01876	26
POOLPIDM_01877	7
POOLPIDM_01878	10
POOLPIDM_01879	130
POOLPIDM_01880	39
POOLPIDM_01881	25
POOLPIDM_01882	12
POOLPIDM_01883	3
POOLPIDM_01884	6
POOLPIDM_01885	1
POOLPIDM_01886	7
POOLPIDM_01887	4
POOLPIDM_01888	13
POOLPIDM_01889	67
POOLPIDM_01890	20
POOLPIDM_01891	30
POOLPIDM_01892	8
POOLPIDM_01893	22
POOLPIDM_01894	97
POOLPIDM_01895	22
POOLPIDM_01896	27
POOLPIDM_01897	1
POOLPIDM_01898	1
POOLPIDM_01899	122
POOLPIDM_01900	25
POOLPIDM_01901	1
POOLPIDM_01902	11
POOLPIDM_01903	18
POOLPIDM_01904	1
POOLPIDM_01905	1
POOLPIDM_01906	0
POOLPIDM_01907	4
POOLPIDM_01908	36
POOLPIDM_01909	9
POOLPIDM_01910	1
POOLPIDM_01911	2
POOLPIDM_01912	78
POOLPIDM_01913	17
POOLPIDM_01914	30
POOLPIDM_01915	28
POOLPIDM_01916	22
POOLPIDM_01917	3
POOLPIDM_01918	7
POOLPIDM_01919	0
POOLPIDM_01920	83
POOLPIDM_01921	2
POOLPIDM_01922	40
POOLPIDM_01923	116
POOLPIDM_01924	6
POOLPIDM_01925	37
POOLPIDM_01926	39
POOLPIDM_01927	7
POOLPIDM_01928	8
POOLPIDM_01929	3
POOLPIDM_01930	11
POOLPIDM_01931	176
POOLPIDM_01932	67
POOLPIDM_01933	110
POOLPIDM_01934	2
POOLPIDM_01935	56
POOLPIDM_01936	36
POOLPIDM_01937	28
POOLPIDM_01938	268
POOLPIDM_01939	2
POOLPIDM_01940	11
POOLPIDM_01941	1
POOLPIDM_01942	2
POOLPIDM_01943	33
POOLPIDM_01944	11
POOLPIDM_01945	198
POOLPIDM_01946	1
POOLPIDM_01947	5
POOLPIDM_01948	10
POOLPIDM_01949	3
POOLPIDM_01950	0
POOLPIDM_01951	0
POOLPIDM_01952	1
POOLPIDM_01953	0
POOLPIDM_01954	0
POOLPIDM_01955	0
POOLPIDM_01956	0
POOLPIDM_01957	47
POOLPIDM_01958	8
POOLPIDM_01959	21
POOLPIDM_01960	14
POOLPIDM_01961	3
POOLPIDM_01962	14
POOLPIDM_01963	37
POOLPIDM_01964	109
POOLPIDM_01965	23
POOLPIDM_01966	62
POOLPIDM_01967	24
POOLPIDM_01968	0
POOLPIDM_01969	3
POOLPIDM_01970	3
POOLPIDM_01971	0
POOLPIDM_01972	1
POOLPIDM_01973	0
POOLPIDM_01974	0
POOLPIDM_01975	4
POOLPIDM_01976	2
POOLPIDM_01977	4
POOLPIDM_01978	0
POOLPIDM_01979	0
POOLPIDM_01980	2
POOLPIDM_01981	1
POOLPIDM_01982	3
POOLPIDM_01983	2
POOLPIDM_01984	4
POOLPIDM_01985	5
POOLPIDM_01986	15
POOLPIDM_01987	62
POOLPIDM_01988	37
POOLPIDM_01989	20
POOLPIDM_01990	69
POOLPIDM_01991	12
POOLPIDM_01992	5
POOLPIDM_01993	4
POOLPIDM_01994	7
POOLPIDM_01995	13
POOLPIDM_01996	24
POOLPIDM_01997	2
POOLPIDM_01998	7
POOLPIDM_01999	4
POOLPIDM_02000	2
POOLPIDM_02001	1
POOLPIDM_02002	2
POOLPIDM_02003	13
POOLPIDM_02004	9
POOLPIDM_02005	7
POOLPIDM_02006	17
POOLPIDM_02007	15
POOLPIDM_02008	1
POOLPIDM_02009	0
POOLPIDM_02010	4
POOLPIDM_02011	9
POOLPIDM_02012	1
POOLPIDM_02013	14
POOLPIDM_02014	33
POOLPIDM_02015	1
POOLPIDM_02016	15
POOLPIDM_02017	16
POOLPIDM_02018	36
POOLPIDM_02019	49
POOLPIDM_02020	52
POOLPIDM_02021	317
POOLPIDM_02022	10
POOLPIDM_02023	23
POOLPIDM_02024	5
POOLPIDM_02025	23
POOLPIDM_02026	12
POOLPIDM_02027	2
POOLPIDM_02028	2
POOLPIDM_02029	1
POOLPIDM_02030	0
POOLPIDM_02031	62
POOLPIDM_02046	0
POOLPIDM_02047	8
POOLPIDM_02048	21
POOLPIDM_02049	82
POOLPIDM_02050	1
POOLPIDM_02051	40
POOLPIDM_02052	50
POOLPIDM_02053	4
POOLPIDM_02054	14
POOLPIDM_02055	9
POOLPIDM_02056	5
POOLPIDM_02057	34
POOLPIDM_02058	50
POOLPIDM_02059	50
POOLPIDM_02060	28
POOLPIDM_02061	6
POOLPIDM_02062	5
POOLPIDM_02063	35
POOLPIDM_02064	44
POOLPIDM_02065	1
POOLPIDM_02066	4
POOLPIDM_02067	4
POOLPIDM_02068	7
POOLPIDM_02069	1
POOLPIDM_02070	6
POOLPIDM_02071	76
POOLPIDM_02072	23
POOLPIDM_02073	50
POOLPIDM_02074	0
POOLPIDM_02075	0
POOLPIDM_02076	43
POOLPIDM_02077	23
POOLPIDM_02078	26
POOLPIDM_02079	86
POOLPIDM_02080	45
POOLPIDM_02081	28
POOLPIDM_02082	20
POOLPIDM_02083	66
POOLPIDM_02084	48
POOLPIDM_02085	81
POOLPIDM_02086	24
POOLPIDM_02087	12
POOLPIDM_02088	50
POOLPIDM_02089	6
POOLPIDM_02090	24
POOLPIDM_02091	9
POOLPIDM_02092	46
POOLPIDM_02093	23
POOLPIDM_02094	30
POOLPIDM_02095	10
POOLPIDM_02096	1
POOLPIDM_02097	40
POOLPIDM_02098	2
POOLPIDM_02099	5
POOLPIDM_02100	12
POOLPIDM_02101	0
POOLPIDM_02102	10
POOLPIDM_02103	7
POOLPIDM_02104	12
POOLPIDM_02105	4
POOLPIDM_02106	2
POOLPIDM_02107	6
POOLPIDM_02108	35
POOLPIDM_02109	1
POOLPIDM_02110	4
POOLPIDM_02111	106
POOLPIDM_02112	5
POOLPIDM_02113	7
POOLPIDM_02114	3
POOLPIDM_02115	5
POOLPIDM_02116	2
POOLPIDM_02117	9
POOLPIDM_02118	6
POOLPIDM_02119	4
POOLPIDM_02120	1
POOLPIDM_02121	1
POOLPIDM_02122	1
POOLPIDM_02123	31
POOLPIDM_02124	5
POOLPIDM_02125	23
POOLPIDM_02126	6
POOLPIDM_02127	50
POOLPIDM_02128	45
POOLPIDM_02129	28
POOLPIDM_02130	0
POOLPIDM_02131	3
POOLPIDM_02132	6
POOLPIDM_02133	3
POOLPIDM_02134	15
POOLPIDM_02135	0
POOLPIDM_02136	0
POOLPIDM_02137	3
POOLPIDM_02138	0
POOLPIDM_02139	42
POOLPIDM_02140	4
POOLPIDM_02141	7
POOLPIDM_02142	50
POOLPIDM_02143	9
POOLPIDM_02144	139
POOLPIDM_02145	14
POOLPIDM_02146	1
POOLPIDM_02147	5
POOLPIDM_02148	3
POOLPIDM_02149	2
POOLPIDM_02150	17
POOLPIDM_02151	20
POOLPIDM_02152	0
POOLPIDM_02153	1
POOLPIDM_02154	0
POOLPIDM_02155	8
POOLPIDM_02156	353
POOLPIDM_02157	12
POOLPIDM_02158	1
POOLPIDM_02159	8
POOLPIDM_02160	6
POOLPIDM_02161	1
POOLPIDM_02162	10
POOLPIDM_02163	34
POOLPIDM_02164	22
POOLPIDM_02165	1
POOLPIDM_02166	4
POOLPIDM_02167	18
POOLPIDM_02168	6
POOLPIDM_02169	0
POOLPIDM_02170	4
POOLPIDM_02171	1
POOLPIDM_02172	64
POOLPIDM_02173	10
POOLPIDM_02174	0
POOLPIDM_02175	0
POOLPIDM_02176	4
POOLPIDM_02177	6
POOLPIDM_02178	16
POOLPIDM_02179	20
POOLPIDM_02180	4
POOLPIDM_02181	2
POOLPIDM_02182	5
POOLPIDM_02183	5
POOLPIDM_02184	15
POOLPIDM_02185	2
POOLPIDM_02186	1
POOLPIDM_02187	5
POOLPIDM_02188	0
POOLPIDM_02189	0
POOLPIDM_02190	0
POOLPIDM_02191	0
POOLPIDM_02192	1
POOLPIDM_02193	1
POOLPIDM_02194	2
POOLPIDM_02195	14
POOLPIDM_02196	112
POOLPIDM_02197	15
POOLPIDM_02198	13
POOLPIDM_02199	3
POOLPIDM_02200	0
POOLPIDM_02201	7
POOLPIDM_02202	2
POOLPIDM_02203	1
POOLPIDM_02204	0
POOLPIDM_02205	1
POOLPIDM_02206	0
POOLPIDM_02207	28
POOLPIDM_02208	0
POOLPIDM_02209	1
POOLPIDM_02210	0
POOLPIDM_02211	43
POOLPIDM_02212	0
POOLPIDM_02213	0
POOLPIDM_02214	0
POOLPIDM_02215	4
POOLPIDM_02216	14
POOLPIDM_02217	4
POOLPIDM_02218	1
POOLPIDM_02219	1
POOLPIDM_02220	0
POOLPIDM_02221	0
POOLPIDM_02222	1
POOLPIDM_02223	0
POOLPIDM_02224	1
POOLPIDM_02225	0
POOLPIDM_02226	76
POOLPIDM_02227	27
POOLPIDM_02228	5
POOLPIDM_02229	0
POOLPIDM_02230	11
POOLPIDM_02231	0
POOLPIDM_02232	0
POOLPIDM_02233	36
POOLPIDM_02234	32
POOLPIDM_02235	28
POOLPIDM_02236	127
POOLPIDM_02237	20
POOLPIDM_02238	21
POOLPIDM_02239	1
POOLPIDM_02240	20
POOLPIDM_02241	1
POOLPIDM_02242	7
POOLPIDM_02243	178
POOLPIDM_02244	40
POOLPIDM_02245	3
POOLPIDM_02246	15
POOLPIDM_02247	3
POOLPIDM_02248	1
POOLPIDM_02249	22
POOLPIDM_02250	18
POOLPIDM_02251	13
POOLPIDM_02252	13
POOLPIDM_02253	36
POOLPIDM_02254	98
POOLPIDM_02255	186
POOLPIDM_02256	27
POOLPIDM_02257	5
POOLPIDM_02258	14
POOLPIDM_02259	20
POOLPIDM_02260	26
POOLPIDM_02261	81
POOLPIDM_02262	1
POOLPIDM_02263	23
POOLPIDM_02264	5
POOLPIDM_02265	30
POOLPIDM_02266	2
POOLPIDM_02267	6
POOLPIDM_02268	0
POOLPIDM_02269	0
POOLPIDM_02270	1
POOLPIDM_02271	0
POOLPIDM_02272	9
POOLPIDM_02273	50
POOLPIDM_02274	709
POOLPIDM_02275	0
POOLPIDM_02276	58
POOLPIDM_02277	21
POOLPIDM_02278	57
POOLPIDM_02279	50
POOLPIDM_02280	3
POOLPIDM_02281	29
POOLPIDM_02282	8
POOLPIDM_02283	25
POOLPIDM_02284	15
POOLPIDM_02285	6
POOLPIDM_02286	0
POOLPIDM_02287	1
POOLPIDM_02288	2
POOLPIDM_02289	2
POOLPIDM_02290	15
POOLPIDM_02291	55
POOLPIDM_02292	15
POOLPIDM_02293	5
POOLPIDM_02294	34
POOLPIDM_02295	38
POOLPIDM_02296	3
POOLPIDM_02297	37
POOLPIDM_02298	10
POOLPIDM_02299	18
POOLPIDM_02300	44
POOLPIDM_02301	2
POOLPIDM_02302	16
POOLPIDM_02303	9
POOLPIDM_02304	9
POOLPIDM_02305	0
POOLPIDM_02306	0
POOLPIDM_02307	13
POOLPIDM_02308	2
POOLPIDM_02309	17
POOLPIDM_02310	114
POOLPIDM_02311	20
POOLPIDM_02312	19
POOLPIDM_02313	20
POOLPIDM_02314	65
POOLPIDM_02315	2
POOLPIDM_02316	194
POOLPIDM_02317	43
POOLPIDM_02318	14
POOLPIDM_02319	24
POOLPIDM_02320	14
POOLPIDM_02321	8
POOLPIDM_02322	11
POOLPIDM_02323	32
POOLPIDM_02324	137
POOLPIDM_02325	137
POOLPIDM_02326	75
POOLPIDM_02327	1897
POOLPIDM_02328	65
POOLPIDM_02329	3
POOLPIDM_02330	37
POOLPIDM_02331	27
POOLPIDM_02332	19
POOLPIDM_02333	52
POOLPIDM_02334	35
POOLPIDM_02335	17
POOLPIDM_02336	2
POOLPIDM_02337	2
POOLPIDM_02338	13
POOLPIDM_02339	31
POOLPIDM_02340	36
POOLPIDM_02341	0
POOLPIDM_02342	7
POOLPIDM_02343	7
POOLPIDM_02344	7
POOLPIDM_02345	2
POOLPIDM_02346	23
POOLPIDM_02347	137
POOLPIDM_02348	628
POOLPIDM_02349	101
POOLPIDM_02350	7
POOLPIDM_02351	32
POOLPIDM_02352	1
POOLPIDM_02353	5
POOLPIDM_02354	10
POOLPIDM_02355	0
POOLPIDM_02356	7
POOLPIDM_02357	2
POOLPIDM_02358	0
POOLPIDM_02359	24
POOLPIDM_02360	23
POOLPIDM_02361	0
POOLPIDM_02362	0
POOLPIDM_02363	0
POOLPIDM_02364	4
POOLPIDM_02365	163
POOLPIDM_02366	31
POOLPIDM_02367	33
POOLPIDM_02368	28
POOLPIDM_02369	9
POOLPIDM_02370	87
POOLPIDM_02371	20
POOLPIDM_02372	17
POOLPIDM_02373	149
POOLPIDM_02374	8
POOLPIDM_02375	401
POOLPIDM_02376	21
POOLPIDM_02377	36
POOLPIDM_02378	63
POOLPIDM_02379	71
POOLPIDM_02380	0
POOLPIDM_02381	8
POOLPIDM_02382	27
POOLPIDM_02383	32
POOLPIDM_02384	216
POOLPIDM_02385	17
POOLPIDM_02386	8
POOLPIDM_02387	37
POOLPIDM_02388	1
POOLPIDM_02389	0
POOLPIDM_02390	5
POOLPIDM_02391	13
POOLPIDM_02392	2
POOLPIDM_02393	0
POOLPIDM_02394	6
POOLPIDM_02395	17
POOLPIDM_02396	6
POOLPIDM_02397	16
POOLPIDM_02398	15
POOLPIDM_02399	24
POOLPIDM_02400	23
POOLPIDM_02401	60
POOLPIDM_02402	16
POOLPIDM_02403	26
POOLPIDM_02404	7
POOLPIDM_02405	65
POOLPIDM_02406	61
POOLPIDM_02407	107
POOLPIDM_02408	16
POOLPIDM_02409	8
POOLPIDM_02410	27
POOLPIDM_02411	29
POOLPIDM_02412	27
POOLPIDM_02413	23
POOLPIDM_02414	123
POOLPIDM_02415	38
POOLPIDM_02416	30
POOLPIDM_02417	32
POOLPIDM_02418	74
POOLPIDM_02419	9
POOLPIDM_02420	25
POOLPIDM_02421	88
POOLPIDM_02422	449
POOLPIDM_02423	14
POOLPIDM_02424	43
POOLPIDM_02425	17
POOLPIDM_02426	16
POOLPIDM_02427	32
POOLPIDM_02428	71
POOLPIDM_02429	301
POOLPIDM_02430	370
POOLPIDM_02431	46
POOLPIDM_02432	25
POOLPIDM_02433	3
POOLPIDM_02434	21
POOLPIDM_02435	163
POOLPIDM_02436	94
POOLPIDM_02437	107
POOLPIDM_02438	126
POOLPIDM_02439	36
POOLPIDM_02440	118
POOLPIDM_02441	132
POOLPIDM_02442	787
POOLPIDM_02443	12
POOLPIDM_02444	111
POOLPIDM_02445	14
POOLPIDM_02446	6
POOLPIDM_02447	15
POOLPIDM_02448	10
POOLPIDM_02449	129
POOLPIDM_02450	23
POOLPIDM_02451	9
POOLPIDM_02452	1
POOLPIDM_02453	1
POOLPIDM_02454	23
POOLPIDM_02455	7
POOLPIDM_02456	1
POOLPIDM_02457	0
POOLPIDM_02458	4
POOLPIDM_02459	2
POOLPIDM_02460	21
POOLPIDM_02461	42
POOLPIDM_02462	2
POOLPIDM_02463	0
POOLPIDM_02464	3
POOLPIDM_02465	11
POOLPIDM_02466	59
POOLPIDM_02467	20
POOLPIDM_02468	44
POOLPIDM_02469	27
POOLPIDM_02470	18
POOLPIDM_02471	112
POOLPIDM_02472	13
POOLPIDM_02473	11
POOLPIDM_02474	52
POOLPIDM_02475	5
POOLPIDM_02476	61
POOLPIDM_02477	55
POOLPIDM_02478	108
POOLPIDM_02479	66
POOLPIDM_02480	50
POOLPIDM_02481	2
POOLPIDM_02482	11
POOLPIDM_02483	24
POOLPIDM_02484	2
POOLPIDM_02485	6
POOLPIDM_02486	14
POOLPIDM_02487	58
POOLPIDM_02488	0
POOLPIDM_02489	9
POOLPIDM_02490	24
POOLPIDM_02491	12
POOLPIDM_02492	17
POOLPIDM_02493	24
POOLPIDM_02494	5
POOLPIDM_02495	28
POOLPIDM_02496	19
POOLPIDM_02497	175
POOLPIDM_02498	16
POOLPIDM_02499	19
POOLPIDM_02500	9
POOLPIDM_02510	5
POOLPIDM_02511	126
POOLPIDM_02512	4
POOLPIDM_02513	10
POOLPIDM_02514	55
POOLPIDM_02515	1
POOLPIDM_02516	12
POOLPIDM_02517	24
POOLPIDM_02518	24
POOLPIDM_02519	7
POOLPIDM_02520	4
POOLPIDM_02521	10
POOLPIDM_02522	38
POOLPIDM_02523	27
POOLPIDM_02524	41
POOLPIDM_02525	2
POOLPIDM_02526	9
POOLPIDM_02527	5
POOLPIDM_02528	165
POOLPIDM_02529	181
POOLPIDM_02530	10
POOLPIDM_02531	1
POOLPIDM_02532	0
POOLPIDM_02533	9
POOLPIDM_02534	3
POOLPIDM_02535	0
POOLPIDM_02536	0
POOLPIDM_02537	0
POOLPIDM_02538	1
POOLPIDM_02539	3
POOLPIDM_02540	5
POOLPIDM_02541	26
POOLPIDM_02542	27
POOLPIDM_02543	26
POOLPIDM_02544	350
POOLPIDM_02545	34
POOLPIDM_02546	13
POOLPIDM_02547	9
POOLPIDM_02548	6
POOLPIDM_02549	0
POOLPIDM_02550	18
POOLPIDM_02551	11
POOLPIDM_02552	1
POOLPIDM_02553	2
POOLPIDM_02554	0
POOLPIDM_02555	5
POOLPIDM_02556	9
POOLPIDM_02557	4
POOLPIDM_02558	9
POOLPIDM_02559	7
POOLPIDM_02560	1
POOLPIDM_02561	0
POOLPIDM_02562	2
POOLPIDM_02563	0
POOLPIDM_02564	2
POOLPIDM_02565	1
POOLPIDM_02566	10
POOLPIDM_02567	1
POOLPIDM_02568	0
POOLPIDM_02569	6
POOLPIDM_02570	9
POOLPIDM_02571	0
POOLPIDM_02572	12
POOLPIDM_02573	0
POOLPIDM_02574	2
POOLPIDM_02575	3
POOLPIDM_02576	1
POOLPIDM_02577	0
POOLPIDM_02578	0
POOLPIDM_02579	46
POOLPIDM_02580	53
POOLPIDM_02581	0
POOLPIDM_02582	8
POOLPIDM_02583	2
POOLPIDM_02584	18
POOLPIDM_02585	6
POOLPIDM_02586	0
POOLPIDM_02587	2
POOLPIDM_02588	0
POOLPIDM_02589	10
POOLPIDM_02590	38
POOLPIDM_02591	0
POOLPIDM_02592	0
POOLPIDM_02593	32
POOLPIDM_02594	4
POOLPIDM_02595	4
POOLPIDM_02596	23
POOLPIDM_02597	18
POOLPIDM_02598	6
POOLPIDM_02599	12
POOLPIDM_02600	6
POOLPIDM_02601	2
POOLPIDM_02602	1
POOLPIDM_02603	5
POOLPIDM_02604	0
POOLPIDM_02605	0
POOLPIDM_02606	0
POOLPIDM_02607	0
POOLPIDM_02608	48
POOLPIDM_02609	14
POOLPIDM_02610	0
POOLPIDM_02611	179
POOLPIDM_02612	14
POOLPIDM_02613	38
POOLPIDM_02614	0
POOLPIDM_02615	34
POOLPIDM_02616	19
POOLPIDM_02617	0
POOLPIDM_02618	3
POOLPIDM_02619	1
POOLPIDM_02620	0
POOLPIDM_02621	1
POOLPIDM_02622	0
POOLPIDM_02623	0
POOLPIDM_02624	155
POOLPIDM_02625	33
POOLPIDM_02626	42
POOLPIDM_02627	0
POOLPIDM_02628	16
POOLPIDM_02629	4
POOLPIDM_02630	0
POOLPIDM_02631	5
POOLPIDM_02632	0
POOLPIDM_02633	3
POOLPIDM_02634	0
POOLPIDM_02635	0
POOLPIDM_02636	18
POOLPIDM_02637	100
POOLPIDM_02638	2
POOLPIDM_02639	0
POOLPIDM_02640	0
POOLPIDM_02641	6
POOLPIDM_02642	12
POOLPIDM_02643	0
POOLPIDM_02644	0
POOLPIDM_02645	7
POOLPIDM_02646	5
POOLPIDM_02647	8
POOLPIDM_02648	0
POOLPIDM_02649	0
POOLPIDM_02650	0
POOLPIDM_02651	0
POOLPIDM_02652	0
POOLPIDM_02653	0
POOLPIDM_02654	0
POOLPIDM_02655	95
POOLPIDM_02656	2
POOLPIDM_02657	4
POOLPIDM_02658	7
POOLPIDM_02659	1
POOLPIDM_02660	0
POOLPIDM_02661	3
POOLPIDM_02662	0
POOLPIDM_02663	3
POOLPIDM_02664	0
POOLPIDM_02665	4
POOLPIDM_02666	11
POOLPIDM_02667	2
POOLPIDM_02668	3
POOLPIDM_02669	12
POOLPIDM_02670	11
POOLPIDM_02671	72
POOLPIDM_02672	54
POOLPIDM_02673	34
POOLPIDM_02674	69
POOLPIDM_02675	13
POOLPIDM_02676	0
POOLPIDM_02677	9
POOLPIDM_02678	17
POOLPIDM_02679	5
POOLPIDM_02680	31
POOLPIDM_02681	647
POOLPIDM_02682	0
POOLPIDM_02683	0
POOLPIDM_02684	0
POOLPIDM_02685	11
POOLPIDM_02686	0
POOLPIDM_02687	0
POOLPIDM_02688	0
POOLPIDM_02689	0
POOLPIDM_02690	15
POOLPIDM_02691	76
POOLPIDM_02692	3
POOLPIDM_02693	16
POOLPIDM_02694	68
POOLPIDM_02695	0
POOLPIDM_02696	0
POOLPIDM_02697	0
POOLPIDM_02698	0
POOLPIDM_02699	0
POOLPIDM_02700	3
POOLPIDM_02701	13
POOLPIDM_02702	17
POOLPIDM_02703	64
POOLPIDM_02704	77
POOLPIDM_02705	15
POOLPIDM_02706	71
POOLPIDM_02707	7
POOLPIDM_02708	0
POOLPIDM_02709	0
POOLPIDM_02710	9
POOLPIDM_02711	0
POOLPIDM_02712	13
POOLPIDM_02713	3
POOLPIDM_02714	9
POOLPIDM_02715	0
POOLPIDM_02716	0
POOLPIDM_02717	1
POOLPIDM_02718	10
POOLPIDM_02719	1
POOLPIDM_02720	1
POOLPIDM_02721	32
POOLPIDM_02722	29
POOLPIDM_02723	45
POOLPIDM_02724	0
POOLPIDM_02725	2
POOLPIDM_02726	0
POOLPIDM_02727	2
POOLPIDM_02728	2
POOLPIDM_02729	5
POOLPIDM_02730	0
POOLPIDM_02731	1
POOLPIDM_02732	48
POOLPIDM_02733	3
POOLPIDM_02734	1
POOLPIDM_02735	2
POOLPIDM_02736	1
POOLPIDM_02737	5
POOLPIDM_02738	0
POOLPIDM_02739	16
POOLPIDM_02740	1
POOLPIDM_02741	67
POOLPIDM_02742	3
POOLPIDM_02743	1
POOLPIDM_02744	8
POOLPIDM_02745	11
POOLPIDM_02746	3
POOLPIDM_02747	0
POOLPIDM_02748	0
POOLPIDM_02749	0
POOLPIDM_02750	0
POOLPIDM_02751	1
POOLPIDM_02752	3
POOLPIDM_02753	1
POOLPIDM_02754	17
POOLPIDM_02755	7
POOLPIDM_02756	1
POOLPIDM_02757	9
POOLPIDM_02758	4
POOLPIDM_02759	3
POOLPIDM_02760	0
POOLPIDM_02761	3
POOLPIDM_02762	1
POOLPIDM_02763	2
POOLPIDM_02764	0
POOLPIDM_02765	0
POOLPIDM_02766	0
POOLPIDM_02767	6
POOLPIDM_02768	0
POOLPIDM_02769	5
POOLPIDM_02770	3
POOLPIDM_02771	47
POOLPIDM_02772	14
POOLPIDM_02773	1
POOLPIDM_02774	1
POOLPIDM_02775	1
POOLPIDM_02776	38
POOLPIDM_02777	2
POOLPIDM_02778	39
POOLPIDM_02779	5
POOLPIDM_02780	1
POOLPIDM_02781	5
POOLPIDM_02782	0
POOLPIDM_02783	3
POOLPIDM_02784	14
POOLPIDM_02785	0
POOLPIDM_02786	5
POOLPIDM_02787	4
POOLPIDM_02788	8
POOLPIDM_02789	0
POOLPIDM_02790	2
POOLPIDM_02791	3
POOLPIDM_02792	0
POOLPIDM_02793	1
POOLPIDM_02794	0
POOLPIDM_02795	2
POOLPIDM_02796	73
POOLPIDM_02797	0
POOLPIDM_02798	7
POOLPIDM_02799	4
POOLPIDM_02800	0
POOLPIDM_02801	8
POOLPIDM_02802	6
POOLPIDM_02803	5
POOLPIDM_02804	11
POOLPIDM_02805	1
POOLPIDM_02806	0
POOLPIDM_02807	2
POOLPIDM_02808	0
POOLPIDM_02809	0
POOLPIDM_02810	0
POOLPIDM_02811	0
POOLPIDM_02812	0
POOLPIDM_02813	1
POOLPIDM_02814	0
POOLPIDM_02815	0
POOLPIDM_02816	3
POOLPIDM_02817	15
POOLPIDM_02818	2
POOLPIDM_02819	0
POOLPIDM_02820	3
POOLPIDM_02821	1
POOLPIDM_02822	0
POOLPIDM_02823	0
POOLPIDM_02824	5
POOLPIDM_02825	3
POOLPIDM_02826	6
POOLPIDM_02827	2
POOLPIDM_02828	23
POOLPIDM_02829	8
POOLPIDM_02830	30
POOLPIDM_02831	0
POOLPIDM_02832	12
POOLPIDM_02833	4
POOLPIDM_02834	4
POOLPIDM_02835	29
POOLPIDM_02836	6
POOLPIDM_02837	12
POOLPIDM_02838	0
POOLPIDM_02839	4
POOLPIDM_02840	6
POOLPIDM_02841	7
POOLPIDM_02842	1
POOLPIDM_02843	3
POOLPIDM_02844	1
POOLPIDM_02845	3
POOLPIDM_02846	1
POOLPIDM_02847	7
POOLPIDM_02848	4
POOLPIDM_02849	21
POOLPIDM_02850	25
POOLPIDM_02851	2
POOLPIDM_02852	0
POOLPIDM_02853	1
POOLPIDM_02854	10
POOLPIDM_02855	19
POOLPIDM_02856	9
POOLPIDM_02857	0
POOLPIDM_02858	3
POOLPIDM_02859	3
POOLPIDM_02860	40
POOLPIDM_02861	96
POOLPIDM_02862	19
POOLPIDM_02863	6
POOLPIDM_02864	17
POOLPIDM_02865	29
POOLPIDM_02866	76
POOLPIDM_02867	8
POOLPIDM_02868	23
POOLPIDM_02869	3
POOLPIDM_02870	18
POOLPIDM_02871	20
POOLPIDM_02872	0
POOLPIDM_02873	4
POOLPIDM_02874	8
POOLPIDM_02875	34
POOLPIDM_02876	10
POOLPIDM_02877	8
POOLPIDM_02878	36
POOLPIDM_02879	14
POOLPIDM_02880	18
POOLPIDM_02881	64
POOLPIDM_02882	134
POOLPIDM_02883	18
POOLPIDM_02884	25
POOLPIDM_02885	25
POOLPIDM_02886	5
POOLPIDM_02887	2
POOLPIDM_02888	6
POOLPIDM_02889	13
POOLPIDM_02890	54
POOLPIDM_02891	62
POOLPIDM_02892	23
POOLPIDM_02893	100
POOLPIDM_02894	8
POOLPIDM_02895	0
POOLPIDM_02896	17
POOLPIDM_02897	4
POOLPIDM_02898	699
POOLPIDM_02899	26
POOLPIDM_02900	32
POOLPIDM_02901	29
POOLPIDM_02902	29
POOLPIDM_02903	48
POOLPIDM_02904	26
POOLPIDM_02905	153
POOLPIDM_02906	45
POOLPIDM_02907	16
POOLPIDM_02908	106
POOLPIDM_02909	51
POOLPIDM_02910	15
POOLPIDM_02911	670
POOLPIDM_02912	78
POOLPIDM_02913	2
POOLPIDM_02914	11
POOLPIDM_02915	87
POOLPIDM_02916	115
POOLPIDM_02917	2
POOLPIDM_02918	47
POOLPIDM_02919	5
POOLPIDM_02920	3
POOLPIDM_02921	43
POOLPIDM_02922	110
POOLPIDM_02923	8
POOLPIDM_02924	48
POOLPIDM_02925	87
POOLPIDM_02926	5
POOLPIDM_02927	9
POOLPIDM_02928	75
POOLPIDM_02929	1
POOLPIDM_02930	0
POOLPIDM_02931	2
POOLPIDM_02932	0
POOLPIDM_02933	1
POOLPIDM_02934	2
POOLPIDM_02935	0
POOLPIDM_02936	1
POOLPIDM_02937	3
POOLPIDM_02938	1
POOLPIDM_02939	0
POOLPIDM_02940	0
POOLPIDM_02941	1
POOLPIDM_02942	18
POOLPIDM_02943	1
POOLPIDM_02944	1
POOLPIDM_02945	1
POOLPIDM_02946	11
POOLPIDM_02947	14
POOLPIDM_02948	19
POOLPIDM_02949	1
POOLPIDM_02950	2
POOLPIDM_02951	12
POOLPIDM_02952	20
POOLPIDM_02953	3
POOLPIDM_02954	2
POOLPIDM_02955	10
POOLPIDM_02956	0
POOLPIDM_02957	0
POOLPIDM_02958	35
POOLPIDM_02959	15
POOLPIDM_02960	4
POOLPIDM_02961	3
POOLPIDM_02962	0
POOLPIDM_02963	0
POOLPIDM_02964	32
POOLPIDM_02965	3
POOLPIDM_02966	16
POOLPIDM_02967	1
POOLPIDM_02968	18
POOLPIDM_02969	10
POOLPIDM_02970	4
POOLPIDM_02971	42
POOLPIDM_02972	26
POOLPIDM_02973	0
POOLPIDM_02974	0
POOLPIDM_02975	0
POOLPIDM_02976	1
POOLPIDM_02977	28
POOLPIDM_02978	10
POOLPIDM_02979	188
POOLPIDM_02980	0
POOLPIDM_02981	0
POOLPIDM_02982	5
POOLPIDM_02983	2
POOLPIDM_02984	0
POOLPIDM_02985	2
POOLPIDM_02986	8
POOLPIDM_02987	17
POOLPIDM_02988	2
POOLPIDM_02989	2
POOLPIDM_02990	5
POOLPIDM_02991	2
POOLPIDM_02992	1
POOLPIDM_02993	0
POOLPIDM_02994	1
POOLPIDM_02995	5
POOLPIDM_02996	3
POOLPIDM_02997	4
POOLPIDM_02998	1
POOLPIDM_02999	1
POOLPIDM_03000	0
POOLPIDM_03001	2
POOLPIDM_03002	0
POOLPIDM_03003	0
POOLPIDM_03004	0
POOLPIDM_03005	0
POOLPIDM_03006	0
POOLPIDM_03007	0
POOLPIDM_03008	0
POOLPIDM_03009	0
POOLPIDM_03010	0
POOLPIDM_03011	0
POOLPIDM_03012	0
POOLPIDM_03013	4
POOLPIDM_03014	0
POOLPIDM_03015	1
POOLPIDM_03016	0
POOLPIDM_03017	0
POOLPIDM_03018	0
POOLPIDM_03019	38
POOLPIDM_03020	41
POOLPIDM_03021	1
POOLPIDM_03022	30
POOLPIDM_03023	8
POOLPIDM_03024	0
POOLPIDM_03025	38
POOLPIDM_03026	76
POOLPIDM_03027	6
POOLPIDM_03028	2
POOLPIDM_03029	11
POOLPIDM_03030	196
POOLPIDM_03031	894
POOLPIDM_03032	8
POOLPIDM_03033	4
POOLPIDM_03034	0
POOLPIDM_03035	0
POOLPIDM_03036	3
POOLPIDM_03037	0
POOLPIDM_03038	9
POOLPIDM_03039	2
POOLPIDM_03040	207
POOLPIDM_03041	108
POOLPIDM_03042	11
POOLPIDM_03043	0
POOLPIDM_03044	0
POOLPIDM_03045	0
POOLPIDM_03046	0
POOLPIDM_03047	0
POOLPIDM_03048	0
POOLPIDM_03049	0
POOLPIDM_03050	0
POOLPIDM_03051	0
POOLPIDM_03052	0
POOLPIDM_03053	0
POOLPIDM_03054	2
POOLPIDM_03055	1
POOLPIDM_03056	0
POOLPIDM_03057	9
POOLPIDM_03058	0
POOLPIDM_03059	0
POOLPIDM_03060	5
POOLPIDM_03061	17
POOLPIDM_03062	4
POOLPIDM_03063	3
POOLPIDM_03064	14
POOLPIDM_03065	2
POOLPIDM_03066	3
POOLPIDM_03067	0
POOLPIDM_03068	0
POOLPIDM_03069	19
POOLPIDM_03070	10
POOLPIDM_03071	0
POOLPIDM_03072	12
POOLPIDM_03073	0
POOLPIDM_03074	25
POOLPIDM_03075	52
POOLPIDM_03076	40
POOLPIDM_03077	4
POOLPIDM_03078	6
POOLPIDM_03079	0
POOLPIDM_03080	2
POOLPIDM_03081	9
POOLPIDM_03082	10
POOLPIDM_03083	39
POOLPIDM_03084	0
POOLPIDM_03085	0
POOLPIDM_03086	0
POOLPIDM_03087	0
POOLPIDM_03088	0
POOLPIDM_03089	0
POOLPIDM_03090	2
POOLPIDM_03091	0
POOLPIDM_03092	1
POOLPIDM_03093	5
POOLPIDM_03094	7
POOLPIDM_03095	124
POOLPIDM_03096	1
POOLPIDM_03097	20
POOLPIDM_03098	0
POOLPIDM_03099	2
POOLPIDM_03100	1
POOLPIDM_03101	0
POOLPIDM_03102	1
POOLPIDM_03103	0
POOLPIDM_03104	6
POOLPIDM_03105	61
POOLPIDM_03106	12
POOLPIDM_03107	4
POOLPIDM_03108	1
POOLPIDM_03109	1
POOLPIDM_03110	0
POOLPIDM_03111	2
POOLPIDM_03112	19
POOLPIDM_03113	140
POOLPIDM_03114	11
POOLPIDM_03115	7
POOLPIDM_03116	0
POOLPIDM_03117	15
POOLPIDM_03118	12
POOLPIDM_03119	3
POOLPIDM_03120	77
POOLPIDM_03121	90
POOLPIDM_03122	68
POOLPIDM_03123	4
POOLPIDM_03124	3
POOLPIDM_03125	1
POOLPIDM_03126	45
POOLPIDM_03127	21
POOLPIDM_03128	67
POOLPIDM_03129	5
POOLPIDM_03130	5
POOLPIDM_03131	0
POOLPIDM_03132	9
POOLPIDM_03133	68
POOLPIDM_03134	12
POOLPIDM_03135	4
POOLPIDM_03136	3
POOLPIDM_03137	2
POOLPIDM_03138	1
__no_feature	8400997
__ambiguous	2165
__too_low_aQual	259518
__not_aligned	45852
__alignment_not_unique	0
