POOLPIDM_00001	2
POOLPIDM_00002	0
POOLPIDM_00003	11
POOLPIDM_00004	1
POOLPIDM_00005	77
POOLPIDM_00006	7
POOLPIDM_00007	1
POOLPIDM_00008	4
POOLPIDM_00009	5
POOLPIDM_00010	9
POOLPIDM_00011	7
POOLPIDM_00012	14
POOLPIDM_00013	13
POOLPIDM_00014	0
POOLPIDM_00015	17
POOLPIDM_00016	0
POOLPIDM_00017	1
POOLPIDM_00018	7
POOLPIDM_00019	20
POOLPIDM_00020	31
POOLPIDM_00021	71
POOLPIDM_00022	122
POOLPIDM_00023	98
POOLPIDM_00024	85
POOLPIDM_00025	4
POOLPIDM_00026	3
POOLPIDM_00027	26
POOLPIDM_00028	28
POOLPIDM_00029	24
POOLPIDM_00030	188
POOLPIDM_00031	15
POOLPIDM_00032	46
POOLPIDM_00033	41
POOLPIDM_00034	21
POOLPIDM_00035	103
POOLPIDM_00036	42
POOLPIDM_00037	57
POOLPIDM_00038	1
POOLPIDM_00039	3
POOLPIDM_00040	17
POOLPIDM_00041	13
POOLPIDM_00042	7
POOLPIDM_00043	197
POOLPIDM_00044	109
POOLPIDM_00045	21
POOLPIDM_00046	71
POOLPIDM_00047	124
POOLPIDM_00048	20
POOLPIDM_00049	70
POOLPIDM_00050	21
POOLPIDM_00051	28
POOLPIDM_00052	26
POOLPIDM_00053	40
POOLPIDM_00054	36
POOLPIDM_00055	27
POOLPIDM_00056	89
POOLPIDM_00057	60
POOLPIDM_00058	22
POOLPIDM_00059	170
POOLPIDM_00060	50
POOLPIDM_00061	9
POOLPIDM_00062	2
POOLPIDM_00063	43
POOLPIDM_00064	4
POOLPIDM_00065	1
POOLPIDM_00066	2
POOLPIDM_00067	0
POOLPIDM_00068	1
POOLPIDM_00069	13
POOLPIDM_00070	22
POOLPIDM_00071	76
POOLPIDM_00072	0
POOLPIDM_00073	39
POOLPIDM_00074	3
POOLPIDM_00075	2
POOLPIDM_00076	3
POOLPIDM_00077	68
POOLPIDM_00078	2
POOLPIDM_00079	9
POOLPIDM_00080	11
POOLPIDM_00081	4
POOLPIDM_00082	11
POOLPIDM_00083	71
POOLPIDM_00084	19
POOLPIDM_00085	210
POOLPIDM_00086	0
POOLPIDM_00087	8
POOLPIDM_00088	12
POOLPIDM_00089	10
POOLPIDM_00090	0
POOLPIDM_00091	5
POOLPIDM_00092	17
POOLPIDM_00093	10
POOLPIDM_00094	7
POOLPIDM_00095	0
POOLPIDM_00096	48
POOLPIDM_00097	68
POOLPIDM_00098	105
POOLPIDM_00099	8
POOLPIDM_00100	43
POOLPIDM_00101	9
POOLPIDM_00102	15
POOLPIDM_00103	19
POOLPIDM_00104	30
POOLPIDM_00105	67
POOLPIDM_00106	7
POOLPIDM_00107	42
POOLPIDM_00108	28
POOLPIDM_00109	1899
POOLPIDM_00110	5
POOLPIDM_00111	10
POOLPIDM_00112	5
POOLPIDM_00113	26
POOLPIDM_00114	279
POOLPIDM_00115	40
POOLPIDM_00116	11
POOLPIDM_00117	5
POOLPIDM_00118	151
POOLPIDM_00119	13
POOLPIDM_00120	6
POOLPIDM_00121	28
POOLPIDM_00122	21
POOLPIDM_00123	39
POOLPIDM_00124	115
POOLPIDM_00125	20
POOLPIDM_00126	54
POOLPIDM_00127	70
POOLPIDM_00128	74
POOLPIDM_00129	18
POOLPIDM_00130	62
POOLPIDM_00131	96
POOLPIDM_00132	67
POOLPIDM_00133	235
POOLPIDM_00134	29
POOLPIDM_00135	9
POOLPIDM_00136	16
POOLPIDM_00137	11
POOLPIDM_00138	62
POOLPIDM_00139	9
POOLPIDM_00140	31
POOLPIDM_00141	13
POOLPIDM_00142	102
POOLPIDM_00143	14
POOLPIDM_00144	26
POOLPIDM_00145	53
POOLPIDM_00146	46
POOLPIDM_00147	23
POOLPIDM_00148	56
POOLPIDM_00149	0
POOLPIDM_00150	7
POOLPIDM_00151	10
POOLPIDM_00152	34
POOLPIDM_00153	20
POOLPIDM_00154	104
POOLPIDM_00155	44
POOLPIDM_00156	31
POOLPIDM_00157	24
POOLPIDM_00158	11
POOLPIDM_00159	49
POOLPIDM_00160	5
POOLPIDM_00161	15
POOLPIDM_00162	10
POOLPIDM_00163	17
POOLPIDM_00164	66
POOLPIDM_00165	76
POOLPIDM_00166	2
POOLPIDM_00167	0
POOLPIDM_00168	6
POOLPIDM_00169	3
POOLPIDM_00170	6
POOLPIDM_00171	5
POOLPIDM_00172	14
POOLPIDM_00173	3
POOLPIDM_00174	2
POOLPIDM_00175	34
POOLPIDM_00176	1
POOLPIDM_00177	20
POOLPIDM_00178	222
POOLPIDM_00179	2
POOLPIDM_00180	158
POOLPIDM_00181	335
POOLPIDM_00182	19
POOLPIDM_00183	67
POOLPIDM_00184	589
POOLPIDM_00185	77
POOLPIDM_00186	31
POOLPIDM_00187	37
POOLPIDM_00188	0
POOLPIDM_00189	4
POOLPIDM_00190	0
POOLPIDM_00191	6
POOLPIDM_00192	23
POOLPIDM_00193	57
POOLPIDM_00194	4
POOLPIDM_00195	43
POOLPIDM_00196	74
POOLPIDM_00197	26
POOLPIDM_00198	29
POOLPIDM_00199	54
POOLPIDM_00200	24
POOLPIDM_00201	33
POOLPIDM_00202	32
POOLPIDM_00203	5
POOLPIDM_00204	36
POOLPIDM_00205	111
POOLPIDM_00206	4
POOLPIDM_00207	16
POOLPIDM_00208	7
POOLPIDM_00209	18
POOLPIDM_00210	66
POOLPIDM_00211	7
POOLPIDM_00212	41
POOLPIDM_00213	0
POOLPIDM_00214	34
POOLPIDM_00215	40
POOLPIDM_00216	4
POOLPIDM_00217	115
POOLPIDM_00218	17
POOLPIDM_00219	27
POOLPIDM_00220	12
POOLPIDM_00221	59
POOLPIDM_00222	80
POOLPIDM_00223	0
POOLPIDM_00224	15
POOLPIDM_00226	2
POOLPIDM_00227	68
POOLPIDM_00228	49
POOLPIDM_00229	463
POOLPIDM_00230	164
POOLPIDM_00231	73
POOLPIDM_00232	45
POOLPIDM_00233	35
POOLPIDM_00234	99
POOLPIDM_00235	27
POOLPIDM_00236	56
POOLPIDM_00237	3
POOLPIDM_00238	0
POOLPIDM_00239	70
POOLPIDM_00240	94
POOLPIDM_00241	8
POOLPIDM_00242	16
POOLPIDM_00243	13
POOLPIDM_00244	1
POOLPIDM_00245	46
POOLPIDM_00246	27
POOLPIDM_00247	5
POOLPIDM_00248	61
POOLPIDM_00249	27
POOLPIDM_00250	184
POOLPIDM_00251	3
POOLPIDM_00252	13
POOLPIDM_00253	69
POOLPIDM_00254	16
POOLPIDM_00255	162
POOLPIDM_00256	38
POOLPIDM_00257	40
POOLPIDM_00258	31
POOLPIDM_00259	111
POOLPIDM_00260	363
POOLPIDM_00261	225
POOLPIDM_00262	440
POOLPIDM_00263	153
POOLPIDM_00264	163
POOLPIDM_00265	239
POOLPIDM_00266	113
POOLPIDM_00267	166
POOLPIDM_00268	34
POOLPIDM_00269	69
POOLPIDM_00270	18
POOLPIDM_00271	44
POOLPIDM_00272	20
POOLPIDM_00273	29
POOLPIDM_00274	3
POOLPIDM_00275	6
POOLPIDM_00276	152
POOLPIDM_00277	0
POOLPIDM_00278	0
POOLPIDM_00279	2
POOLPIDM_00280	24
POOLPIDM_00281	2
POOLPIDM_00283	16
POOLPIDM_00284	293
POOLPIDM_00285	108
POOLPIDM_00286	17
POOLPIDM_00287	27
POOLPIDM_00288	2
POOLPIDM_00289	5
POOLPIDM_00290	5
POOLPIDM_00291	0
POOLPIDM_00292	0
POOLPIDM_00293	4
POOLPIDM_00294	87
POOLPIDM_00295	49
POOLPIDM_00296	0
POOLPIDM_00297	0
POOLPIDM_00298	1
POOLPIDM_00299	0
POOLPIDM_00300	3
POOLPIDM_00301	0
POOLPIDM_00302	1
POOLPIDM_00303	0
POOLPIDM_00304	0
POOLPIDM_00305	0
POOLPIDM_00306	0
POOLPIDM_00307	0
POOLPIDM_00308	0
POOLPIDM_00309	0
POOLPIDM_00310	0
POOLPIDM_00311	0
POOLPIDM_00312	0
POOLPIDM_00313	1
POOLPIDM_00314	0
POOLPIDM_00315	0
POOLPIDM_00316	0
POOLPIDM_00317	4
POOLPIDM_00318	2
POOLPIDM_00319	1
POOLPIDM_00320	5
POOLPIDM_00321	6
POOLPIDM_00322	0
POOLPIDM_00323	0
POOLPIDM_00324	0
POOLPIDM_00325	1
POOLPIDM_00326	7
POOLPIDM_00327	1
POOLPIDM_00328	32
POOLPIDM_00329	1
POOLPIDM_00330	4
POOLPIDM_00331	12
POOLPIDM_00332	4
POOLPIDM_00333	1
POOLPIDM_00334	0
POOLPIDM_00335	0
POOLPIDM_00336	0
POOLPIDM_00337	0
POOLPIDM_00339	0
POOLPIDM_00340	0
POOLPIDM_00341	0
POOLPIDM_00342	0
POOLPIDM_00343	0
POOLPIDM_00344	0
POOLPIDM_00345	18
POOLPIDM_00346	30
POOLPIDM_00347	0
POOLPIDM_00348	0
POOLPIDM_00349	5
POOLPIDM_00350	10
POOLPIDM_00351	4
POOLPIDM_00352	45
POOLPIDM_00353	74
POOLPIDM_00354	19
POOLPIDM_00355	4
POOLPIDM_00356	20
POOLPIDM_00357	43
POOLPIDM_00358	26
POOLPIDM_00359	5
POOLPIDM_00360	9
POOLPIDM_00361	5
POOLPIDM_00362	5
POOLPIDM_00363	127
POOLPIDM_00364	4
POOLPIDM_00365	0
POOLPIDM_00366	1
POOLPIDM_00367	7
POOLPIDM_00368	17
POOLPIDM_00369	32
POOLPIDM_00370	0
POOLPIDM_00371	18
POOLPIDM_00372	14
POOLPIDM_00373	54
POOLPIDM_00374	51
POOLPIDM_00375	3
POOLPIDM_00376	1
POOLPIDM_00377	23
POOLPIDM_00378	1
POOLPIDM_00379	37
POOLPIDM_00380	14
POOLPIDM_00381	15
POOLPIDM_00382	49
POOLPIDM_00383	2
POOLPIDM_00384	10
POOLPIDM_00385	28
POOLPIDM_00386	0
POOLPIDM_00387	1
POOLPIDM_00388	0
POOLPIDM_00389	3
POOLPIDM_00390	1
POOLPIDM_00391	36
POOLPIDM_00392	16
POOLPIDM_00393	9
POOLPIDM_00394	8
POOLPIDM_00395	16
POOLPIDM_00396	24
POOLPIDM_00397	28
POOLPIDM_00398	12
POOLPIDM_00399	145
POOLPIDM_00400	5
POOLPIDM_00401	0
POOLPIDM_00402	21
POOLPIDM_00403	38
POOLPIDM_00404	25
POOLPIDM_00405	18
POOLPIDM_00406	1
POOLPIDM_00407	32
POOLPIDM_00408	18
POOLPIDM_00409	40
POOLPIDM_00410	17
POOLPIDM_00412	69
POOLPIDM_00413	14
POOLPIDM_00414	2
POOLPIDM_00415	48
POOLPIDM_00416	178
POOLPIDM_00417	1
POOLPIDM_00418	3
POOLPIDM_00419	10
POOLPIDM_00420	10
POOLPIDM_00421	64
POOLPIDM_00422	22
POOLPIDM_00423	375
POOLPIDM_00424	1
POOLPIDM_00425	21
POOLPIDM_00426	51
POOLPIDM_00427	17
POOLPIDM_00428	29
POOLPIDM_00429	97
POOLPIDM_00430	130
POOLPIDM_00431	213
POOLPIDM_00432	19
POOLPIDM_00433	5
POOLPIDM_00434	349
POOLPIDM_00435	35
POOLPIDM_00436	20
POOLPIDM_00437	7
POOLPIDM_00438	3
POOLPIDM_00439	54
POOLPIDM_00440	2
POOLPIDM_00441	10
POOLPIDM_00442	7
POOLPIDM_00443	33
POOLPIDM_00444	60
POOLPIDM_00445	217
POOLPIDM_00446	1
POOLPIDM_00447	6
POOLPIDM_00448	0
POOLPIDM_00449	0
POOLPIDM_00450	0
POOLPIDM_00451	0
POOLPIDM_00452	3
POOLPIDM_00453	3
POOLPIDM_00454	22
POOLPIDM_00455	33
POOLPIDM_00456	34
POOLPIDM_00457	27
POOLPIDM_00458	5
POOLPIDM_00459	136
POOLPIDM_00460	89
POOLPIDM_00461	11
POOLPIDM_00462	5
POOLPIDM_00463	5
POOLPIDM_00464	100
POOLPIDM_00465	0
POOLPIDM_00466	6
POOLPIDM_00467	11
POOLPIDM_00468	12
POOLPIDM_00469	29
POOLPIDM_00470	80
POOLPIDM_00471	152
POOLPIDM_00472	1
POOLPIDM_00473	12
POOLPIDM_00474	1
POOLPIDM_00475	120
POOLPIDM_00476	11
POOLPIDM_00477	0
POOLPIDM_00478	21
POOLPIDM_00479	18
POOLPIDM_00480	14
POOLPIDM_00481	10
POOLPIDM_00482	4
POOLPIDM_00483	43
POOLPIDM_00484	23
POOLPIDM_00485	280
POOLPIDM_00486	11
POOLPIDM_00487	3
POOLPIDM_00489	0
POOLPIDM_00490	0
POOLPIDM_00491	2
POOLPIDM_00492	29
POOLPIDM_00495	21
POOLPIDM_00496	9
POOLPIDM_00497	14
POOLPIDM_00498	18
POOLPIDM_00499	624
POOLPIDM_00500	10
POOLPIDM_00501	7
POOLPIDM_00502	5
POOLPIDM_00503	139
POOLPIDM_00504	43
POOLPIDM_00505	29
POOLPIDM_00506	2
POOLPIDM_00507	255
POOLPIDM_00508	26
POOLPIDM_00509	10
POOLPIDM_00510	6
POOLPIDM_00511	67
POOLPIDM_00512	184
POOLPIDM_00513	3
POOLPIDM_00514	28
POOLPIDM_00515	29
POOLPIDM_00516	1
POOLPIDM_00517	35
POOLPIDM_00518	96
POOLPIDM_00519	10
POOLPIDM_00520	4
POOLPIDM_00521	14
POOLPIDM_00522	60
POOLPIDM_00523	71
POOLPIDM_00524	32
POOLPIDM_00525	18
POOLPIDM_00526	12
POOLPIDM_00527	11
POOLPIDM_00528	16
POOLPIDM_00529	8
POOLPIDM_00530	8
POOLPIDM_00531	15
POOLPIDM_00532	65
POOLPIDM_00533	49
POOLPIDM_00534	6
POOLPIDM_00535	3
POOLPIDM_00536	1
POOLPIDM_00537	0
POOLPIDM_00538	7
POOLPIDM_00539	231
POOLPIDM_00540	19
POOLPIDM_00541	26
POOLPIDM_00543	16
POOLPIDM_00544	11
POOLPIDM_00545	42
POOLPIDM_00546	41
POOLPIDM_00547	62
POOLPIDM_00548	3
POOLPIDM_00549	0
POOLPIDM_00550	1
POOLPIDM_00551	0
POOLPIDM_00552	2
POOLPIDM_00553	0
POOLPIDM_00554	0
POOLPIDM_00555	2
POOLPIDM_00556	6
POOLPIDM_00557	2
POOLPIDM_00558	0
POOLPIDM_00559	2
POOLPIDM_00560	10
POOLPIDM_00561	4
POOLPIDM_00562	45
POOLPIDM_00563	299
POOLPIDM_00564	85
POOLPIDM_00565	0
POOLPIDM_00566	15
POOLPIDM_00567	2
POOLPIDM_00568	0
POOLPIDM_00569	17
POOLPIDM_00570	17
POOLPIDM_00571	1
POOLPIDM_00572	4
POOLPIDM_00573	4
POOLPIDM_00574	10
POOLPIDM_00575	6
POOLPIDM_00576	74
POOLPIDM_00577	20
POOLPIDM_00578	19
POOLPIDM_00579	7
POOLPIDM_00580	15
POOLPIDM_00581	36
POOLPIDM_00582	91
POOLPIDM_00583	6
POOLPIDM_00584	12
POOLPIDM_00585	12
POOLPIDM_00586	79
POOLPIDM_00587	6
POOLPIDM_00588	19
POOLPIDM_00589	34
POOLPIDM_00590	33
POOLPIDM_00591	115
POOLPIDM_00592	501
POOLPIDM_00593	31
POOLPIDM_00594	51
POOLPIDM_00595	2
POOLPIDM_00596	23
POOLPIDM_00597	30
POOLPIDM_00598	16
POOLPIDM_00599	105
POOLPIDM_00600	228
POOLPIDM_00601	40
POOLPIDM_00602	54
POOLPIDM_00603	92
POOLPIDM_00604	0
POOLPIDM_00605	3
POOLPIDM_00606	44
POOLPIDM_00607	9
POOLPIDM_00608	77
POOLPIDM_00609	151
POOLPIDM_00610	103
POOLPIDM_00611	3
POOLPIDM_00612	214
POOLPIDM_00613	4
POOLPIDM_00614	17
POOLPIDM_00615	23
POOLPIDM_00617	4
POOLPIDM_00618	57
POOLPIDM_00619	1193
POOLPIDM_00620	301
POOLPIDM_00621	704
POOLPIDM_00622	532
POOLPIDM_00623	0
POOLPIDM_00624	0
POOLPIDM_00625	9
POOLPIDM_00626	39
POOLPIDM_00627	76
POOLPIDM_00628	54
POOLPIDM_00629	11
POOLPIDM_00630	6
POOLPIDM_00631	10
POOLPIDM_00632	8
POOLPIDM_00633	81
POOLPIDM_00634	19
POOLPIDM_00635	39
POOLPIDM_00636	11
POOLPIDM_00637	53
POOLPIDM_00638	19
POOLPIDM_00639	93
POOLPIDM_00640	142
POOLPIDM_00641	140
POOLPIDM_00642	41
POOLPIDM_00643	7
POOLPIDM_00644	84
POOLPIDM_00645	3
POOLPIDM_00646	3
POOLPIDM_00647	6
POOLPIDM_00648	3
POOLPIDM_00649	2
POOLPIDM_00652	4
POOLPIDM_00653	37
POOLPIDM_00654	61
POOLPIDM_00655	3
POOLPIDM_00656	3
POOLPIDM_00657	6
POOLPIDM_00658	21
POOLPIDM_00659	42
POOLPIDM_00660	116
POOLPIDM_00661	21
POOLPIDM_00662	32
POOLPIDM_00663	56
POOLPIDM_00664	47
POOLPIDM_00665	14
POOLPIDM_00666	8
POOLPIDM_00667	15
POOLPIDM_00668	20
POOLPIDM_00669	19
POOLPIDM_00670	16
POOLPIDM_00671	4
POOLPIDM_00672	3
POOLPIDM_00673	52
POOLPIDM_00674	29
POOLPIDM_00675	17
POOLPIDM_00676	0
POOLPIDM_00677	16
POOLPIDM_00678	29
POOLPIDM_00679	79
POOLPIDM_00680	39
POOLPIDM_00681	14
POOLPIDM_00682	51
POOLPIDM_00683	117
POOLPIDM_00684	80
POOLPIDM_00685	169
POOLPIDM_00686	36
POOLPIDM_00687	1
POOLPIDM_00688	54
POOLPIDM_00689	45
POOLPIDM_00690	7
POOLPIDM_00691	19
POOLPIDM_00692	6
POOLPIDM_00693	1
POOLPIDM_00694	32
POOLPIDM_00695	18
POOLPIDM_00696	5
POOLPIDM_00697	49
POOLPIDM_00698	59
POOLPIDM_00699	106
POOLPIDM_00700	1
POOLPIDM_00701	39
POOLPIDM_00702	8
POOLPIDM_00703	59
POOLPIDM_00704	93
POOLPIDM_00705	75
POOLPIDM_00706	18
POOLPIDM_00707	91
POOLPIDM_00708	8
POOLPIDM_00709	2
POOLPIDM_00710	58
POOLPIDM_00711	19
POOLPIDM_00712	34
POOLPIDM_00713	51
POOLPIDM_00714	11
POOLPIDM_00715	21
POOLPIDM_00716	30
POOLPIDM_00717	28
POOLPIDM_00718	15
POOLPIDM_00719	67
POOLPIDM_00720	6
POOLPIDM_00721	16
POOLPIDM_00722	15
POOLPIDM_00723	16
POOLPIDM_00724	13
POOLPIDM_00725	4
POOLPIDM_00726	16
POOLPIDM_00727	5
POOLPIDM_00728	10
POOLPIDM_00729	28
POOLPIDM_00730	19
POOLPIDM_00731	16
POOLPIDM_00732	69
POOLPIDM_00733	17
POOLPIDM_00734	3
POOLPIDM_00735	0
POOLPIDM_00736	7
POOLPIDM_00737	0
POOLPIDM_00738	10
POOLPIDM_00739	84
POOLPIDM_00740	4
POOLPIDM_00741	10
POOLPIDM_00742	27
POOLPIDM_00743	23
POOLPIDM_00744	63
POOLPIDM_00745	38
POOLPIDM_00746	35
POOLPIDM_00747	1
POOLPIDM_00748	20
POOLPIDM_00749	2
POOLPIDM_00750	1
POOLPIDM_00751	192
POOLPIDM_00752	19
POOLPIDM_00753	13
POOLPIDM_00754	39
POOLPIDM_00755	73
POOLPIDM_00756	1
POOLPIDM_00757	0
POOLPIDM_00758	5
POOLPIDM_00759	8
POOLPIDM_00760	76
POOLPIDM_00761	2
POOLPIDM_00762	0
POOLPIDM_00763	6
POOLPIDM_00764	0
POOLPIDM_00765	18
POOLPIDM_00766	20
POOLPIDM_00767	29
POOLPIDM_00768	55
POOLPIDM_00769	5
POOLPIDM_00770	4
POOLPIDM_00771	12
POOLPIDM_00772	8
POOLPIDM_00773	4
POOLPIDM_00774	13
POOLPIDM_00775	208
POOLPIDM_00776	0
POOLPIDM_00777	0
POOLPIDM_00778	0
POOLPIDM_00779	1
POOLPIDM_00780	1
POOLPIDM_00781	8
POOLPIDM_00782	1
POOLPIDM_00783	9
POOLPIDM_00784	36
POOLPIDM_00785	0
POOLPIDM_00786	1
POOLPIDM_00787	20
POOLPIDM_00788	116
POOLPIDM_00789	6
POOLPIDM_00790	3
POOLPIDM_00791	0
POOLPIDM_00792	16
POOLPIDM_00793	121
POOLPIDM_00794	100
POOLPIDM_00795	23
POOLPIDM_00796	27
POOLPIDM_00797	15
POOLPIDM_00798	40
POOLPIDM_00799	3
POOLPIDM_00800	2
POOLPIDM_00801	23
POOLPIDM_00802	92
POOLPIDM_00803	43
POOLPIDM_00804	15
POOLPIDM_00805	20
POOLPIDM_00806	23
POOLPIDM_00807	79
POOLPIDM_00808	0
POOLPIDM_00809	3
POOLPIDM_00810	0
POOLPIDM_00811	0
POOLPIDM_00812	0
POOLPIDM_00813	0
POOLPIDM_00814	0
POOLPIDM_00815	0
POOLPIDM_00816	0
POOLPIDM_00817	0
POOLPIDM_00818	0
POOLPIDM_00819	0
POOLPIDM_00820	0
POOLPIDM_00821	0
POOLPIDM_00822	0
POOLPIDM_00823	6
POOLPIDM_00824	6
POOLPIDM_00825	0
POOLPIDM_00826	24
POOLPIDM_00827	0
POOLPIDM_00828	1
POOLPIDM_00829	3
POOLPIDM_00830	11
POOLPIDM_00831	5
POOLPIDM_00832	2
POOLPIDM_00833	32
POOLPIDM_00834	55
POOLPIDM_00835	5
POOLPIDM_00836	7
POOLPIDM_00837	7
POOLPIDM_00838	15
POOLPIDM_00839	2
POOLPIDM_00840	4
POOLPIDM_00841	0
POOLPIDM_00842	9
POOLPIDM_00843	22
POOLPIDM_00844	9
POOLPIDM_00845	0
POOLPIDM_00846	0
POOLPIDM_00847	0
POOLPIDM_00848	1
POOLPIDM_00849	0
POOLPIDM_00850	0
POOLPIDM_00851	0
POOLPIDM_00852	1
POOLPIDM_00853	4
POOLPIDM_00854	0
POOLPIDM_00855	36
POOLPIDM_00856	7
POOLPIDM_00857	10
POOLPIDM_00858	9
POOLPIDM_00859	22
POOLPIDM_00860	8
POOLPIDM_00861	11
POOLPIDM_00862	6
POOLPIDM_00863	21
POOLPIDM_00864	68
POOLPIDM_00865	29
POOLPIDM_00866	10
POOLPIDM_00867	5
POOLPIDM_00868	27
POOLPIDM_00869	0
POOLPIDM_00870	8
POOLPIDM_00871	17
POOLPIDM_00872	0
POOLPIDM_00873	11
POOLPIDM_00874	6
POOLPIDM_00875	0
POOLPIDM_00876	18
POOLPIDM_00877	26
POOLPIDM_00878	10
POOLPIDM_00879	1
POOLPIDM_00880	3
POOLPIDM_00881	1
POOLPIDM_00883	3
POOLPIDM_00884	17
POOLPIDM_00886	32
POOLPIDM_00887	8
POOLPIDM_00888	5
POOLPIDM_00889	17
POOLPIDM_00890	6
POOLPIDM_00891	47
POOLPIDM_00892	65
POOLPIDM_00893	13
POOLPIDM_00894	10
POOLPIDM_00895	23
POOLPIDM_00896	51
POOLPIDM_00897	44
POOLPIDM_00898	138
POOLPIDM_00899	5
POOLPIDM_00900	1
POOLPIDM_00901	0
POOLPIDM_00902	0
POOLPIDM_00903	203
POOLPIDM_00904	0
POOLPIDM_00905	1
POOLPIDM_00906	4
POOLPIDM_00907	32
POOLPIDM_00908	26
POOLPIDM_00909	2
POOLPIDM_00910	1
POOLPIDM_00911	0
POOLPIDM_00912	1
POOLPIDM_00913	30
POOLPIDM_00914	25
POOLPIDM_00916	16
POOLPIDM_00917	21
POOLPIDM_00918	8
POOLPIDM_00919	2
POOLPIDM_00920	2
POOLPIDM_00921	2
POOLPIDM_00922	1
POOLPIDM_00923	0
POOLPIDM_00924	44
POOLPIDM_00925	526
POOLPIDM_00926	18
POOLPIDM_00927	8
POOLPIDM_00928	3
POOLPIDM_00929	3
POOLPIDM_00930	2
POOLPIDM_00931	0
POOLPIDM_00932	0
POOLPIDM_00933	0
POOLPIDM_00934	1
POOLPIDM_00935	0
POOLPIDM_00936	0
POOLPIDM_00937	0
POOLPIDM_00938	4
POOLPIDM_00939	8
POOLPIDM_00940	313
POOLPIDM_00941	0
POOLPIDM_00942	0
POOLPIDM_00943	0
POOLPIDM_00944	1
POOLPIDM_00945	1
POOLPIDM_00946	2
POOLPIDM_00947	1
POOLPIDM_00948	1
POOLPIDM_00949	2
POOLPIDM_00950	7
POOLPIDM_00951	0
POOLPIDM_00952	1
POOLPIDM_00953	0
POOLPIDM_00954	3
POOLPIDM_00955	0
POOLPIDM_00956	2
POOLPIDM_00957	4
POOLPIDM_00958	3
POOLPIDM_00959	4
POOLPIDM_00960	0
POOLPIDM_00961	0
POOLPIDM_00962	0
POOLPIDM_00963	0
POOLPIDM_00964	0
POOLPIDM_00965	0
POOLPIDM_00966	0
POOLPIDM_00967	29
POOLPIDM_00968	8
POOLPIDM_00969	1
POOLPIDM_00970	14
POOLPIDM_00971	1
POOLPIDM_00972	3
POOLPIDM_00973	1
POOLPIDM_00974	197
POOLPIDM_00975	113
POOLPIDM_00976	2
POOLPIDM_00977	40
POOLPIDM_00978	17
POOLPIDM_00979	5
POOLPIDM_00980	7
POOLPIDM_00981	0
POOLPIDM_00982	6
POOLPIDM_00983	12
POOLPIDM_00984	15
POOLPIDM_00985	191
POOLPIDM_00986	9
POOLPIDM_00987	17
POOLPIDM_00988	117
POOLPIDM_00989	0
POOLPIDM_00990	66
POOLPIDM_00991	45
POOLPIDM_00992	29
POOLPIDM_00993	19
POOLPIDM_00994	12
POOLPIDM_00995	17
POOLPIDM_00996	40
POOLPIDM_00997	7
POOLPIDM_00998	66
POOLPIDM_00999	34
POOLPIDM_01000	8
POOLPIDM_01001	224
POOLPIDM_01002	23
POOLPIDM_01003	1
POOLPIDM_01004	36
POOLPIDM_01005	23
POOLPIDM_01006	216
POOLPIDM_01007	140
POOLPIDM_01008	73
POOLPIDM_01009	37
POOLPIDM_01010	13
POOLPIDM_01011	6
POOLPIDM_01012	60
POOLPIDM_01013	62
POOLPIDM_01014	145
POOLPIDM_01015	67
POOLPIDM_01016	79
POOLPIDM_01017	18
POOLPIDM_01018	68
POOLPIDM_01019	414
POOLPIDM_01020	29
POOLPIDM_01021	8
POOLPIDM_01022	35
POOLPIDM_01023	51
POOLPIDM_01024	16
POOLPIDM_01025	17
POOLPIDM_01026	6
POOLPIDM_01027	2
POOLPIDM_01028	2
POOLPIDM_01029	1
POOLPIDM_01030	1
POOLPIDM_01031	14
POOLPIDM_01032	8
POOLPIDM_01033	3
POOLPIDM_01034	0
POOLPIDM_01035	9
POOLPIDM_01036	81
POOLPIDM_01037	39
POOLPIDM_01038	197
POOLPIDM_01039	53
POOLPIDM_01040	119
POOLPIDM_01041	212
POOLPIDM_01042	21
POOLPIDM_01043	144
POOLPIDM_01044	165
POOLPIDM_01045	57
POOLPIDM_01046	19
POOLPIDM_01047	46
POOLPIDM_01048	12
POOLPIDM_01049	1
POOLPIDM_01050	3
POOLPIDM_01051	6
POOLPIDM_01052	30
POOLPIDM_01053	2
POOLPIDM_01054	0
POOLPIDM_01055	1
POOLPIDM_01056	14
POOLPIDM_01057	6
POOLPIDM_01058	81
POOLPIDM_01059	29
POOLPIDM_01060	80
POOLPIDM_01061	123
POOLPIDM_01062	148
POOLPIDM_01063	5
POOLPIDM_01064	10
POOLPIDM_01065	9
POOLPIDM_01066	16
POOLPIDM_01067	294
POOLPIDM_01068	117
POOLPIDM_01069	23
POOLPIDM_01070	3
POOLPIDM_01071	7
POOLPIDM_01072	0
POOLPIDM_01073	67
POOLPIDM_01074	298
POOLPIDM_01075	165
POOLPIDM_01076	85
POOLPIDM_01077	105
POOLPIDM_01078	51
POOLPIDM_01079	18
POOLPIDM_01080	49
POOLPIDM_01081	117
POOLPIDM_01082	251
POOLPIDM_01083	42
POOLPIDM_01084	2
POOLPIDM_01085	42
POOLPIDM_01086	42
POOLPIDM_01087	8
POOLPIDM_01088	1
POOLPIDM_01089	7
POOLPIDM_01090	18
POOLPIDM_01091	41
POOLPIDM_01092	35
POOLPIDM_01093	20
POOLPIDM_01094	36
POOLPIDM_01095	9
POOLPIDM_01096	61
POOLPIDM_01097	1823
POOLPIDM_01098	20
POOLPIDM_01099	18
POOLPIDM_01100	2
POOLPIDM_01101	25
POOLPIDM_01102	1
POOLPIDM_01103	2
POOLPIDM_01104	6
POOLPIDM_01105	2
POOLPIDM_01106	8
POOLPIDM_01107	10
POOLPIDM_01108	51
POOLPIDM_01109	8
POOLPIDM_01110	9
POOLPIDM_01111	324
POOLPIDM_01112	0
POOLPIDM_01113	0
POOLPIDM_01114	11
POOLPIDM_01115	3
POOLPIDM_01116	39
POOLPIDM_01117	23
POOLPIDM_01118	53
POOLPIDM_01119	153
POOLPIDM_01120	25
POOLPIDM_01121	27
POOLPIDM_01122	44
POOLPIDM_01123	4
POOLPIDM_01124	5
POOLPIDM_01125	19
POOLPIDM_01126	19
POOLPIDM_01127	40
POOLPIDM_01128	46
POOLPIDM_01129	22
POOLPIDM_01130	0
POOLPIDM_01131	10
POOLPIDM_01132	3
POOLPIDM_01133	15
POOLPIDM_01134	13
POOLPIDM_01135	3
POOLPIDM_01136	8
POOLPIDM_01137	40
POOLPIDM_01138	34
POOLPIDM_01139	26
POOLPIDM_01140	32
POOLPIDM_01141	68
POOLPIDM_01142	10
POOLPIDM_01143	4
POOLPIDM_01144	4
POOLPIDM_01145	20
POOLPIDM_01146	9
POOLPIDM_01147	7
POOLPIDM_01148	4
POOLPIDM_01149	14
POOLPIDM_01150	0
POOLPIDM_01151	9
POOLPIDM_01152	16
POOLPIDM_01153	0
POOLPIDM_01154	4
POOLPIDM_01155	40
POOLPIDM_01156	13
POOLPIDM_01157	12
POOLPIDM_01158	3
POOLPIDM_01159	0
POOLPIDM_01160	4
POOLPIDM_01161	24
POOLPIDM_01162	0
POOLPIDM_01163	24
POOLPIDM_01164	49
POOLPIDM_01165	12
POOLPIDM_01166	3
POOLPIDM_01167	1
POOLPIDM_01168	0
POOLPIDM_01169	0
POOLPIDM_01170	1
POOLPIDM_01171	2
POOLPIDM_01172	0
POOLPIDM_01173	0
POOLPIDM_01174	0
POOLPIDM_01175	0
POOLPIDM_01176	0
POOLPIDM_01177	1
POOLPIDM_01178	2
POOLPIDM_01179	0
POOLPIDM_01180	29
POOLPIDM_01181	28
POOLPIDM_01182	2
POOLPIDM_01183	4
POOLPIDM_01184	9
POOLPIDM_01185	0
POOLPIDM_01187	1
POOLPIDM_01188	0
POOLPIDM_01189	5
POOLPIDM_01190	6
POOLPIDM_01191	2
POOLPIDM_01192	17
POOLPIDM_01193	4
POOLPIDM_01194	2
POOLPIDM_01195	0
POOLPIDM_01196	18
POOLPIDM_01197	25
POOLPIDM_01198	3
POOLPIDM_01199	3
POOLPIDM_01200	9
POOLPIDM_01201	0
POOLPIDM_01202	10
POOLPIDM_01203	7
POOLPIDM_01204	17
POOLPIDM_01205	2
POOLPIDM_01206	0
POOLPIDM_01207	32
POOLPIDM_01208	62
POOLPIDM_01209	6
POOLPIDM_01210	2
POOLPIDM_01211	77
POOLPIDM_01212	11
POOLPIDM_01213	11
POOLPIDM_01214	61
POOLPIDM_01215	3
POOLPIDM_01216	711
POOLPIDM_01217	4
POOLPIDM_01218	900
POOLPIDM_01219	135
POOLPIDM_01220	13
POOLPIDM_01221	2
POOLPIDM_01222	83
POOLPIDM_01223	80
POOLPIDM_01224	6
POOLPIDM_01225	5
POOLPIDM_01226	15
POOLPIDM_01227	34
POOLPIDM_01228	25
POOLPIDM_01229	29
POOLPIDM_01230	27
POOLPIDM_01231	4
POOLPIDM_01232	1
POOLPIDM_01233	0
POOLPIDM_01234	3
POOLPIDM_01235	15
POOLPIDM_01236	74
POOLPIDM_01237	20
POOLPIDM_01238	16
POOLPIDM_01239	42
POOLPIDM_01240	40
POOLPIDM_01241	34
POOLPIDM_01242	34
POOLPIDM_01243	12
POOLPIDM_01244	9
POOLPIDM_01245	16
POOLPIDM_01246	36
POOLPIDM_01247	26
POOLPIDM_01248	37
POOLPIDM_01249	91
POOLPIDM_01250	44
POOLPIDM_01251	10
POOLPIDM_01252	23
POOLPIDM_01253	23
POOLPIDM_01254	5
POOLPIDM_01255	4
POOLPIDM_01256	10
POOLPIDM_01257	35
POOLPIDM_01258	1
POOLPIDM_01259	121
POOLPIDM_01260	72
POOLPIDM_01261	29
POOLPIDM_01262	56
POOLPIDM_01263	242
POOLPIDM_01264	14
POOLPIDM_01265	19
POOLPIDM_01266	77
POOLPIDM_01267	100
POOLPIDM_01268	11
POOLPIDM_01269	4
POOLPIDM_01270	12
POOLPIDM_01271	5
POOLPIDM_01272	2
POOLPIDM_01273	1
POOLPIDM_01274	5
POOLPIDM_01275	6
POOLPIDM_01276	11
POOLPIDM_01277	81
POOLPIDM_01278	36
POOLPIDM_01279	56
POOLPIDM_01280	290
POOLPIDM_01281	8
POOLPIDM_01282	43
POOLPIDM_01283	7
POOLPIDM_01284	9
POOLPIDM_01285	3
POOLPIDM_01286	5
POOLPIDM_01287	0
POOLPIDM_01288	9
POOLPIDM_01289	2
POOLPIDM_01290	1
POOLPIDM_01291	33
POOLPIDM_01292	3
POOLPIDM_01293	0
POOLPIDM_01294	3
POOLPIDM_01295	82
POOLPIDM_01296	10
POOLPIDM_01297	54
POOLPIDM_01298	6
POOLPIDM_01299	3
POOLPIDM_01300	8
POOLPIDM_01301	50
POOLPIDM_01302	4
POOLPIDM_01303	0
POOLPIDM_01304	135
POOLPIDM_01305	108
POOLPIDM_01306	10
POOLPIDM_01307	19
POOLPIDM_01308	4
POOLPIDM_01309	12
POOLPIDM_01310	14
POOLPIDM_01311	2
POOLPIDM_01312	5
POOLPIDM_01313	35
POOLPIDM_01314	11
POOLPIDM_01315	13
POOLPIDM_01316	4
POOLPIDM_01317	4
POOLPIDM_01318	8
POOLPIDM_01319	74
POOLPIDM_01320	17
POOLPIDM_01321	1
POOLPIDM_01322	7
POOLPIDM_01323	22
POOLPIDM_01324	27
POOLPIDM_01325	23
POOLPIDM_01326	579
POOLPIDM_01327	51
POOLPIDM_01328	43
POOLPIDM_01329	228
POOLPIDM_01330	19
POOLPIDM_01331	90
POOLPIDM_01332	50
POOLPIDM_01333	4
POOLPIDM_01334	64
POOLPIDM_01335	5
POOLPIDM_01336	3
POOLPIDM_01337	0
POOLPIDM_01338	13
POOLPIDM_01339	46
POOLPIDM_01340	121
POOLPIDM_01341	41
POOLPIDM_01342	17
POOLPIDM_01343	75
POOLPIDM_01344	272
POOLPIDM_01345	1
POOLPIDM_01346	45
POOLPIDM_01347	14
POOLPIDM_01348	12
POOLPIDM_01349	298
POOLPIDM_01350	6
POOLPIDM_01351	3
POOLPIDM_01352	41
POOLPIDM_01353	6
POOLPIDM_01354	31
POOLPIDM_01355	10
POOLPIDM_01356	185
POOLPIDM_01357	133
POOLPIDM_01358	12
POOLPIDM_01359	66
POOLPIDM_01360	95
POOLPIDM_01361	77
POOLPIDM_01362	104
POOLPIDM_01363	17
POOLPIDM_01364	15
POOLPIDM_01365	14
POOLPIDM_01366	23
POOLPIDM_01367	85
POOLPIDM_01368	50
POOLPIDM_01369	39
POOLPIDM_01370	1
POOLPIDM_01371	19
POOLPIDM_01372	136
POOLPIDM_01373	35
POOLPIDM_01374	53
POOLPIDM_01375	128
POOLPIDM_01376	83
POOLPIDM_01377	16
POOLPIDM_01378	9
POOLPIDM_01379	23
POOLPIDM_01380	11
POOLPIDM_01381	18
POOLPIDM_01382	19
POOLPIDM_01383	38
POOLPIDM_01384	41
POOLPIDM_01385	87
POOLPIDM_01386	185
POOLPIDM_01387	82
POOLPIDM_01388	10
POOLPIDM_01389	116
POOLPIDM_01390	84
POOLPIDM_01391	1
POOLPIDM_01392	17
POOLPIDM_01393	14
POOLPIDM_01394	34
POOLPIDM_01395	8
POOLPIDM_01396	0
POOLPIDM_01397	157
POOLPIDM_01398	46
POOLPIDM_01400	9
POOLPIDM_01401	7
POOLPIDM_01402	1
POOLPIDM_01403	5
POOLPIDM_01404	7
POOLPIDM_01405	23
POOLPIDM_01406	2
POOLPIDM_01407	2
POOLPIDM_01408	11
POOLPIDM_01410	4
POOLPIDM_01411	18
POOLPIDM_01412	21
POOLPIDM_01413	43
POOLPIDM_01414	94
POOLPIDM_01415	33
POOLPIDM_01416	4
POOLPIDM_01417	84
POOLPIDM_01418	89
POOLPIDM_01419	35
POOLPIDM_01420	4
POOLPIDM_01421	51
POOLPIDM_01422	35
POOLPIDM_01423	16
POOLPIDM_01424	4
POOLPIDM_01425	4
POOLPIDM_01426	3
POOLPIDM_01427	2
POOLPIDM_01428	32
POOLPIDM_01429	4
POOLPIDM_01430	8
POOLPIDM_01431	10
POOLPIDM_01432	80
POOLPIDM_01433	20
POOLPIDM_01434	114
POOLPIDM_01435	111
POOLPIDM_01436	9
POOLPIDM_01437	37
POOLPIDM_01438	110
POOLPIDM_01439	11
POOLPIDM_01440	6
POOLPIDM_01441	130
POOLPIDM_01442	79
POOLPIDM_01443	72
POOLPIDM_01444	113
POOLPIDM_01445	8
POOLPIDM_01446	26
POOLPIDM_01447	1
POOLPIDM_01448	1
POOLPIDM_01449	4
POOLPIDM_01450	8
POOLPIDM_01451	27
POOLPIDM_01452	75
POOLPIDM_01453	9
POOLPIDM_01454	3
POOLPIDM_01455	14
POOLPIDM_01456	6
POOLPIDM_01457	9
POOLPIDM_01458	0
POOLPIDM_01459	4
POOLPIDM_01460	0
POOLPIDM_01461	1
POOLPIDM_01462	3
POOLPIDM_01463	5
POOLPIDM_01464	30
POOLPIDM_01465	16
POOLPIDM_01466	4
POOLPIDM_01467	35
POOLPIDM_01468	14
POOLPIDM_01469	1
POOLPIDM_01470	3
POOLPIDM_01471	2
POOLPIDM_01472	0
POOLPIDM_01473	2
POOLPIDM_01474	45
POOLPIDM_01475	26
POOLPIDM_01476	26
POOLPIDM_01477	8
POOLPIDM_01478	45
POOLPIDM_01479	57
POOLPIDM_01480	4
POOLPIDM_01481	26
POOLPIDM_01482	5
POOLPIDM_01483	5
POOLPIDM_01484	1
POOLPIDM_01485	10
POOLPIDM_01486	14
POOLPIDM_01487	2
POOLPIDM_01488	24
POOLPIDM_01489	19
POOLPIDM_01490	48
POOLPIDM_01491	1
POOLPIDM_01493	25
POOLPIDM_01494	30
POOLPIDM_01495	13
POOLPIDM_01496	5
POOLPIDM_01497	72
POOLPIDM_01498	7
POOLPIDM_01499	10
POOLPIDM_01500	10
POOLPIDM_01501	31
POOLPIDM_01502	51
POOLPIDM_01503	17
POOLPIDM_01504	24
POOLPIDM_01505	22
POOLPIDM_01506	0
POOLPIDM_01507	21
POOLPIDM_01508	38
POOLPIDM_01509	3
POOLPIDM_01510	105
POOLPIDM_01511	20
POOLPIDM_01512	8
POOLPIDM_01513	1
POOLPIDM_01514	17
POOLPIDM_01515	7
POOLPIDM_01516	35
POOLPIDM_01517	22
POOLPIDM_01518	104
POOLPIDM_01519	25
POOLPIDM_01520	70
POOLPIDM_01521	228
POOLPIDM_01522	99
POOLPIDM_01523	8
POOLPIDM_01524	441
POOLPIDM_01525	95
POOLPIDM_01526	100
POOLPIDM_01527	61
POOLPIDM_01528	38
POOLPIDM_01529	16
POOLPIDM_01530	56
POOLPIDM_01531	140
POOLPIDM_01532	208
POOLPIDM_01533	37
POOLPIDM_01534	17
POOLPIDM_01535	2
POOLPIDM_01536	203
POOLPIDM_01537	20
POOLPIDM_01538	4
POOLPIDM_01539	15
POOLPIDM_01540	26
POOLPIDM_01541	42
POOLPIDM_01542	70
POOLPIDM_01543	53
POOLPIDM_01544	21
POOLPIDM_01545	48
POOLPIDM_01546	46
POOLPIDM_01547	49
POOLPIDM_01548	22
POOLPIDM_01549	34
POOLPIDM_01550	27
POOLPIDM_01551	3
POOLPIDM_01552	73
POOLPIDM_01553	37
POOLPIDM_01554	46
POOLPIDM_01555	8
POOLPIDM_01556	56
POOLPIDM_01557	109
POOLPIDM_01558	112
POOLPIDM_01559	26
POOLPIDM_01560	55
POOLPIDM_01561	3
POOLPIDM_01562	2
POOLPIDM_01563	4
POOLPIDM_01564	48
POOLPIDM_01565	72
POOLPIDM_01566	83
POOLPIDM_01567	16
POOLPIDM_01568	20
POOLPIDM_01569	14
POOLPIDM_01570	34
POOLPIDM_01571	5
POOLPIDM_01572	27
POOLPIDM_01573	0
POOLPIDM_01574	10
POOLPIDM_01575	39
POOLPIDM_01576	94
POOLPIDM_01577	4
POOLPIDM_01578	127
POOLPIDM_01579	80
POOLPIDM_01580	91
POOLPIDM_01581	17
POOLPIDM_01582	1
POOLPIDM_01583	13
POOLPIDM_01584	55
POOLPIDM_01585	38
POOLPIDM_01586	16
POOLPIDM_01587	25
POOLPIDM_01588	28
POOLPIDM_01589	3
POOLPIDM_01590	114
POOLPIDM_01591	96
POOLPIDM_01592	27
POOLPIDM_01593	66
POOLPIDM_01594	16
POOLPIDM_01595	138
POOLPIDM_01596	97
POOLPIDM_01597	27
POOLPIDM_01598	18
POOLPIDM_01599	70
POOLPIDM_01600	6
POOLPIDM_01601	0
POOLPIDM_01602	6
POOLPIDM_01603	6
POOLPIDM_01604	7
POOLPIDM_01605	4
POOLPIDM_01606	11
POOLPIDM_01607	8
POOLPIDM_01608	1
POOLPIDM_01609	0
POOLPIDM_01610	1
POOLPIDM_01611	0
POOLPIDM_01612	0
POOLPIDM_01613	2
POOLPIDM_01614	7
POOLPIDM_01615	34
POOLPIDM_01616	1
POOLPIDM_01617	16
POOLPIDM_01618	4
POOLPIDM_01619	58
POOLPIDM_01620	13
POOLPIDM_01621	9
POOLPIDM_01622	7
POOLPIDM_01623	0
POOLPIDM_01624	1
POOLPIDM_01625	2
POOLPIDM_01626	0
POOLPIDM_01627	0
POOLPIDM_01628	4
POOLPIDM_01629	0
POOLPIDM_01630	9
POOLPIDM_01631	2
POOLPIDM_01632	4
POOLPIDM_01633	2
POOLPIDM_01634	11
POOLPIDM_01635	5
POOLPIDM_01636	1
POOLPIDM_01637	3
POOLPIDM_01638	0
POOLPIDM_01639	8
POOLPIDM_01640	0
POOLPIDM_01641	4
POOLPIDM_01642	8
POOLPIDM_01643	17
POOLPIDM_01644	20
POOLPIDM_01645	0
POOLPIDM_01646	8
POOLPIDM_01647	1
POOLPIDM_01648	2
POOLPIDM_01649	0
POOLPIDM_01650	0
POOLPIDM_01651	0
POOLPIDM_01668	97
POOLPIDM_01669	22
POOLPIDM_01670	201
POOLPIDM_01671	24
POOLPIDM_01672	148
POOLPIDM_01673	50
POOLPIDM_01674	346
POOLPIDM_01675	368
POOLPIDM_01676	56
POOLPIDM_01677	154
POOLPIDM_01678	151
POOLPIDM_01679	0
POOLPIDM_01680	395
POOLPIDM_01681	14
POOLPIDM_01682	4
POOLPIDM_01683	104
POOLPIDM_01684	9
POOLPIDM_01685	228
POOLPIDM_01686	3
POOLPIDM_01687	8
POOLPIDM_01688	132
POOLPIDM_01689	19
POOLPIDM_01690	1
POOLPIDM_01691	66
POOLPIDM_01692	130
POOLPIDM_01693	45
POOLPIDM_01694	106
POOLPIDM_01695	166
POOLPIDM_01696	152
POOLPIDM_01697	24
POOLPIDM_01698	154
POOLPIDM_01699	40
POOLPIDM_01700	462
POOLPIDM_01701	166
POOLPIDM_01702	432
POOLPIDM_01703	48
POOLPIDM_01704	59
POOLPIDM_01705	267
POOLPIDM_01706	292
POOLPIDM_01707	250
POOLPIDM_01708	52
POOLPIDM_01709	328
POOLPIDM_01710	186
POOLPIDM_01711	34
POOLPIDM_01712	41
POOLPIDM_01713	40
POOLPIDM_01714	24
POOLPIDM_01715	31
POOLPIDM_01716	1118
POOLPIDM_01717	169
POOLPIDM_01718	157
POOLPIDM_01719	9
POOLPIDM_01720	9
POOLPIDM_01721	136
POOLPIDM_01722	58
POOLPIDM_01723	18
POOLPIDM_01724	83
POOLPIDM_01725	57
POOLPIDM_01726	94
POOLPIDM_01727	9
POOLPIDM_01728	52
POOLPIDM_01729	9
POOLPIDM_01730	27
POOLPIDM_01731	53
POOLPIDM_01732	26
POOLPIDM_01733	243
POOLPIDM_01734	5
POOLPIDM_01735	19
POOLPIDM_01736	37
POOLPIDM_01737	70
POOLPIDM_01738	5
POOLPIDM_01739	0
POOLPIDM_01740	0
POOLPIDM_01741	25
POOLPIDM_01742	69
POOLPIDM_01743	25
POOLPIDM_01744	79
POOLPIDM_01745	47
POOLPIDM_01746	211
POOLPIDM_01747	53
POOLPIDM_01748	49
POOLPIDM_01749	2
POOLPIDM_01750	113
POOLPIDM_01751	20
POOLPIDM_01752	44
POOLPIDM_01753	39
POOLPIDM_01754	32
POOLPIDM_01755	43
POOLPIDM_01756	51
POOLPIDM_01757	42
POOLPIDM_01758	103
POOLPIDM_01759	16
POOLPIDM_01760	51
POOLPIDM_01761	1
POOLPIDM_01762	242
POOLPIDM_01763	58
POOLPIDM_01764	115
POOLPIDM_01765	67
POOLPIDM_01766	61
POOLPIDM_01767	86
POOLPIDM_01768	39
POOLPIDM_01769	134
POOLPIDM_01770	28
POOLPIDM_01771	38
POOLPIDM_01772	47
POOLPIDM_01773	28
POOLPIDM_01774	24
POOLPIDM_01775	38
POOLPIDM_01776	105
POOLPIDM_01777	78
POOLPIDM_01778	80
POOLPIDM_01779	19
POOLPIDM_01780	30
POOLPIDM_01781	14
POOLPIDM_01782	0
POOLPIDM_01783	0
POOLPIDM_01784	0
POOLPIDM_01785	0
POOLPIDM_01786	0
POOLPIDM_01787	0
POOLPIDM_01789	0
POOLPIDM_01790	0
POOLPIDM_01791	0
POOLPIDM_01792	0
POOLPIDM_01793	1
POOLPIDM_01794	0
POOLPIDM_01795	0
POOLPIDM_01796	0
POOLPIDM_01797	5
POOLPIDM_01798	4
POOLPIDM_01799	12
POOLPIDM_01800	0
POOLPIDM_01801	0
POOLPIDM_01802	0
POOLPIDM_01803	0
POOLPIDM_01804	1
POOLPIDM_01805	2
POOLPIDM_01806	2
POOLPIDM_01807	0
POOLPIDM_01808	1
POOLPIDM_01809	0
POOLPIDM_01810	55
POOLPIDM_01811	12
POOLPIDM_01812	2
POOLPIDM_01813	0
POOLPIDM_01814	0
POOLPIDM_01815	2
POOLPIDM_01816	4
POOLPIDM_01817	8
POOLPIDM_01818	0
POOLPIDM_01819	4
POOLPIDM_01820	57
POOLPIDM_01821	0
POOLPIDM_01822	0
POOLPIDM_01823	0
POOLPIDM_01824	0
POOLPIDM_01825	0
POOLPIDM_01826	0
POOLPIDM_01827	0
POOLPIDM_01828	0
POOLPIDM_01829	3
POOLPIDM_01830	0
POOLPIDM_01831	2
POOLPIDM_01832	1
POOLPIDM_01833	0
POOLPIDM_01834	0
POOLPIDM_01835	3
POOLPIDM_01836	0
POOLPIDM_01837	1
POOLPIDM_01838	0
POOLPIDM_01839	0
POOLPIDM_01840	0
POOLPIDM_01841	0
POOLPIDM_01842	0
POOLPIDM_01843	5
POOLPIDM_01844	0
POOLPIDM_01845	0
POOLPIDM_01846	13
POOLPIDM_01847	59
POOLPIDM_01848	184
POOLPIDM_01849	60
POOLPIDM_01850	8
POOLPIDM_01851	3
POOLPIDM_01852	5
POOLPIDM_01853	4
POOLPIDM_01854	52
POOLPIDM_01855	252
POOLPIDM_01856	30
POOLPIDM_01857	38
POOLPIDM_01858	36
POOLPIDM_01859	13
POOLPIDM_01860	73
POOLPIDM_01861	49
POOLPIDM_01862	47
POOLPIDM_01863	78
POOLPIDM_01864	23
POOLPIDM_01865	64
POOLPIDM_01866	32
POOLPIDM_01868	10
POOLPIDM_01869	21
POOLPIDM_01870	6
POOLPIDM_01871	1
POOLPIDM_01872	164
POOLPIDM_01873	42
POOLPIDM_01874	9
POOLPIDM_01875	1
POOLPIDM_01876	31
POOLPIDM_01877	2
POOLPIDM_01878	11
POOLPIDM_01879	140
POOLPIDM_01880	117
POOLPIDM_01881	214
POOLPIDM_01882	54
POOLPIDM_01883	6
POOLPIDM_01884	46
POOLPIDM_01885	6
POOLPIDM_01886	16
POOLPIDM_01887	8
POOLPIDM_01888	205
POOLPIDM_01889	457
POOLPIDM_01890	114
POOLPIDM_01891	224
POOLPIDM_01892	37
POOLPIDM_01893	23
POOLPIDM_01894	288
POOLPIDM_01895	34
POOLPIDM_01896	32
POOLPIDM_01897	2
POOLPIDM_01898	8
POOLPIDM_01899	56
POOLPIDM_01900	123
POOLPIDM_01901	21
POOLPIDM_01902	107
POOLPIDM_01903	52
POOLPIDM_01904	6
POOLPIDM_01905	24
POOLPIDM_01906	2
POOLPIDM_01907	4
POOLPIDM_01908	70
POOLPIDM_01909	17
POOLPIDM_01910	5
POOLPIDM_01911	21
POOLPIDM_01912	155
POOLPIDM_01913	97
POOLPIDM_01914	88
POOLPIDM_01915	24
POOLPIDM_01916	18
POOLPIDM_01917	13
POOLPIDM_01918	11
POOLPIDM_01919	4
POOLPIDM_01920	73
POOLPIDM_01921	2
POOLPIDM_01922	27
POOLPIDM_01923	42
POOLPIDM_01924	76
POOLPIDM_01925	148
POOLPIDM_01926	49
POOLPIDM_01927	9
POOLPIDM_01928	5
POOLPIDM_01929	20
POOLPIDM_01930	18
POOLPIDM_01931	151
POOLPIDM_01932	150
POOLPIDM_01933	260
POOLPIDM_01934	35
POOLPIDM_01935	52
POOLPIDM_01936	33
POOLPIDM_01937	13
POOLPIDM_01938	220
POOLPIDM_01939	8
POOLPIDM_01940	22
POOLPIDM_01941	1
POOLPIDM_01942	4
POOLPIDM_01943	310
POOLPIDM_01944	4
POOLPIDM_01945	21
POOLPIDM_01946	0
POOLPIDM_01947	19
POOLPIDM_01948	56
POOLPIDM_01949	15
POOLPIDM_01950	0
POOLPIDM_01951	0
POOLPIDM_01952	1
POOLPIDM_01953	1
POOLPIDM_01954	2
POOLPIDM_01955	2
POOLPIDM_01956	13
POOLPIDM_01957	42
POOLPIDM_01958	20
POOLPIDM_01959	17
POOLPIDM_01960	19
POOLPIDM_01961	1
POOLPIDM_01962	25
POOLPIDM_01963	20
POOLPIDM_01964	76
POOLPIDM_01965	47
POOLPIDM_01966	58
POOLPIDM_01967	9
POOLPIDM_01968	3
POOLPIDM_01969	7
POOLPIDM_01970	5
POOLPIDM_01971	1
POOLPIDM_01972	1
POOLPIDM_01973	1
POOLPIDM_01974	0
POOLPIDM_01975	11
POOLPIDM_01976	6
POOLPIDM_01977	3
POOLPIDM_01978	0
POOLPIDM_01979	1
POOLPIDM_01980	14
POOLPIDM_01981	4
POOLPIDM_01982	4
POOLPIDM_01983	5
POOLPIDM_01984	57
POOLPIDM_01985	60
POOLPIDM_01986	112
POOLPIDM_01987	252
POOLPIDM_01988	288
POOLPIDM_01989	36
POOLPIDM_01990	103
POOLPIDM_01991	67
POOLPIDM_01992	8
POOLPIDM_01993	24
POOLPIDM_01994	12
POOLPIDM_01995	23
POOLPIDM_01996	82
POOLPIDM_01997	17
POOLPIDM_01998	29
POOLPIDM_01999	13
POOLPIDM_02000	3
POOLPIDM_02001	4
POOLPIDM_02002	5
POOLPIDM_02003	33
POOLPIDM_02004	35
POOLPIDM_02005	6
POOLPIDM_02006	59
POOLPIDM_02007	65
POOLPIDM_02008	11
POOLPIDM_02009	4
POOLPIDM_02010	10
POOLPIDM_02011	0
POOLPIDM_02012	1
POOLPIDM_02013	22
POOLPIDM_02014	58
POOLPIDM_02015	0
POOLPIDM_02016	29
POOLPIDM_02017	313
POOLPIDM_02018	415
POOLPIDM_02019	340
POOLPIDM_02020	253
POOLPIDM_02021	131
POOLPIDM_02022	59
POOLPIDM_02023	146
POOLPIDM_02024	26
POOLPIDM_02025	72
POOLPIDM_02026	70
POOLPIDM_02027	4
POOLPIDM_02028	6
POOLPIDM_02029	7
POOLPIDM_02030	0
POOLPIDM_02031	109
POOLPIDM_02046	15
POOLPIDM_02047	1
POOLPIDM_02048	5
POOLPIDM_02049	21
POOLPIDM_02050	0
POOLPIDM_02051	24
POOLPIDM_02052	12
POOLPIDM_02053	4
POOLPIDM_02054	34
POOLPIDM_02055	29
POOLPIDM_02056	43
POOLPIDM_02057	34
POOLPIDM_02058	47
POOLPIDM_02059	21
POOLPIDM_02060	44
POOLPIDM_02061	8
POOLPIDM_02062	8
POOLPIDM_02063	20
POOLPIDM_02064	26
POOLPIDM_02065	4
POOLPIDM_02066	13
POOLPIDM_02067	5
POOLPIDM_02068	26
POOLPIDM_02069	9
POOLPIDM_02070	15
POOLPIDM_02071	108
POOLPIDM_02072	19
POOLPIDM_02073	318
POOLPIDM_02074	0
POOLPIDM_02075	0
POOLPIDM_02076	52
POOLPIDM_02077	11
POOLPIDM_02078	13
POOLPIDM_02079	12
POOLPIDM_02080	4
POOLPIDM_02081	14
POOLPIDM_02082	2
POOLPIDM_02083	38
POOLPIDM_02084	5
POOLPIDM_02085	10
POOLPIDM_02086	62
POOLPIDM_02087	103
POOLPIDM_02088	160
POOLPIDM_02089	18
POOLPIDM_02090	6
POOLPIDM_02091	1
POOLPIDM_02092	17
POOLPIDM_02093	61
POOLPIDM_02094	31
POOLPIDM_02095	51
POOLPIDM_02096	3
POOLPIDM_02097	91
POOLPIDM_02098	14
POOLPIDM_02099	55
POOLPIDM_02100	24
POOLPIDM_02101	5
POOLPIDM_02102	12
POOLPIDM_02103	76
POOLPIDM_02104	23
POOLPIDM_02105	3
POOLPIDM_02106	5
POOLPIDM_02107	22
POOLPIDM_02108	17
POOLPIDM_02109	1
POOLPIDM_02110	6
POOLPIDM_02111	115
POOLPIDM_02112	25
POOLPIDM_02113	68
POOLPIDM_02114	29
POOLPIDM_02115	28
POOLPIDM_02116	2
POOLPIDM_02117	9
POOLPIDM_02118	21
POOLPIDM_02119	8
POOLPIDM_02120	0
POOLPIDM_02121	28
POOLPIDM_02122	5
POOLPIDM_02123	25
POOLPIDM_02124	4
POOLPIDM_02125	44
POOLPIDM_02126	14
POOLPIDM_02127	173
POOLPIDM_02128	128
POOLPIDM_02129	63
POOLPIDM_02130	4
POOLPIDM_02131	11
POOLPIDM_02132	23
POOLPIDM_02133	18
POOLPIDM_02134	9
POOLPIDM_02135	2
POOLPIDM_02136	0
POOLPIDM_02137	3
POOLPIDM_02138	4
POOLPIDM_02139	29
POOLPIDM_02140	23
POOLPIDM_02141	16
POOLPIDM_02142	133
POOLPIDM_02143	42
POOLPIDM_02144	165
POOLPIDM_02145	67
POOLPIDM_02146	7
POOLPIDM_02147	15
POOLPIDM_02148	39
POOLPIDM_02149	49
POOLPIDM_02150	66
POOLPIDM_02151	41
POOLPIDM_02152	5
POOLPIDM_02153	1
POOLPIDM_02154	12
POOLPIDM_02155	31
POOLPIDM_02156	353
POOLPIDM_02157	4
POOLPIDM_02158	7
POOLPIDM_02159	1
POOLPIDM_02160	11
POOLPIDM_02161	7
POOLPIDM_02162	20
POOLPIDM_02163	25
POOLPIDM_02164	18
POOLPIDM_02165	0
POOLPIDM_02166	1
POOLPIDM_02167	9
POOLPIDM_02168	13
POOLPIDM_02169	2
POOLPIDM_02170	5
POOLPIDM_02171	3
POOLPIDM_02172	80
POOLPIDM_02173	17
POOLPIDM_02174	1
POOLPIDM_02175	0
POOLPIDM_02176	3
POOLPIDM_02177	5
POOLPIDM_02178	9
POOLPIDM_02179	5
POOLPIDM_02180	3
POOLPIDM_02181	2
POOLPIDM_02182	4
POOLPIDM_02183	39
POOLPIDM_02184	40
POOLPIDM_02185	1
POOLPIDM_02186	0
POOLPIDM_02187	7
POOLPIDM_02188	8
POOLPIDM_02189	7
POOLPIDM_02190	6
POOLPIDM_02191	5
POOLPIDM_02192	0
POOLPIDM_02193	30
POOLPIDM_02194	9
POOLPIDM_02195	10
POOLPIDM_02196	88
POOLPIDM_02197	96
POOLPIDM_02198	117
POOLPIDM_02199	20
POOLPIDM_02200	4
POOLPIDM_02201	31
POOLPIDM_02202	16
POOLPIDM_02203	0
POOLPIDM_02204	0
POOLPIDM_02205	2
POOLPIDM_02206	2
POOLPIDM_02207	29
POOLPIDM_02208	3
POOLPIDM_02209	2
POOLPIDM_02210	0
POOLPIDM_02211	47
POOLPIDM_02212	9
POOLPIDM_02213	5
POOLPIDM_02214	1
POOLPIDM_02215	34
POOLPIDM_02216	12
POOLPIDM_02217	5
POOLPIDM_02218	0
POOLPIDM_02219	1
POOLPIDM_02220	0
POOLPIDM_02221	3
POOLPIDM_02222	1
POOLPIDM_02223	0
POOLPIDM_02224	12
POOLPIDM_02225	0
POOLPIDM_02226	127
POOLPIDM_02227	63
POOLPIDM_02228	5
POOLPIDM_02229	0
POOLPIDM_02230	27
POOLPIDM_02231	4
POOLPIDM_02232	3
POOLPIDM_02233	61
POOLPIDM_02234	63
POOLPIDM_02235	82
POOLPIDM_02236	24
POOLPIDM_02237	13
POOLPIDM_02238	17
POOLPIDM_02239	5
POOLPIDM_02240	47
POOLPIDM_02241	14
POOLPIDM_02242	6
POOLPIDM_02243	140
POOLPIDM_02244	38
POOLPIDM_02245	6
POOLPIDM_02246	2
POOLPIDM_02247	16
POOLPIDM_02248	6
POOLPIDM_02249	66
POOLPIDM_02250	53
POOLPIDM_02251	43
POOLPIDM_02252	33
POOLPIDM_02253	168
POOLPIDM_02254	566
POOLPIDM_02255	132
POOLPIDM_02256	58
POOLPIDM_02257	34
POOLPIDM_02258	46
POOLPIDM_02259	31
POOLPIDM_02260	50
POOLPIDM_02261	433
POOLPIDM_02262	2
POOLPIDM_02263	55
POOLPIDM_02264	82
POOLPIDM_02265	63
POOLPIDM_02266	11
POOLPIDM_02267	9
POOLPIDM_02268	1
POOLPIDM_02269	2
POOLPIDM_02270	0
POOLPIDM_02271	4
POOLPIDM_02272	15
POOLPIDM_02273	450
POOLPIDM_02274	33
POOLPIDM_02275	0
POOLPIDM_02276	77
POOLPIDM_02277	29
POOLPIDM_02278	90
POOLPIDM_02279	128
POOLPIDM_02280	2
POOLPIDM_02281	57
POOLPIDM_02282	9
POOLPIDM_02283	20
POOLPIDM_02284	28
POOLPIDM_02285	37
POOLPIDM_02286	1
POOLPIDM_02287	1
POOLPIDM_02288	1
POOLPIDM_02289	1
POOLPIDM_02290	45
POOLPIDM_02291	151
POOLPIDM_02292	12
POOLPIDM_02293	11
POOLPIDM_02294	16
POOLPIDM_02295	26
POOLPIDM_02296	8
POOLPIDM_02297	133
POOLPIDM_02298	43
POOLPIDM_02299	63
POOLPIDM_02300	239
POOLPIDM_02301	12
POOLPIDM_02302	32
POOLPIDM_02303	21
POOLPIDM_02304	16
POOLPIDM_02305	5
POOLPIDM_02306	0
POOLPIDM_02307	43
POOLPIDM_02308	2
POOLPIDM_02309	21
POOLPIDM_02310	31
POOLPIDM_02311	7
POOLPIDM_02312	22
POOLPIDM_02313	40
POOLPIDM_02314	160
POOLPIDM_02315	6
POOLPIDM_02316	185
POOLPIDM_02317	84
POOLPIDM_02318	63
POOLPIDM_02319	77
POOLPIDM_02320	20
POOLPIDM_02321	15
POOLPIDM_02322	16
POOLPIDM_02323	11
POOLPIDM_02324	200
POOLPIDM_02325	145
POOLPIDM_02326	80
POOLPIDM_02327	794
POOLPIDM_02328	60
POOLPIDM_02329	15
POOLPIDM_02330	12
POOLPIDM_02331	32
POOLPIDM_02332	31
POOLPIDM_02333	136
POOLPIDM_02334	39
POOLPIDM_02335	5
POOLPIDM_02336	4
POOLPIDM_02337	66
POOLPIDM_02338	42
POOLPIDM_02339	68
POOLPIDM_02340	102
POOLPIDM_02341	0
POOLPIDM_02342	16
POOLPIDM_02343	20
POOLPIDM_02344	11
POOLPIDM_02345	3
POOLPIDM_02346	316
POOLPIDM_02347	17
POOLPIDM_02348	74
POOLPIDM_02349	32
POOLPIDM_02350	2
POOLPIDM_02351	24
POOLPIDM_02352	10
POOLPIDM_02353	8
POOLPIDM_02354	131
POOLPIDM_02355	0
POOLPIDM_02356	73
POOLPIDM_02357	16
POOLPIDM_02358	10
POOLPIDM_02359	18
POOLPIDM_02360	14
POOLPIDM_02361	1
POOLPIDM_02362	2
POOLPIDM_02363	5
POOLPIDM_02364	1
POOLPIDM_02365	22
POOLPIDM_02366	4
POOLPIDM_02367	15
POOLPIDM_02368	9
POOLPIDM_02369	13
POOLPIDM_02370	146
POOLPIDM_02371	40
POOLPIDM_02372	41
POOLPIDM_02373	141
POOLPIDM_02374	10
POOLPIDM_02375	140
POOLPIDM_02376	61
POOLPIDM_02377	39
POOLPIDM_02378	51
POOLPIDM_02379	38
POOLPIDM_02380	23
POOLPIDM_02381	19
POOLPIDM_02382	108
POOLPIDM_02383	56
POOLPIDM_02384	324
POOLPIDM_02385	28
POOLPIDM_02386	19
POOLPIDM_02387	89
POOLPIDM_02388	28
POOLPIDM_02389	8
POOLPIDM_02390	20
POOLPIDM_02391	14
POOLPIDM_02392	10
POOLPIDM_02393	10
POOLPIDM_02394	56
POOLPIDM_02395	74
POOLPIDM_02396	25
POOLPIDM_02397	29
POOLPIDM_02398	43
POOLPIDM_02399	60
POOLPIDM_02400	179
POOLPIDM_02401	537
POOLPIDM_02402	123
POOLPIDM_02403	515
POOLPIDM_02404	26
POOLPIDM_02405	321
POOLPIDM_02406	531
POOLPIDM_02407	1822
POOLPIDM_02408	153
POOLPIDM_02409	46
POOLPIDM_02410	357
POOLPIDM_02411	174
POOLPIDM_02412	266
POOLPIDM_02413	192
POOLPIDM_02414	879
POOLPIDM_02415	617
POOLPIDM_02416	178
POOLPIDM_02417	286
POOLPIDM_02418	488
POOLPIDM_02419	137
POOLPIDM_02420	248
POOLPIDM_02421	1100
POOLPIDM_02422	393
POOLPIDM_02423	82
POOLPIDM_02424	480
POOLPIDM_02425	78
POOLPIDM_02426	147
POOLPIDM_02427	274
POOLPIDM_02428	284
POOLPIDM_02429	1464
POOLPIDM_02430	1503
POOLPIDM_02431	155
POOLPIDM_02432	273
POOLPIDM_02433	31
POOLPIDM_02434	52
POOLPIDM_02435	560
POOLPIDM_02436	148
POOLPIDM_02437	63
POOLPIDM_02438	165
POOLPIDM_02439	96
POOLPIDM_02440	166
POOLPIDM_02441	150
POOLPIDM_02442	441
POOLPIDM_02443	46
POOLPIDM_02444	107
POOLPIDM_02445	56
POOLPIDM_02446	17
POOLPIDM_02447	59
POOLPIDM_02448	25
POOLPIDM_02449	434
POOLPIDM_02450	79
POOLPIDM_02451	8
POOLPIDM_02452	1
POOLPIDM_02453	3
POOLPIDM_02454	34
POOLPIDM_02455	25
POOLPIDM_02456	23
POOLPIDM_02457	0
POOLPIDM_02458	1
POOLPIDM_02459	11
POOLPIDM_02460	189
POOLPIDM_02461	75
POOLPIDM_02462	5
POOLPIDM_02463	0
POOLPIDM_02464	7
POOLPIDM_02465	52
POOLPIDM_02466	44
POOLPIDM_02467	36
POOLPIDM_02468	47
POOLPIDM_02469	93
POOLPIDM_02470	72
POOLPIDM_02471	66
POOLPIDM_02472	54
POOLPIDM_02473	15
POOLPIDM_02474	58
POOLPIDM_02475	32
POOLPIDM_02476	294
POOLPIDM_02477	238
POOLPIDM_02478	278
POOLPIDM_02479	190
POOLPIDM_02480	108
POOLPIDM_02481	3
POOLPIDM_02482	45
POOLPIDM_02483	48
POOLPIDM_02484	5
POOLPIDM_02485	19
POOLPIDM_02486	69
POOLPIDM_02487	54
POOLPIDM_02488	53
POOLPIDM_02489	49
POOLPIDM_02490	56
POOLPIDM_02491	40
POOLPIDM_02492	44
POOLPIDM_02493	73
POOLPIDM_02494	13
POOLPIDM_02495	100
POOLPIDM_02496	23
POOLPIDM_02497	215
POOLPIDM_02498	67
POOLPIDM_02499	50
POOLPIDM_02500	18
POOLPIDM_02510	5
POOLPIDM_02511	113
POOLPIDM_02512	20
POOLPIDM_02513	54
POOLPIDM_02514	91
POOLPIDM_02515	6
POOLPIDM_02516	22
POOLPIDM_02517	60
POOLPIDM_02518	88
POOLPIDM_02519	37
POOLPIDM_02520	79
POOLPIDM_02521	72
POOLPIDM_02522	153
POOLPIDM_02523	43
POOLPIDM_02524	46
POOLPIDM_02525	8
POOLPIDM_02526	51
POOLPIDM_02527	19
POOLPIDM_02528	607
POOLPIDM_02529	1045
POOLPIDM_02530	35
POOLPIDM_02531	5
POOLPIDM_02532	1
POOLPIDM_02533	23
POOLPIDM_02534	10
POOLPIDM_02535	2
POOLPIDM_02536	0
POOLPIDM_02537	4
POOLPIDM_02538	14
POOLPIDM_02539	20
POOLPIDM_02540	9
POOLPIDM_02541	15
POOLPIDM_02542	124
POOLPIDM_02543	55
POOLPIDM_02544	201
POOLPIDM_02545	262
POOLPIDM_02546	65
POOLPIDM_02547	54
POOLPIDM_02548	11
POOLPIDM_02549	5
POOLPIDM_02550	16
POOLPIDM_02551	8
POOLPIDM_02552	1
POOLPIDM_02553	2
POOLPIDM_02554	3
POOLPIDM_02555	24
POOLPIDM_02556	3
POOLPIDM_02557	7
POOLPIDM_02558	6
POOLPIDM_02559	17
POOLPIDM_02560	0
POOLPIDM_02561	0
POOLPIDM_02562	3
POOLPIDM_02563	1
POOLPIDM_02564	5
POOLPIDM_02565	0
POOLPIDM_02566	12
POOLPIDM_02567	1
POOLPIDM_02568	27
POOLPIDM_02569	13
POOLPIDM_02570	97
POOLPIDM_02571	18
POOLPIDM_02572	119
POOLPIDM_02573	3
POOLPIDM_02574	7
POOLPIDM_02575	3
POOLPIDM_02576	0
POOLPIDM_02577	0
POOLPIDM_02578	1
POOLPIDM_02579	9
POOLPIDM_02580	41
POOLPIDM_02581	2
POOLPIDM_02582	1
POOLPIDM_02583	1
POOLPIDM_02584	13
POOLPIDM_02585	14
POOLPIDM_02586	0
POOLPIDM_02587	4
POOLPIDM_02588	6
POOLPIDM_02589	43
POOLPIDM_02590	138
POOLPIDM_02591	0
POOLPIDM_02592	0
POOLPIDM_02593	103
POOLPIDM_02594	0
POOLPIDM_02595	0
POOLPIDM_02596	11
POOLPIDM_02597	34
POOLPIDM_02598	6
POOLPIDM_02599	51
POOLPIDM_02600	7
POOLPIDM_02601	6
POOLPIDM_02602	14
POOLPIDM_02603	8
POOLPIDM_02604	3
POOLPIDM_02605	2
POOLPIDM_02606	1
POOLPIDM_02607	0
POOLPIDM_02608	46
POOLPIDM_02609	13
POOLPIDM_02610	1
POOLPIDM_02611	7
POOLPIDM_02612	15
POOLPIDM_02613	47
POOLPIDM_02614	1
POOLPIDM_02615	108
POOLPIDM_02616	36
POOLPIDM_02617	0
POOLPIDM_02618	6
POOLPIDM_02619	2
POOLPIDM_02620	1
POOLPIDM_02621	3
POOLPIDM_02622	13
POOLPIDM_02623	3
POOLPIDM_02624	16
POOLPIDM_02625	4
POOLPIDM_02626	47
POOLPIDM_02627	1
POOLPIDM_02628	1
POOLPIDM_02629	6
POOLPIDM_02630	2
POOLPIDM_02631	3
POOLPIDM_02632	0
POOLPIDM_02633	4
POOLPIDM_02634	0
POOLPIDM_02635	0
POOLPIDM_02636	56
POOLPIDM_02637	152
POOLPIDM_02638	3
POOLPIDM_02639	0
POOLPIDM_02640	0
POOLPIDM_02641	4
POOLPIDM_02642	9
POOLPIDM_02643	4
POOLPIDM_02644	18
POOLPIDM_02645	7
POOLPIDM_02646	4
POOLPIDM_02647	26
POOLPIDM_02648	0
POOLPIDM_02649	0
POOLPIDM_02650	0
POOLPIDM_02651	16
POOLPIDM_02652	0
POOLPIDM_02653	4
POOLPIDM_02654	0
POOLPIDM_02655	236
POOLPIDM_02656	9
POOLPIDM_02657	1
POOLPIDM_02658	4
POOLPIDM_02659	3
POOLPIDM_02660	0
POOLPIDM_02661	0
POOLPIDM_02662	3
POOLPIDM_02663	11
POOLPIDM_02664	0
POOLPIDM_02665	8
POOLPIDM_02666	27
POOLPIDM_02667	5
POOLPIDM_02668	11
POOLPIDM_02669	16
POOLPIDM_02670	26
POOLPIDM_02671	177
POOLPIDM_02672	138
POOLPIDM_02673	226
POOLPIDM_02674	563
POOLPIDM_02675	71
POOLPIDM_02676	3
POOLPIDM_02677	7
POOLPIDM_02678	18
POOLPIDM_02679	62
POOLPIDM_02680	39
POOLPIDM_02681	4155
POOLPIDM_02682	94
POOLPIDM_02683	0
POOLPIDM_02684	1
POOLPIDM_02685	38
POOLPIDM_02686	2
POOLPIDM_02687	0
POOLPIDM_02688	2
POOLPIDM_02689	0
POOLPIDM_02690	26
POOLPIDM_02691	46
POOLPIDM_02692	2
POOLPIDM_02693	16
POOLPIDM_02694	82
POOLPIDM_02695	2
POOLPIDM_02696	13
POOLPIDM_02697	2
POOLPIDM_02698	0
POOLPIDM_02699	0
POOLPIDM_02700	5
POOLPIDM_02701	18
POOLPIDM_02702	35
POOLPIDM_02703	147
POOLPIDM_02704	515
POOLPIDM_02705	75
POOLPIDM_02706	104
POOLPIDM_02707	4
POOLPIDM_02708	4
POOLPIDM_02709	0
POOLPIDM_02710	12
POOLPIDM_02711	4
POOLPIDM_02712	19
POOLPIDM_02713	6
POOLPIDM_02714	30
POOLPIDM_02715	23
POOLPIDM_02716	0
POOLPIDM_02717	4
POOLPIDM_02718	7
POOLPIDM_02719	3
POOLPIDM_02720	0
POOLPIDM_02721	51
POOLPIDM_02722	63
POOLPIDM_02723	95
POOLPIDM_02724	24
POOLPIDM_02725	16
POOLPIDM_02726	1
POOLPIDM_02727	13
POOLPIDM_02728	4
POOLPIDM_02729	7
POOLPIDM_02730	1
POOLPIDM_02731	0
POOLPIDM_02732	18
POOLPIDM_02733	4
POOLPIDM_02734	8
POOLPIDM_02735	5
POOLPIDM_02736	0
POOLPIDM_02737	7
POOLPIDM_02738	2
POOLPIDM_02739	30
POOLPIDM_02740	0
POOLPIDM_02741	188
POOLPIDM_02742	42
POOLPIDM_02743	5
POOLPIDM_02744	4
POOLPIDM_02745	5
POOLPIDM_02746	3
POOLPIDM_02747	0
POOLPIDM_02748	1
POOLPIDM_02749	0
POOLPIDM_02750	0
POOLPIDM_02751	2
POOLPIDM_02752	3
POOLPIDM_02753	0
POOLPIDM_02754	27
POOLPIDM_02755	8
POOLPIDM_02756	1
POOLPIDM_02757	4
POOLPIDM_02758	2
POOLPIDM_02759	0
POOLPIDM_02760	0
POOLPIDM_02761	22
POOLPIDM_02762	2
POOLPIDM_02763	3
POOLPIDM_02764	0
POOLPIDM_02765	0
POOLPIDM_02766	0
POOLPIDM_02767	7
POOLPIDM_02768	0
POOLPIDM_02769	6
POOLPIDM_02770	14
POOLPIDM_02771	62
POOLPIDM_02772	38
POOLPIDM_02773	0
POOLPIDM_02774	5
POOLPIDM_02775	1
POOLPIDM_02776	55
POOLPIDM_02777	3
POOLPIDM_02778	28
POOLPIDM_02779	4
POOLPIDM_02780	1
POOLPIDM_02781	0
POOLPIDM_02782	0
POOLPIDM_02783	1
POOLPIDM_02784	8
POOLPIDM_02785	0
POOLPIDM_02786	2
POOLPIDM_02787	6
POOLPIDM_02788	2
POOLPIDM_02789	0
POOLPIDM_02790	6
POOLPIDM_02791	4
POOLPIDM_02792	0
POOLPIDM_02793	0
POOLPIDM_02794	2
POOLPIDM_02795	2
POOLPIDM_02796	125
POOLPIDM_02797	1
POOLPIDM_02798	6
POOLPIDM_02799	32
POOLPIDM_02800	7
POOLPIDM_02801	3
POOLPIDM_02802	14
POOLPIDM_02803	13
POOLPIDM_02804	113
POOLPIDM_02805	29
POOLPIDM_02806	8
POOLPIDM_02807	5
POOLPIDM_02808	1
POOLPIDM_02809	2
POOLPIDM_02810	0
POOLPIDM_02811	0
POOLPIDM_02812	1
POOLPIDM_02813	0
POOLPIDM_02814	1
POOLPIDM_02815	2
POOLPIDM_02816	1
POOLPIDM_02817	7
POOLPIDM_02818	2
POOLPIDM_02819	0
POOLPIDM_02820	10
POOLPIDM_02821	3
POOLPIDM_02822	1
POOLPIDM_02823	1
POOLPIDM_02824	62
POOLPIDM_02825	4
POOLPIDM_02826	8
POOLPIDM_02827	2
POOLPIDM_02828	7
POOLPIDM_02829	15
POOLPIDM_02830	43
POOLPIDM_02831	5
POOLPIDM_02832	59
POOLPIDM_02833	28
POOLPIDM_02834	44
POOLPIDM_02835	245
POOLPIDM_02836	13
POOLPIDM_02837	12
POOLPIDM_02838	1
POOLPIDM_02839	7
POOLPIDM_02840	7
POOLPIDM_02841	5
POOLPIDM_02842	6
POOLPIDM_02843	3
POOLPIDM_02844	1
POOLPIDM_02845	25
POOLPIDM_02846	3
POOLPIDM_02847	15
POOLPIDM_02848	12
POOLPIDM_02849	7
POOLPIDM_02850	97
POOLPIDM_02851	7
POOLPIDM_02852	6
POOLPIDM_02853	7
POOLPIDM_02854	33
POOLPIDM_02855	30
POOLPIDM_02856	12
POOLPIDM_02857	0
POOLPIDM_02858	7
POOLPIDM_02859	4
POOLPIDM_02860	105
POOLPIDM_02861	202
POOLPIDM_02862	62
POOLPIDM_02863	14
POOLPIDM_02864	72
POOLPIDM_02865	35
POOLPIDM_02866	140
POOLPIDM_02867	31
POOLPIDM_02868	52
POOLPIDM_02869	6
POOLPIDM_02870	26
POOLPIDM_02871	19
POOLPIDM_02872	0
POOLPIDM_02873	13
POOLPIDM_02874	19
POOLPIDM_02875	93
POOLPIDM_02876	26
POOLPIDM_02877	28
POOLPIDM_02878	34
POOLPIDM_02879	29
POOLPIDM_02880	60
POOLPIDM_02881	74
POOLPIDM_02882	156
POOLPIDM_02883	35
POOLPIDM_02884	77
POOLPIDM_02885	25
POOLPIDM_02886	16
POOLPIDM_02887	5
POOLPIDM_02888	16
POOLPIDM_02889	41
POOLPIDM_02890	98
POOLPIDM_02891	135
POOLPIDM_02892	35
POOLPIDM_02893	58
POOLPIDM_02894	21
POOLPIDM_02895	1
POOLPIDM_02896	27
POOLPIDM_02897	10
POOLPIDM_02898	333
POOLPIDM_02899	17
POOLPIDM_02900	86
POOLPIDM_02901	35
POOLPIDM_02902	58
POOLPIDM_02903	93
POOLPIDM_02904	53
POOLPIDM_02905	261
POOLPIDM_02906	24
POOLPIDM_02907	15
POOLPIDM_02908	57
POOLPIDM_02909	95
POOLPIDM_02910	12
POOLPIDM_02911	349
POOLPIDM_02912	266
POOLPIDM_02913	5
POOLPIDM_02914	21
POOLPIDM_02915	50
POOLPIDM_02916	282
POOLPIDM_02917	7
POOLPIDM_02918	101
POOLPIDM_02919	35
POOLPIDM_02920	13
POOLPIDM_02921	39
POOLPIDM_02922	61
POOLPIDM_02923	15
POOLPIDM_02924	26
POOLPIDM_02925	205
POOLPIDM_02926	32
POOLPIDM_02927	20
POOLPIDM_02928	192
POOLPIDM_02929	7
POOLPIDM_02930	1
POOLPIDM_02931	2
POOLPIDM_02932	0
POOLPIDM_02933	0
POOLPIDM_02934	0
POOLPIDM_02935	1
POOLPIDM_02936	1
POOLPIDM_02937	2
POOLPIDM_02938	3
POOLPIDM_02939	3
POOLPIDM_02940	0
POOLPIDM_02941	0
POOLPIDM_02942	9
POOLPIDM_02943	0
POOLPIDM_02944	0
POOLPIDM_02945	2
POOLPIDM_02946	2
POOLPIDM_02947	3
POOLPIDM_02948	22
POOLPIDM_02949	2
POOLPIDM_02950	3
POOLPIDM_02951	7
POOLPIDM_02952	14
POOLPIDM_02953	6
POOLPIDM_02954	9
POOLPIDM_02955	21
POOLPIDM_02956	0
POOLPIDM_02957	0
POOLPIDM_02958	42
POOLPIDM_02959	17
POOLPIDM_02960	5
POOLPIDM_02961	2
POOLPIDM_02962	0
POOLPIDM_02963	2
POOLPIDM_02964	21
POOLPIDM_02965	4
POOLPIDM_02966	13
POOLPIDM_02967	2
POOLPIDM_02968	23
POOLPIDM_02969	12
POOLPIDM_02970	2
POOLPIDM_02971	32
POOLPIDM_02972	23
POOLPIDM_02973	1
POOLPIDM_02974	0
POOLPIDM_02975	0
POOLPIDM_02976	3
POOLPIDM_02977	9
POOLPIDM_02978	2
POOLPIDM_02979	25
POOLPIDM_02980	0
POOLPIDM_02981	0
POOLPIDM_02982	0
POOLPIDM_02983	3
POOLPIDM_02984	0
POOLPIDM_02985	4
POOLPIDM_02986	4
POOLPIDM_02987	12
POOLPIDM_02988	3
POOLPIDM_02989	2
POOLPIDM_02990	2
POOLPIDM_02991	4
POOLPIDM_02992	3
POOLPIDM_02993	0
POOLPIDM_02994	0
POOLPIDM_02995	1
POOLPIDM_02996	5
POOLPIDM_02997	0
POOLPIDM_02998	0
POOLPIDM_02999	1
POOLPIDM_03000	1
POOLPIDM_03001	4
POOLPIDM_03002	3
POOLPIDM_03003	0
POOLPIDM_03004	0
POOLPIDM_03005	0
POOLPIDM_03006	0
POOLPIDM_03007	0
POOLPIDM_03008	0
POOLPIDM_03009	0
POOLPIDM_03010	0
POOLPIDM_03011	0
POOLPIDM_03012	0
POOLPIDM_03013	6
POOLPIDM_03014	19
POOLPIDM_03015	3
POOLPIDM_03016	0
POOLPIDM_03017	3
POOLPIDM_03018	0
POOLPIDM_03019	38
POOLPIDM_03020	176
POOLPIDM_03021	36
POOLPIDM_03022	92
POOLPIDM_03023	4
POOLPIDM_03024	0
POOLPIDM_03025	57
POOLPIDM_03026	173
POOLPIDM_03027	9
POOLPIDM_03028	4
POOLPIDM_03029	12
POOLPIDM_03030	54
POOLPIDM_03031	252
POOLPIDM_03032	26
POOLPIDM_03033	3
POOLPIDM_03034	38
POOLPIDM_03035	0
POOLPIDM_03036	5
POOLPIDM_03037	0
POOLPIDM_03038	23
POOLPIDM_03039	4
POOLPIDM_03040	90
POOLPIDM_03041	546
POOLPIDM_03042	189
POOLPIDM_03043	0
POOLPIDM_03044	0
POOLPIDM_03045	0
POOLPIDM_03046	0
POOLPIDM_03047	0
POOLPIDM_03048	0
POOLPIDM_03049	0
POOLPIDM_03050	0
POOLPIDM_03051	0
POOLPIDM_03052	0
POOLPIDM_03053	0
POOLPIDM_03054	1
POOLPIDM_03055	3
POOLPIDM_03056	1
POOLPIDM_03057	54
POOLPIDM_03058	0
POOLPIDM_03059	0
POOLPIDM_03060	16
POOLPIDM_03061	36
POOLPIDM_03062	1
POOLPIDM_03063	29
POOLPIDM_03064	22
POOLPIDM_03065	5
POOLPIDM_03066	1
POOLPIDM_03067	0
POOLPIDM_03068	0
POOLPIDM_03069	14
POOLPIDM_03070	6
POOLPIDM_03071	0
POOLPIDM_03072	42
POOLPIDM_03073	6
POOLPIDM_03074	2
POOLPIDM_03075	37
POOLPIDM_03076	63
POOLPIDM_03077	7
POOLPIDM_03078	8
POOLPIDM_03079	0
POOLPIDM_03080	2
POOLPIDM_03081	18
POOLPIDM_03082	6
POOLPIDM_03083	79
POOLPIDM_03084	1
POOLPIDM_03085	0
POOLPIDM_03086	0
POOLPIDM_03087	0
POOLPIDM_03088	0
POOLPIDM_03089	0
POOLPIDM_03090	5
POOLPIDM_03091	1
POOLPIDM_03092	0
POOLPIDM_03093	3
POOLPIDM_03094	9
POOLPIDM_03095	239
POOLPIDM_03096	16
POOLPIDM_03097	35
POOLPIDM_03098	0
POOLPIDM_03099	1
POOLPIDM_03100	12
POOLPIDM_03101	0
POOLPIDM_03102	1
POOLPIDM_03103	0
POOLPIDM_03104	6
POOLPIDM_03105	52
POOLPIDM_03106	5
POOLPIDM_03107	16
POOLPIDM_03108	43
POOLPIDM_03109	4
POOLPIDM_03110	0
POOLPIDM_03111	0
POOLPIDM_03112	3
POOLPIDM_03113	72
POOLPIDM_03114	4
POOLPIDM_03115	12
POOLPIDM_03116	0
POOLPIDM_03117	7
POOLPIDM_03118	11
POOLPIDM_03119	1
POOLPIDM_03120	171
POOLPIDM_03121	155
POOLPIDM_03122	111
POOLPIDM_03123	11
POOLPIDM_03124	3
POOLPIDM_03125	5
POOLPIDM_03126	43
POOLPIDM_03127	40
POOLPIDM_03128	113
POOLPIDM_03129	10
POOLPIDM_03130	1
POOLPIDM_03131	0
POOLPIDM_03132	7
POOLPIDM_03133	37
POOLPIDM_03134	26
POOLPIDM_03135	11
POOLPIDM_03136	3
POOLPIDM_03137	0
POOLPIDM_03138	9
__no_feature	13330948
__ambiguous	10708
__too_low_aQual	148706
__not_aligned	122366
__alignment_not_unique	0
