POOLPIDM_00001	0
POOLPIDM_00002	1
POOLPIDM_00003	15
POOLPIDM_00004	2
POOLPIDM_00005	30
POOLPIDM_00006	7
POOLPIDM_00007	3
POOLPIDM_00008	7
POOLPIDM_00009	5
POOLPIDM_00010	5
POOLPIDM_00011	7
POOLPIDM_00012	13
POOLPIDM_00013	6
POOLPIDM_00014	0
POOLPIDM_00015	4
POOLPIDM_00016	0
POOLPIDM_00017	0
POOLPIDM_00018	0
POOLPIDM_00019	6
POOLPIDM_00020	21
POOLPIDM_00021	12
POOLPIDM_00022	113
POOLPIDM_00023	42
POOLPIDM_00024	69
POOLPIDM_00025	3
POOLPIDM_00026	0
POOLPIDM_00027	8
POOLPIDM_00028	8
POOLPIDM_00029	9
POOLPIDM_00030	24
POOLPIDM_00031	11
POOLPIDM_00032	36
POOLPIDM_00033	4
POOLPIDM_00034	9
POOLPIDM_00035	266
POOLPIDM_00036	39
POOLPIDM_00037	28
POOLPIDM_00038	46
POOLPIDM_00039	16
POOLPIDM_00040	70
POOLPIDM_00041	3
POOLPIDM_00042	3
POOLPIDM_00043	63
POOLPIDM_00044	45
POOLPIDM_00045	4
POOLPIDM_00046	30
POOLPIDM_00047	41
POOLPIDM_00048	8
POOLPIDM_00049	20
POOLPIDM_00050	7
POOLPIDM_00051	3
POOLPIDM_00052	5
POOLPIDM_00053	5
POOLPIDM_00054	22
POOLPIDM_00055	7
POOLPIDM_00056	70
POOLPIDM_00057	57
POOLPIDM_00058	30
POOLPIDM_00059	274
POOLPIDM_00060	22
POOLPIDM_00061	1
POOLPIDM_00062	1
POOLPIDM_00063	45
POOLPIDM_00064	1
POOLPIDM_00065	0
POOLPIDM_00066	1
POOLPIDM_00067	0
POOLPIDM_00068	0
POOLPIDM_00069	5
POOLPIDM_00070	7
POOLPIDM_00071	59
POOLPIDM_00072	0
POOLPIDM_00073	17
POOLPIDM_00074	13
POOLPIDM_00075	1
POOLPIDM_00076	4
POOLPIDM_00077	9
POOLPIDM_00078	1
POOLPIDM_00079	9
POOLPIDM_00080	11
POOLPIDM_00081	8
POOLPIDM_00082	14
POOLPIDM_00083	42
POOLPIDM_00084	7
POOLPIDM_00085	102
POOLPIDM_00086	0
POOLPIDM_00087	3
POOLPIDM_00088	14
POOLPIDM_00089	13
POOLPIDM_00090	0
POOLPIDM_00091	5
POOLPIDM_00092	6
POOLPIDM_00093	0
POOLPIDM_00094	6
POOLPIDM_00095	0
POOLPIDM_00096	2
POOLPIDM_00097	5
POOLPIDM_00098	3
POOLPIDM_00099	3
POOLPIDM_00100	19
POOLPIDM_00101	6
POOLPIDM_00102	3
POOLPIDM_00103	9
POOLPIDM_00104	58
POOLPIDM_00105	74
POOLPIDM_00106	24
POOLPIDM_00107	6
POOLPIDM_00108	8
POOLPIDM_00109	864
POOLPIDM_00110	4
POOLPIDM_00111	7
POOLPIDM_00112	5
POOLPIDM_00113	20
POOLPIDM_00114	314
POOLPIDM_00115	44
POOLPIDM_00116	11
POOLPIDM_00117	7
POOLPIDM_00118	81
POOLPIDM_00119	13
POOLPIDM_00120	13
POOLPIDM_00121	7
POOLPIDM_00122	20
POOLPIDM_00123	34
POOLPIDM_00124	89
POOLPIDM_00125	10
POOLPIDM_00126	32
POOLPIDM_00127	16
POOLPIDM_00128	23
POOLPIDM_00129	3
POOLPIDM_00130	13
POOLPIDM_00131	22
POOLPIDM_00132	16
POOLPIDM_00133	29
POOLPIDM_00134	1
POOLPIDM_00135	2
POOLPIDM_00136	4
POOLPIDM_00137	4
POOLPIDM_00138	32
POOLPIDM_00139	14
POOLPIDM_00140	26
POOLPIDM_00141	2
POOLPIDM_00142	17
POOLPIDM_00143	7
POOLPIDM_00144	32
POOLPIDM_00145	23
POOLPIDM_00146	29
POOLPIDM_00147	19
POOLPIDM_00148	8
POOLPIDM_00149	0
POOLPIDM_00150	4
POOLPIDM_00151	5
POOLPIDM_00152	48
POOLPIDM_00153	10
POOLPIDM_00154	50
POOLPIDM_00155	7
POOLPIDM_00156	13
POOLPIDM_00157	5
POOLPIDM_00158	6
POOLPIDM_00159	8
POOLPIDM_00160	0
POOLPIDM_00161	7
POOLPIDM_00162	3
POOLPIDM_00163	8
POOLPIDM_00164	26
POOLPIDM_00165	14
POOLPIDM_00166	16
POOLPIDM_00167	6
POOLPIDM_00168	17
POOLPIDM_00169	0
POOLPIDM_00170	4
POOLPIDM_00171	1
POOLPIDM_00172	5
POOLPIDM_00173	5
POOLPIDM_00174	0
POOLPIDM_00175	10
POOLPIDM_00176	0
POOLPIDM_00177	18
POOLPIDM_00178	74
POOLPIDM_00179	0
POOLPIDM_00180	88
POOLPIDM_00181	190
POOLPIDM_00182	4
POOLPIDM_00183	8
POOLPIDM_00184	95
POOLPIDM_00185	40
POOLPIDM_00186	21
POOLPIDM_00187	10
POOLPIDM_00188	0
POOLPIDM_00189	3
POOLPIDM_00190	1
POOLPIDM_00191	7
POOLPIDM_00192	36
POOLPIDM_00193	55
POOLPIDM_00194	1
POOLPIDM_00195	7
POOLPIDM_00196	42
POOLPIDM_00197	23
POOLPIDM_00198	27
POOLPIDM_00199	19
POOLPIDM_00200	4
POOLPIDM_00201	26
POOLPIDM_00202	14
POOLPIDM_00203	7
POOLPIDM_00204	8
POOLPIDM_00205	70
POOLPIDM_00206	4
POOLPIDM_00207	11
POOLPIDM_00208	8
POOLPIDM_00209	7
POOLPIDM_00210	44
POOLPIDM_00211	4
POOLPIDM_00212	49
POOLPIDM_00213	0
POOLPIDM_00214	10
POOLPIDM_00215	12
POOLPIDM_00216	2
POOLPIDM_00217	36
POOLPIDM_00218	22
POOLPIDM_00219	25
POOLPIDM_00220	14
POOLPIDM_00221	33
POOLPIDM_00222	76
POOLPIDM_00223	0
POOLPIDM_00224	1
POOLPIDM_00226	5
POOLPIDM_00227	68
POOLPIDM_00228	7
POOLPIDM_00229	60
POOLPIDM_00230	10
POOLPIDM_00231	19
POOLPIDM_00232	29
POOLPIDM_00233	37
POOLPIDM_00234	162
POOLPIDM_00235	32
POOLPIDM_00236	40
POOLPIDM_00237	10
POOLPIDM_00238	1
POOLPIDM_00239	35
POOLPIDM_00240	129
POOLPIDM_00241	6
POOLPIDM_00242	15
POOLPIDM_00243	21
POOLPIDM_00244	0
POOLPIDM_00245	26
POOLPIDM_00246	22
POOLPIDM_00247	3
POOLPIDM_00248	39
POOLPIDM_00249	23
POOLPIDM_00250	66
POOLPIDM_00251	0
POOLPIDM_00252	10
POOLPIDM_00253	57
POOLPIDM_00254	10
POOLPIDM_00255	45
POOLPIDM_00256	6
POOLPIDM_00257	22
POOLPIDM_00258	17
POOLPIDM_00259	40
POOLPIDM_00260	119
POOLPIDM_00261	85
POOLPIDM_00262	306
POOLPIDM_00263	93
POOLPIDM_00264	109
POOLPIDM_00265	113
POOLPIDM_00266	23
POOLPIDM_00267	29
POOLPIDM_00268	4
POOLPIDM_00269	11
POOLPIDM_00270	5
POOLPIDM_00271	11
POOLPIDM_00272	8
POOLPIDM_00273	28
POOLPIDM_00274	15
POOLPIDM_00275	16
POOLPIDM_00276	102
POOLPIDM_00277	0
POOLPIDM_00278	0
POOLPIDM_00279	3
POOLPIDM_00280	39
POOLPIDM_00281	5
POOLPIDM_00283	6
POOLPIDM_00284	243
POOLPIDM_00285	331
POOLPIDM_00286	59
POOLPIDM_00287	22
POOLPIDM_00288	2
POOLPIDM_00289	0
POOLPIDM_00290	15
POOLPIDM_00291	0
POOLPIDM_00292	0
POOLPIDM_00293	15
POOLPIDM_00294	786
POOLPIDM_00295	14
POOLPIDM_00296	4
POOLPIDM_00297	0
POOLPIDM_00298	1
POOLPIDM_00299	0
POOLPIDM_00300	0
POOLPIDM_00301	0
POOLPIDM_00302	0
POOLPIDM_00303	0
POOLPIDM_00304	0
POOLPIDM_00305	0
POOLPIDM_00306	0
POOLPIDM_00307	0
POOLPIDM_00308	0
POOLPIDM_00309	0
POOLPIDM_00310	0
POOLPIDM_00311	0
POOLPIDM_00312	0
POOLPIDM_00313	0
POOLPIDM_00314	1
POOLPIDM_00315	0
POOLPIDM_00316	1
POOLPIDM_00317	3
POOLPIDM_00318	1
POOLPIDM_00319	2
POOLPIDM_00320	3
POOLPIDM_00321	5
POOLPIDM_00322	0
POOLPIDM_00323	0
POOLPIDM_00324	0
POOLPIDM_00325	2
POOLPIDM_00326	8
POOLPIDM_00327	0
POOLPIDM_00328	30
POOLPIDM_00329	1
POOLPIDM_00330	4
POOLPIDM_00331	22
POOLPIDM_00332	2
POOLPIDM_00333	2
POOLPIDM_00334	0
POOLPIDM_00335	0
POOLPIDM_00336	0
POOLPIDM_00337	0
POOLPIDM_00339	0
POOLPIDM_00340	0
POOLPIDM_00341	0
POOLPIDM_00342	0
POOLPIDM_00343	0
POOLPIDM_00344	0
POOLPIDM_00345	5
POOLPIDM_00346	9
POOLPIDM_00347	0
POOLPIDM_00348	2
POOLPIDM_00349	2
POOLPIDM_00350	17
POOLPIDM_00351	1
POOLPIDM_00352	15
POOLPIDM_00353	52
POOLPIDM_00354	11
POOLPIDM_00355	1
POOLPIDM_00356	20
POOLPIDM_00357	37
POOLPIDM_00358	22
POOLPIDM_00359	7
POOLPIDM_00360	16
POOLPIDM_00361	2
POOLPIDM_00362	5
POOLPIDM_00363	219
POOLPIDM_00364	1
POOLPIDM_00365	0
POOLPIDM_00366	0
POOLPIDM_00367	6
POOLPIDM_00368	7
POOLPIDM_00369	6
POOLPIDM_00370	1
POOLPIDM_00371	12
POOLPIDM_00372	14
POOLPIDM_00373	51
POOLPIDM_00374	7
POOLPIDM_00375	2
POOLPIDM_00376	0
POOLPIDM_00377	9
POOLPIDM_00378	1
POOLPIDM_00379	20
POOLPIDM_00380	8
POOLPIDM_00381	14
POOLPIDM_00382	28
POOLPIDM_00383	1
POOLPIDM_00384	7
POOLPIDM_00385	17
POOLPIDM_00386	1
POOLPIDM_00387	0
POOLPIDM_00388	0
POOLPIDM_00389	1
POOLPIDM_00390	3
POOLPIDM_00391	12
POOLPIDM_00392	5
POOLPIDM_00393	4
POOLPIDM_00394	4
POOLPIDM_00395	19
POOLPIDM_00396	34
POOLPIDM_00397	25
POOLPIDM_00398	19
POOLPIDM_00399	84
POOLPIDM_00400	1
POOLPIDM_00401	0
POOLPIDM_00402	2
POOLPIDM_00403	6
POOLPIDM_00404	2
POOLPIDM_00405	1
POOLPIDM_00406	0
POOLPIDM_00407	41
POOLPIDM_00408	25
POOLPIDM_00409	56
POOLPIDM_00410	17
POOLPIDM_00412	46
POOLPIDM_00413	2
POOLPIDM_00414	1
POOLPIDM_00415	44
POOLPIDM_00416	58
POOLPIDM_00417	2
POOLPIDM_00418	0
POOLPIDM_00419	5
POOLPIDM_00420	7
POOLPIDM_00421	20
POOLPIDM_00422	29
POOLPIDM_00423	165
POOLPIDM_00424	2
POOLPIDM_00425	398
POOLPIDM_00426	8693
POOLPIDM_00427	118
POOLPIDM_00428	80
POOLPIDM_00429	179
POOLPIDM_00430	195
POOLPIDM_00431	261
POOLPIDM_00432	69
POOLPIDM_00433	21
POOLPIDM_00434	102
POOLPIDM_00435	11
POOLPIDM_00436	8
POOLPIDM_00437	5
POOLPIDM_00438	1
POOLPIDM_00439	15
POOLPIDM_00440	37
POOLPIDM_00441	610
POOLPIDM_00442	1
POOLPIDM_00443	275
POOLPIDM_00444	47
POOLPIDM_00445	118
POOLPIDM_00446	0
POOLPIDM_00447	1
POOLPIDM_00448	0
POOLPIDM_00449	0
POOLPIDM_00450	2
POOLPIDM_00451	0
POOLPIDM_00452	1
POOLPIDM_00453	0
POOLPIDM_00454	12
POOLPIDM_00455	24
POOLPIDM_00456	17
POOLPIDM_00457	9
POOLPIDM_00458	2
POOLPIDM_00459	33
POOLPIDM_00460	24
POOLPIDM_00461	37
POOLPIDM_00462	1
POOLPIDM_00463	1
POOLPIDM_00464	63
POOLPIDM_00465	0
POOLPIDM_00466	7
POOLPIDM_00467	7
POOLPIDM_00468	9
POOLPIDM_00469	9
POOLPIDM_00470	50
POOLPIDM_00471	4
POOLPIDM_00472	0
POOLPIDM_00473	6
POOLPIDM_00474	8
POOLPIDM_00475	75
POOLPIDM_00476	4
POOLPIDM_00477	0
POOLPIDM_00478	7
POOLPIDM_00479	6
POOLPIDM_00480	14
POOLPIDM_00481	4
POOLPIDM_00482	7
POOLPIDM_00483	23
POOLPIDM_00484	10
POOLPIDM_00485	162
POOLPIDM_00486	7
POOLPIDM_00487	8
POOLPIDM_00489	0
POOLPIDM_00490	0
POOLPIDM_00491	5
POOLPIDM_00492	126
POOLPIDM_00495	22
POOLPIDM_00496	32
POOLPIDM_00497	11
POOLPIDM_00498	7
POOLPIDM_00499	139
POOLPIDM_00500	7
POOLPIDM_00501	12
POOLPIDM_00502	5
POOLPIDM_00503	56
POOLPIDM_00504	6
POOLPIDM_00505	18
POOLPIDM_00506	4
POOLPIDM_00507	75
POOLPIDM_00508	20
POOLPIDM_00509	5
POOLPIDM_00510	2
POOLPIDM_00511	36
POOLPIDM_00512	52
POOLPIDM_00513	5
POOLPIDM_00514	8
POOLPIDM_00515	8
POOLPIDM_00516	0
POOLPIDM_00517	6
POOLPIDM_00518	21
POOLPIDM_00519	10
POOLPIDM_00520	3
POOLPIDM_00521	13
POOLPIDM_00522	77
POOLPIDM_00523	161
POOLPIDM_00524	30
POOLPIDM_00525	9
POOLPIDM_00526	19
POOLPIDM_00527	6
POOLPIDM_00528	9
POOLPIDM_00529	4
POOLPIDM_00530	5
POOLPIDM_00531	14
POOLPIDM_00532	42
POOLPIDM_00533	47
POOLPIDM_00534	13
POOLPIDM_00535	1
POOLPIDM_00536	2
POOLPIDM_00537	1
POOLPIDM_00538	3
POOLPIDM_00539	214
POOLPIDM_00540	9
POOLPIDM_00541	8
POOLPIDM_00543	11
POOLPIDM_00544	19
POOLPIDM_00545	78
POOLPIDM_00546	63
POOLPIDM_00547	323
POOLPIDM_00548	3
POOLPIDM_00549	1
POOLPIDM_00550	0
POOLPIDM_00551	0
POOLPIDM_00552	0
POOLPIDM_00553	0
POOLPIDM_00554	0
POOLPIDM_00555	2
POOLPIDM_00556	0
POOLPIDM_00557	0
POOLPIDM_00558	0
POOLPIDM_00559	0
POOLPIDM_00560	2
POOLPIDM_00561	0
POOLPIDM_00562	14
POOLPIDM_00563	83
POOLPIDM_00564	24
POOLPIDM_00565	1
POOLPIDM_00566	2
POOLPIDM_00567	1
POOLPIDM_00568	0
POOLPIDM_00569	18
POOLPIDM_00570	22
POOLPIDM_00571	1
POOLPIDM_00572	3
POOLPIDM_00573	1
POOLPIDM_00574	2
POOLPIDM_00575	0
POOLPIDM_00576	20
POOLPIDM_00577	20
POOLPIDM_00578	17
POOLPIDM_00579	3
POOLPIDM_00580	8
POOLPIDM_00581	12
POOLPIDM_00582	89
POOLPIDM_00583	3
POOLPIDM_00584	4
POOLPIDM_00585	4
POOLPIDM_00586	32
POOLPIDM_00587	15
POOLPIDM_00588	14
POOLPIDM_00589	12
POOLPIDM_00590	51
POOLPIDM_00591	164
POOLPIDM_00592	343
POOLPIDM_00593	14
POOLPIDM_00594	22
POOLPIDM_00595	3
POOLPIDM_00596	6
POOLPIDM_00597	23
POOLPIDM_00598	11
POOLPIDM_00599	78
POOLPIDM_00600	150
POOLPIDM_00601	43
POOLPIDM_00602	15
POOLPIDM_00603	15
POOLPIDM_00604	0
POOLPIDM_00605	1
POOLPIDM_00606	33
POOLPIDM_00607	3
POOLPIDM_00608	26
POOLPIDM_00609	65
POOLPIDM_00610	27
POOLPIDM_00611	3
POOLPIDM_00612	41
POOLPIDM_00613	3
POOLPIDM_00614	12
POOLPIDM_00615	24
POOLPIDM_00617	13
POOLPIDM_00618	8
POOLPIDM_00619	193
POOLPIDM_00620	99
POOLPIDM_00621	178
POOLPIDM_00622	158
POOLPIDM_00623	1
POOLPIDM_00624	0
POOLPIDM_00625	5
POOLPIDM_00626	14
POOLPIDM_00627	48
POOLPIDM_00628	34
POOLPIDM_00629	10
POOLPIDM_00630	13
POOLPIDM_00631	1
POOLPIDM_00632	11
POOLPIDM_00633	73
POOLPIDM_00634	4
POOLPIDM_00635	12
POOLPIDM_00636	10
POOLPIDM_00637	18
POOLPIDM_00638	18
POOLPIDM_00639	68
POOLPIDM_00640	63
POOLPIDM_00641	77
POOLPIDM_00642	21
POOLPIDM_00643	5
POOLPIDM_00644	37
POOLPIDM_00645	5
POOLPIDM_00646	3
POOLPIDM_00647	1
POOLPIDM_00648	2
POOLPIDM_00649	2
POOLPIDM_00652	18
POOLPIDM_00653	36
POOLPIDM_00654	60
POOLPIDM_00655	1
POOLPIDM_00656	1
POOLPIDM_00657	1
POOLPIDM_00658	1
POOLPIDM_00659	126
POOLPIDM_00660	106
POOLPIDM_00661	5
POOLPIDM_00662	20
POOLPIDM_00663	45
POOLPIDM_00664	26
POOLPIDM_00665	7
POOLPIDM_00666	15
POOLPIDM_00667	8
POOLPIDM_00668	21
POOLPIDM_00669	15
POOLPIDM_00670	20
POOLPIDM_00671	1
POOLPIDM_00672	2
POOLPIDM_00673	35
POOLPIDM_00674	28
POOLPIDM_00675	11
POOLPIDM_00676	0
POOLPIDM_00677	12
POOLPIDM_00678	10
POOLPIDM_00679	55
POOLPIDM_00680	39
POOLPIDM_00681	8
POOLPIDM_00682	91
POOLPIDM_00683	136
POOLPIDM_00684	44
POOLPIDM_00685	126
POOLPIDM_00686	3
POOLPIDM_00687	3
POOLPIDM_00688	22
POOLPIDM_00689	7
POOLPIDM_00690	1
POOLPIDM_00691	25
POOLPIDM_00692	14
POOLPIDM_00693	12
POOLPIDM_00694	13
POOLPIDM_00695	7
POOLPIDM_00696	3
POOLPIDM_00697	6
POOLPIDM_00698	15
POOLPIDM_00699	28
POOLPIDM_00700	0
POOLPIDM_00701	15
POOLPIDM_00702	0
POOLPIDM_00703	68
POOLPIDM_00704	56
POOLPIDM_00705	82
POOLPIDM_00706	11
POOLPIDM_00707	53
POOLPIDM_00708	5
POOLPIDM_00709	3
POOLPIDM_00710	44
POOLPIDM_00711	3
POOLPIDM_00712	1
POOLPIDM_00713	11
POOLPIDM_00714	3
POOLPIDM_00715	11
POOLPIDM_00716	16
POOLPIDM_00717	8
POOLPIDM_00718	1
POOLPIDM_00719	22
POOLPIDM_00720	1
POOLPIDM_00721	4
POOLPIDM_00722	17
POOLPIDM_00723	11
POOLPIDM_00724	5
POOLPIDM_00725	1
POOLPIDM_00726	5
POOLPIDM_00727	1
POOLPIDM_00728	27
POOLPIDM_00729	52
POOLPIDM_00730	76
POOLPIDM_00731	6
POOLPIDM_00732	20
POOLPIDM_00733	5
POOLPIDM_00734	1
POOLPIDM_00735	0
POOLPIDM_00736	3
POOLPIDM_00737	0
POOLPIDM_00738	2
POOLPIDM_00739	6
POOLPIDM_00740	10
POOLPIDM_00741	3
POOLPIDM_00742	34
POOLPIDM_00743	16
POOLPIDM_00744	36
POOLPIDM_00745	26
POOLPIDM_00746	10
POOLPIDM_00747	3
POOLPIDM_00748	44
POOLPIDM_00749	0
POOLPIDM_00750	1
POOLPIDM_00751	26
POOLPIDM_00752	3
POOLPIDM_00753	9
POOLPIDM_00754	11
POOLPIDM_00755	30
POOLPIDM_00756	5
POOLPIDM_00757	1
POOLPIDM_00758	0
POOLPIDM_00759	12
POOLPIDM_00760	60
POOLPIDM_00761	1
POOLPIDM_00762	2
POOLPIDM_00763	4
POOLPIDM_00764	0
POOLPIDM_00765	14
POOLPIDM_00766	13
POOLPIDM_00767	20
POOLPIDM_00768	34
POOLPIDM_00769	9
POOLPIDM_00770	4
POOLPIDM_00771	3
POOLPIDM_00772	1
POOLPIDM_00773	2
POOLPIDM_00774	8
POOLPIDM_00775	115
POOLPIDM_00776	0
POOLPIDM_00777	0
POOLPIDM_00778	0
POOLPIDM_00779	0
POOLPIDM_00780	1
POOLPIDM_00781	2
POOLPIDM_00782	1
POOLPIDM_00783	7
POOLPIDM_00784	30
POOLPIDM_00785	0
POOLPIDM_00786	0
POOLPIDM_00787	8
POOLPIDM_00788	81
POOLPIDM_00789	0
POOLPIDM_00790	2
POOLPIDM_00791	0
POOLPIDM_00792	10
POOLPIDM_00793	42
POOLPIDM_00794	51
POOLPIDM_00795	11
POOLPIDM_00796	11
POOLPIDM_00797	13
POOLPIDM_00798	42
POOLPIDM_00799	1
POOLPIDM_00800	1
POOLPIDM_00801	11
POOLPIDM_00802	21
POOLPIDM_00803	4
POOLPIDM_00804	12
POOLPIDM_00805	2
POOLPIDM_00806	18
POOLPIDM_00807	11
POOLPIDM_00808	0
POOLPIDM_00809	0
POOLPIDM_00810	0
POOLPIDM_00811	0
POOLPIDM_00812	1
POOLPIDM_00813	0
POOLPIDM_00814	0
POOLPIDM_00815	0
POOLPIDM_00816	0
POOLPIDM_00817	0
POOLPIDM_00818	0
POOLPIDM_00819	1
POOLPIDM_00820	0
POOLPIDM_00821	0
POOLPIDM_00822	1
POOLPIDM_00823	8
POOLPIDM_00824	7
POOLPIDM_00825	0
POOLPIDM_00826	6
POOLPIDM_00827	0
POOLPIDM_00828	1
POOLPIDM_00829	1
POOLPIDM_00830	4
POOLPIDM_00831	0
POOLPIDM_00832	2
POOLPIDM_00833	31
POOLPIDM_00834	9
POOLPIDM_00835	2
POOLPIDM_00836	0
POOLPIDM_00837	5
POOLPIDM_00838	2
POOLPIDM_00839	0
POOLPIDM_00840	2
POOLPIDM_00841	0
POOLPIDM_00842	3
POOLPIDM_00843	6
POOLPIDM_00844	1
POOLPIDM_00845	0
POOLPIDM_00846	0
POOLPIDM_00847	0
POOLPIDM_00848	1
POOLPIDM_00849	0
POOLPIDM_00850	0
POOLPIDM_00851	0
POOLPIDM_00852	0
POOLPIDM_00853	1
POOLPIDM_00854	0
POOLPIDM_00855	36
POOLPIDM_00856	10
POOLPIDM_00857	15
POOLPIDM_00858	0
POOLPIDM_00859	10
POOLPIDM_00860	5
POOLPIDM_00861	2
POOLPIDM_00862	2
POOLPIDM_00863	6
POOLPIDM_00864	38
POOLPIDM_00865	8
POOLPIDM_00866	2
POOLPIDM_00867	1
POOLPIDM_00868	10
POOLPIDM_00869	7
POOLPIDM_00870	6
POOLPIDM_00871	12
POOLPIDM_00872	0
POOLPIDM_00873	8
POOLPIDM_00874	3
POOLPIDM_00875	0
POOLPIDM_00876	2
POOLPIDM_00877	3
POOLPIDM_00878	0
POOLPIDM_00879	8
POOLPIDM_00880	18
POOLPIDM_00881	3
POOLPIDM_00883	4
POOLPIDM_00884	58
POOLPIDM_00886	31
POOLPIDM_00887	2
POOLPIDM_00888	7
POOLPIDM_00889	15
POOLPIDM_00890	3
POOLPIDM_00891	41
POOLPIDM_00892	56
POOLPIDM_00893	11
POOLPIDM_00894	11
POOLPIDM_00895	13
POOLPIDM_00896	39
POOLPIDM_00897	31
POOLPIDM_00898	89
POOLPIDM_00899	1
POOLPIDM_00900	1
POOLPIDM_00901	0
POOLPIDM_00902	0
POOLPIDM_00903	139
POOLPIDM_00904	10
POOLPIDM_00905	1
POOLPIDM_00906	7
POOLPIDM_00907	17
POOLPIDM_00908	35
POOLPIDM_00909	3
POOLPIDM_00910	0
POOLPIDM_00911	2
POOLPIDM_00912	0
POOLPIDM_00913	30
POOLPIDM_00914	33
POOLPIDM_00916	7
POOLPIDM_00917	32
POOLPIDM_00918	4
POOLPIDM_00919	3
POOLPIDM_00920	4
POOLPIDM_00921	3
POOLPIDM_00922	2
POOLPIDM_00923	0
POOLPIDM_00924	66
POOLPIDM_00925	2315
POOLPIDM_00926	29
POOLPIDM_00927	8
POOLPIDM_00928	3
POOLPIDM_00929	3
POOLPIDM_00930	1
POOLPIDM_00931	0
POOLPIDM_00932	2
POOLPIDM_00933	0
POOLPIDM_00934	0
POOLPIDM_00935	2
POOLPIDM_00936	0
POOLPIDM_00937	0
POOLPIDM_00938	4
POOLPIDM_00939	2
POOLPIDM_00940	1304
POOLPIDM_00941	6
POOLPIDM_00942	3
POOLPIDM_00943	0
POOLPIDM_00944	2
POOLPIDM_00945	1
POOLPIDM_00946	2
POOLPIDM_00947	3
POOLPIDM_00948	5
POOLPIDM_00949	2
POOLPIDM_00950	3
POOLPIDM_00951	2
POOLPIDM_00952	0
POOLPIDM_00953	0
POOLPIDM_00954	2
POOLPIDM_00955	0
POOLPIDM_00956	1
POOLPIDM_00957	3
POOLPIDM_00958	0
POOLPIDM_00959	4
POOLPIDM_00960	0
POOLPIDM_00961	0
POOLPIDM_00962	0
POOLPIDM_00963	0
POOLPIDM_00964	1
POOLPIDM_00965	1
POOLPIDM_00966	2
POOLPIDM_00967	25
POOLPIDM_00968	4
POOLPIDM_00969	0
POOLPIDM_00970	5
POOLPIDM_00971	0
POOLPIDM_00972	2
POOLPIDM_00973	0
POOLPIDM_00974	107
POOLPIDM_00975	18
POOLPIDM_00976	0
POOLPIDM_00977	3
POOLPIDM_00978	42
POOLPIDM_00979	1
POOLPIDM_00980	2
POOLPIDM_00981	2
POOLPIDM_00982	1
POOLPIDM_00983	6
POOLPIDM_00984	2
POOLPIDM_00985	21
POOLPIDM_00986	1
POOLPIDM_00987	17
POOLPIDM_00988	279
POOLPIDM_00989	4
POOLPIDM_00990	26
POOLPIDM_00991	23
POOLPIDM_00992	15
POOLPIDM_00993	4
POOLPIDM_00994	2
POOLPIDM_00995	4
POOLPIDM_00996	7
POOLPIDM_00997	4
POOLPIDM_00998	29
POOLPIDM_00999	1
POOLPIDM_01000	0
POOLPIDM_01001	846
POOLPIDM_01002	7
POOLPIDM_01003	0
POOLPIDM_01004	11
POOLPIDM_01005	19
POOLPIDM_01006	18
POOLPIDM_01007	25
POOLPIDM_01008	12
POOLPIDM_01009	15
POOLPIDM_01010	4
POOLPIDM_01011	7
POOLPIDM_01012	28
POOLPIDM_01013	19
POOLPIDM_01014	52
POOLPIDM_01015	2
POOLPIDM_01016	11
POOLPIDM_01017	6
POOLPIDM_01018	10
POOLPIDM_01019	88
POOLPIDM_01020	11
POOLPIDM_01021	10
POOLPIDM_01022	86
POOLPIDM_01023	162
POOLPIDM_01024	6
POOLPIDM_01025	2
POOLPIDM_01026	19
POOLPIDM_01027	24
POOLPIDM_01028	2
POOLPIDM_01029	2
POOLPIDM_01030	0
POOLPIDM_01031	7
POOLPIDM_01032	5
POOLPIDM_01033	17
POOLPIDM_01034	0
POOLPIDM_01035	4
POOLPIDM_01036	5
POOLPIDM_01037	7
POOLPIDM_01038	55
POOLPIDM_01039	8
POOLPIDM_01040	40
POOLPIDM_01041	64
POOLPIDM_01042	17
POOLPIDM_01043	70
POOLPIDM_01044	22
POOLPIDM_01045	19
POOLPIDM_01046	13
POOLPIDM_01047	49
POOLPIDM_01048	5
POOLPIDM_01049	0
POOLPIDM_01050	5
POOLPIDM_01051	18
POOLPIDM_01052	143
POOLPIDM_01053	1
POOLPIDM_01054	1
POOLPIDM_01055	2
POOLPIDM_01056	6
POOLPIDM_01057	5
POOLPIDM_01058	40
POOLPIDM_01059	13
POOLPIDM_01060	76
POOLPIDM_01061	149
POOLPIDM_01062	36
POOLPIDM_01063	6
POOLPIDM_01064	7
POOLPIDM_01065	15
POOLPIDM_01066	9
POOLPIDM_01067	43
POOLPIDM_01068	50
POOLPIDM_01069	14
POOLPIDM_01070	5
POOLPIDM_01071	16
POOLPIDM_01072	1
POOLPIDM_01073	2
POOLPIDM_01074	1
POOLPIDM_01075	1
POOLPIDM_01076	6
POOLPIDM_01077	32
POOLPIDM_01078	20
POOLPIDM_01079	5
POOLPIDM_01080	26
POOLPIDM_01081	68
POOLPIDM_01082	74
POOLPIDM_01083	7
POOLPIDM_01084	1
POOLPIDM_01085	36
POOLPIDM_01086	9
POOLPIDM_01087	3
POOLPIDM_01088	0
POOLPIDM_01089	1
POOLPIDM_01090	3
POOLPIDM_01091	10
POOLPIDM_01092	7
POOLPIDM_01093	7
POOLPIDM_01094	10
POOLPIDM_01095	6
POOLPIDM_01096	24
POOLPIDM_01097	338
POOLPIDM_01098	13
POOLPIDM_01099	8
POOLPIDM_01100	0
POOLPIDM_01101	5
POOLPIDM_01102	0
POOLPIDM_01103	0
POOLPIDM_01104	1
POOLPIDM_01105	0
POOLPIDM_01106	5
POOLPIDM_01107	0
POOLPIDM_01108	23
POOLPIDM_01109	3
POOLPIDM_01110	1
POOLPIDM_01111	44
POOLPIDM_01112	0
POOLPIDM_01113	0
POOLPIDM_01114	7
POOLPIDM_01115	3
POOLPIDM_01116	23
POOLPIDM_01117	10
POOLPIDM_01118	13
POOLPIDM_01119	33
POOLPIDM_01120	28
POOLPIDM_01121	27
POOLPIDM_01122	30
POOLPIDM_01123	10
POOLPIDM_01124	5
POOLPIDM_01125	27
POOLPIDM_01126	45
POOLPIDM_01127	34
POOLPIDM_01128	30
POOLPIDM_01129	22
POOLPIDM_01130	0
POOLPIDM_01131	5
POOLPIDM_01132	6
POOLPIDM_01133	6
POOLPIDM_01134	4
POOLPIDM_01135	0
POOLPIDM_01136	1
POOLPIDM_01137	14
POOLPIDM_01138	10
POOLPIDM_01139	21
POOLPIDM_01140	11
POOLPIDM_01141	29
POOLPIDM_01142	1
POOLPIDM_01143	4
POOLPIDM_01144	3
POOLPIDM_01145	20
POOLPIDM_01146	2
POOLPIDM_01147	7
POOLPIDM_01148	1
POOLPIDM_01149	7
POOLPIDM_01150	1
POOLPIDM_01151	6
POOLPIDM_01152	4
POOLPIDM_01153	2
POOLPIDM_01154	7
POOLPIDM_01155	21
POOLPIDM_01156	3
POOLPIDM_01157	26
POOLPIDM_01158	5
POOLPIDM_01159	2
POOLPIDM_01160	8
POOLPIDM_01161	56
POOLPIDM_01162	0
POOLPIDM_01163	35
POOLPIDM_01164	72
POOLPIDM_01165	15
POOLPIDM_01166	3
POOLPIDM_01167	0
POOLPIDM_01168	0
POOLPIDM_01169	0
POOLPIDM_01170	0
POOLPIDM_01171	0
POOLPIDM_01172	0
POOLPIDM_01173	0
POOLPIDM_01174	0
POOLPIDM_01175	0
POOLPIDM_01176	0
POOLPIDM_01177	3
POOLPIDM_01178	1
POOLPIDM_01179	0
POOLPIDM_01180	9
POOLPIDM_01181	12
POOLPIDM_01182	9
POOLPIDM_01183	4
POOLPIDM_01184	27
POOLPIDM_01185	3
POOLPIDM_01187	8
POOLPIDM_01188	3
POOLPIDM_01189	70
POOLPIDM_01190	29
POOLPIDM_01191	5
POOLPIDM_01192	84
POOLPIDM_01193	141
POOLPIDM_01194	19
POOLPIDM_01195	11
POOLPIDM_01196	77
POOLPIDM_01197	10
POOLPIDM_01198	1
POOLPIDM_01199	2
POOLPIDM_01200	3
POOLPIDM_01201	0
POOLPIDM_01202	56
POOLPIDM_01203	38
POOLPIDM_01204	64
POOLPIDM_01205	8
POOLPIDM_01206	0
POOLPIDM_01207	85
POOLPIDM_01208	153
POOLPIDM_01209	3
POOLPIDM_01210	4
POOLPIDM_01211	7
POOLPIDM_01212	0
POOLPIDM_01213	2
POOLPIDM_01214	12
POOLPIDM_01215	0
POOLPIDM_01216	338
POOLPIDM_01217	0
POOLPIDM_01218	649
POOLPIDM_01219	145
POOLPIDM_01220	14
POOLPIDM_01221	0
POOLPIDM_01222	1
POOLPIDM_01223	1
POOLPIDM_01224	4
POOLPIDM_01225	4
POOLPIDM_01226	4
POOLPIDM_01227	28
POOLPIDM_01228	7
POOLPIDM_01229	8
POOLPIDM_01230	6
POOLPIDM_01231	4
POOLPIDM_01232	0
POOLPIDM_01233	0
POOLPIDM_01234	1
POOLPIDM_01235	14
POOLPIDM_01236	34
POOLPIDM_01237	11
POOLPIDM_01238	5
POOLPIDM_01239	4
POOLPIDM_01240	20
POOLPIDM_01241	34
POOLPIDM_01242	31
POOLPIDM_01243	13
POOLPIDM_01244	7
POOLPIDM_01245	2
POOLPIDM_01246	10
POOLPIDM_01247	7
POOLPIDM_01248	9
POOLPIDM_01249	22
POOLPIDM_01250	13
POOLPIDM_01251	0
POOLPIDM_01252	14
POOLPIDM_01253	19
POOLPIDM_01254	0
POOLPIDM_01255	2
POOLPIDM_01256	3
POOLPIDM_01257	4
POOLPIDM_01258	0
POOLPIDM_01259	9
POOLPIDM_01260	9
POOLPIDM_01261	4
POOLPIDM_01262	26
POOLPIDM_01263	356
POOLPIDM_01264	15
POOLPIDM_01265	34
POOLPIDM_01266	90
POOLPIDM_01267	169
POOLPIDM_01268	12
POOLPIDM_01269	85
POOLPIDM_01270	50
POOLPIDM_01271	11
POOLPIDM_01272	0
POOLPIDM_01273	0
POOLPIDM_01274	2
POOLPIDM_01275	1
POOLPIDM_01276	1
POOLPIDM_01277	37
POOLPIDM_01278	23
POOLPIDM_01279	12
POOLPIDM_01280	154
POOLPIDM_01281	1
POOLPIDM_01282	8
POOLPIDM_01283	0
POOLPIDM_01284	30
POOLPIDM_01285	0
POOLPIDM_01286	4
POOLPIDM_01287	1
POOLPIDM_01288	6
POOLPIDM_01289	2
POOLPIDM_01290	0
POOLPIDM_01291	16
POOLPIDM_01292	0
POOLPIDM_01293	1
POOLPIDM_01294	1
POOLPIDM_01295	10
POOLPIDM_01296	8
POOLPIDM_01297	21
POOLPIDM_01298	1
POOLPIDM_01299	13
POOLPIDM_01300	30
POOLPIDM_01301	97
POOLPIDM_01302	4
POOLPIDM_01303	0
POOLPIDM_01304	80
POOLPIDM_01305	52
POOLPIDM_01306	5
POOLPIDM_01307	9
POOLPIDM_01308	3
POOLPIDM_01309	14
POOLPIDM_01310	17
POOLPIDM_01311	2
POOLPIDM_01312	5
POOLPIDM_01313	56
POOLPIDM_01314	9
POOLPIDM_01315	11
POOLPIDM_01316	6
POOLPIDM_01317	6
POOLPIDM_01318	9
POOLPIDM_01319	35
POOLPIDM_01320	12
POOLPIDM_01321	4
POOLPIDM_01322	6
POOLPIDM_01323	102
POOLPIDM_01324	8
POOLPIDM_01325	13
POOLPIDM_01326	465
POOLPIDM_01327	23
POOLPIDM_01328	24
POOLPIDM_01329	31
POOLPIDM_01330	4
POOLPIDM_01331	22
POOLPIDM_01332	20
POOLPIDM_01333	4
POOLPIDM_01334	24
POOLPIDM_01335	2
POOLPIDM_01336	0
POOLPIDM_01337	0
POOLPIDM_01338	5
POOLPIDM_01339	39
POOLPIDM_01340	53
POOLPIDM_01341	16
POOLPIDM_01342	9
POOLPIDM_01343	22
POOLPIDM_01344	82
POOLPIDM_01345	0
POOLPIDM_01346	13
POOLPIDM_01347	23
POOLPIDM_01348	5
POOLPIDM_01349	367
POOLPIDM_01350	0
POOLPIDM_01351	3
POOLPIDM_01352	33
POOLPIDM_01353	0
POOLPIDM_01354	47
POOLPIDM_01355	5
POOLPIDM_01356	127
POOLPIDM_01357	208
POOLPIDM_01358	2
POOLPIDM_01359	11
POOLPIDM_01360	9
POOLPIDM_01361	10
POOLPIDM_01362	44
POOLPIDM_01363	10
POOLPIDM_01364	11
POOLPIDM_01365	3
POOLPIDM_01366	52
POOLPIDM_01367	16
POOLPIDM_01368	140
POOLPIDM_01369	6
POOLPIDM_01370	0
POOLPIDM_01371	23
POOLPIDM_01372	7
POOLPIDM_01373	8
POOLPIDM_01374	7
POOLPIDM_01375	35
POOLPIDM_01376	10
POOLPIDM_01377	3
POOLPIDM_01378	2
POOLPIDM_01379	4
POOLPIDM_01380	8
POOLPIDM_01381	6
POOLPIDM_01382	3
POOLPIDM_01383	32
POOLPIDM_01384	24
POOLPIDM_01385	7
POOLPIDM_01386	39
POOLPIDM_01387	7
POOLPIDM_01388	8
POOLPIDM_01389	89
POOLPIDM_01390	43
POOLPIDM_01391	1
POOLPIDM_01392	8
POOLPIDM_01393	7
POOLPIDM_01394	13
POOLPIDM_01395	7
POOLPIDM_01396	4
POOLPIDM_01397	112
POOLPIDM_01398	35
POOLPIDM_01400	38
POOLPIDM_01401	41
POOLPIDM_01402	4
POOLPIDM_01403	8
POOLPIDM_01404	51
POOLPIDM_01405	11
POOLPIDM_01406	10
POOLPIDM_01407	9
POOLPIDM_01408	6
POOLPIDM_01410	2
POOLPIDM_01411	34
POOLPIDM_01412	11
POOLPIDM_01413	21
POOLPIDM_01414	41
POOLPIDM_01415	27
POOLPIDM_01416	4
POOLPIDM_01417	19
POOLPIDM_01418	64
POOLPIDM_01419	57
POOLPIDM_01420	36
POOLPIDM_01421	20
POOLPIDM_01422	12
POOLPIDM_01423	12
POOLPIDM_01424	0
POOLPIDM_01425	0
POOLPIDM_01426	1
POOLPIDM_01427	1
POOLPIDM_01428	15
POOLPIDM_01429	6
POOLPIDM_01430	4
POOLPIDM_01431	6
POOLPIDM_01432	54
POOLPIDM_01433	16
POOLPIDM_01434	50
POOLPIDM_01435	46
POOLPIDM_01436	6
POOLPIDM_01437	7
POOLPIDM_01438	17
POOLPIDM_01439	2
POOLPIDM_01440	1
POOLPIDM_01441	25
POOLPIDM_01442	23
POOLPIDM_01443	21
POOLPIDM_01444	14
POOLPIDM_01445	4
POOLPIDM_01446	15
POOLPIDM_01447	0
POOLPIDM_01448	0
POOLPIDM_01449	1
POOLPIDM_01450	1
POOLPIDM_01451	3
POOLPIDM_01452	21
POOLPIDM_01453	260
POOLPIDM_01454	292
POOLPIDM_01455	517
POOLPIDM_01456	89
POOLPIDM_01457	407
POOLPIDM_01458	210
POOLPIDM_01459	516
POOLPIDM_01460	122
POOLPIDM_01461	43
POOLPIDM_01462	283
POOLPIDM_01463	15
POOLPIDM_01464	204
POOLPIDM_01465	130
POOLPIDM_01466	34
POOLPIDM_01467	54
POOLPIDM_01468	22
POOLPIDM_01469	0
POOLPIDM_01470	10
POOLPIDM_01471	9
POOLPIDM_01472	1
POOLPIDM_01473	1
POOLPIDM_01474	46
POOLPIDM_01475	30
POOLPIDM_01476	35
POOLPIDM_01477	5
POOLPIDM_01478	113
POOLPIDM_01479	47
POOLPIDM_01480	4
POOLPIDM_01481	20
POOLPIDM_01482	4
POOLPIDM_01483	11
POOLPIDM_01484	3
POOLPIDM_01485	0
POOLPIDM_01486	83
POOLPIDM_01487	4
POOLPIDM_01488	13
POOLPIDM_01489	15
POOLPIDM_01490	13
POOLPIDM_01491	0
POOLPIDM_01493	13
POOLPIDM_01494	27
POOLPIDM_01495	10
POOLPIDM_01496	11
POOLPIDM_01497	139
POOLPIDM_01498	6
POOLPIDM_01499	12
POOLPIDM_01500	16
POOLPIDM_01501	51
POOLPIDM_01502	70
POOLPIDM_01503	26
POOLPIDM_01504	26
POOLPIDM_01505	22
POOLPIDM_01506	0
POOLPIDM_01507	14
POOLPIDM_01508	20
POOLPIDM_01509	1
POOLPIDM_01510	27
POOLPIDM_01511	36
POOLPIDM_01512	5
POOLPIDM_01513	0
POOLPIDM_01514	15
POOLPIDM_01515	1
POOLPIDM_01516	9
POOLPIDM_01517	59
POOLPIDM_01518	35
POOLPIDM_01519	9
POOLPIDM_01520	21
POOLPIDM_01521	83
POOLPIDM_01522	31
POOLPIDM_01523	4
POOLPIDM_01524	128
POOLPIDM_01525	33
POOLPIDM_01526	35
POOLPIDM_01527	10
POOLPIDM_01528	2
POOLPIDM_01529	5
POOLPIDM_01530	6
POOLPIDM_01531	19
POOLPIDM_01532	41
POOLPIDM_01533	10
POOLPIDM_01534	5
POOLPIDM_01535	9
POOLPIDM_01536	240
POOLPIDM_01537	26
POOLPIDM_01538	4
POOLPIDM_01539	14
POOLPIDM_01540	11
POOLPIDM_01541	14
POOLPIDM_01542	29
POOLPIDM_01543	57
POOLPIDM_01544	24
POOLPIDM_01545	26
POOLPIDM_01546	18
POOLPIDM_01547	22
POOLPIDM_01548	6
POOLPIDM_01549	16
POOLPIDM_01550	20
POOLPIDM_01551	2
POOLPIDM_01552	35
POOLPIDM_01553	20
POOLPIDM_01554	26
POOLPIDM_01555	9
POOLPIDM_01556	33
POOLPIDM_01557	21
POOLPIDM_01558	74
POOLPIDM_01559	3
POOLPIDM_01560	12
POOLPIDM_01561	3
POOLPIDM_01562	0
POOLPIDM_01563	2
POOLPIDM_01564	82
POOLPIDM_01565	71
POOLPIDM_01566	37
POOLPIDM_01567	14
POOLPIDM_01568	8
POOLPIDM_01569	3
POOLPIDM_01570	17
POOLPIDM_01571	3
POOLPIDM_01572	7
POOLPIDM_01573	0
POOLPIDM_01574	0
POOLPIDM_01575	11
POOLPIDM_01576	21
POOLPIDM_01577	2
POOLPIDM_01578	68
POOLPIDM_01579	32
POOLPIDM_01580	15
POOLPIDM_01581	4
POOLPIDM_01582	0
POOLPIDM_01583	4
POOLPIDM_01584	23
POOLPIDM_01585	126
POOLPIDM_01586	6
POOLPIDM_01587	4
POOLPIDM_01588	63
POOLPIDM_01589	5
POOLPIDM_01590	25
POOLPIDM_01591	31
POOLPIDM_01592	9
POOLPIDM_01593	19
POOLPIDM_01594	14
POOLPIDM_01595	50
POOLPIDM_01596	34
POOLPIDM_01597	5
POOLPIDM_01598	4
POOLPIDM_01599	16
POOLPIDM_01600	0
POOLPIDM_01601	0
POOLPIDM_01602	6
POOLPIDM_01603	1
POOLPIDM_01604	4
POOLPIDM_01605	4
POOLPIDM_01606	4
POOLPIDM_01607	4
POOLPIDM_01608	0
POOLPIDM_01609	1
POOLPIDM_01610	3
POOLPIDM_01611	0
POOLPIDM_01612	0
POOLPIDM_01613	1
POOLPIDM_01614	3
POOLPIDM_01615	8
POOLPIDM_01616	0
POOLPIDM_01617	22
POOLPIDM_01618	0
POOLPIDM_01619	39
POOLPIDM_01620	42
POOLPIDM_01621	3
POOLPIDM_01622	3
POOLPIDM_01623	0
POOLPIDM_01624	0
POOLPIDM_01625	1
POOLPIDM_01626	0
POOLPIDM_01627	0
POOLPIDM_01628	1
POOLPIDM_01629	0
POOLPIDM_01630	8
POOLPIDM_01631	0
POOLPIDM_01632	6
POOLPIDM_01633	3
POOLPIDM_01634	4
POOLPIDM_01635	0
POOLPIDM_01636	3
POOLPIDM_01637	3
POOLPIDM_01638	0
POOLPIDM_01639	2
POOLPIDM_01640	0
POOLPIDM_01641	0
POOLPIDM_01642	3
POOLPIDM_01643	1
POOLPIDM_01644	29
POOLPIDM_01645	0
POOLPIDM_01646	1
POOLPIDM_01647	1
POOLPIDM_01648	2
POOLPIDM_01649	0
POOLPIDM_01650	0
POOLPIDM_01651	0
POOLPIDM_01668	49
POOLPIDM_01669	11
POOLPIDM_01670	61
POOLPIDM_01671	4
POOLPIDM_01672	18
POOLPIDM_01673	14
POOLPIDM_01674	53
POOLPIDM_01675	74
POOLPIDM_01676	41
POOLPIDM_01677	435
POOLPIDM_01678	134
POOLPIDM_01679	0
POOLPIDM_01680	89
POOLPIDM_01681	10
POOLPIDM_01682	0
POOLPIDM_01683	103
POOLPIDM_01684	8
POOLPIDM_01685	26
POOLPIDM_01686	6
POOLPIDM_01687	7
POOLPIDM_01688	139
POOLPIDM_01689	11
POOLPIDM_01690	0
POOLPIDM_01691	14
POOLPIDM_01692	11
POOLPIDM_01693	6
POOLPIDM_01694	15
POOLPIDM_01695	10
POOLPIDM_01696	11
POOLPIDM_01697	2
POOLPIDM_01698	12
POOLPIDM_01699	5
POOLPIDM_01700	7
POOLPIDM_01701	6
POOLPIDM_01702	15
POOLPIDM_01703	0
POOLPIDM_01704	2
POOLPIDM_01705	3
POOLPIDM_01706	8
POOLPIDM_01707	1
POOLPIDM_01708	1
POOLPIDM_01709	6
POOLPIDM_01710	2
POOLPIDM_01711	13
POOLPIDM_01712	20
POOLPIDM_01713	25
POOLPIDM_01714	20
POOLPIDM_01715	32
POOLPIDM_01716	315
POOLPIDM_01717	62
POOLPIDM_01718	100
POOLPIDM_01719	75
POOLPIDM_01720	15
POOLPIDM_01721	57
POOLPIDM_01722	16
POOLPIDM_01723	17
POOLPIDM_01724	50
POOLPIDM_01725	26
POOLPIDM_01726	23
POOLPIDM_01727	1
POOLPIDM_01728	21
POOLPIDM_01729	6
POOLPIDM_01730	12
POOLPIDM_01731	23
POOLPIDM_01732	28
POOLPIDM_01733	155
POOLPIDM_01734	1
POOLPIDM_01735	7
POOLPIDM_01736	44
POOLPIDM_01737	82
POOLPIDM_01738	1
POOLPIDM_01739	0
POOLPIDM_01740	0
POOLPIDM_01741	13
POOLPIDM_01742	40
POOLPIDM_01743	4
POOLPIDM_01744	13
POOLPIDM_01745	3
POOLPIDM_01746	19
POOLPIDM_01747	14
POOLPIDM_01748	30
POOLPIDM_01749	0
POOLPIDM_01750	38
POOLPIDM_01751	3
POOLPIDM_01752	11
POOLPIDM_01753	12
POOLPIDM_01754	13
POOLPIDM_01755	7
POOLPIDM_01756	13
POOLPIDM_01757	16
POOLPIDM_01758	10
POOLPIDM_01759	5
POOLPIDM_01760	13
POOLPIDM_01761	1
POOLPIDM_01762	31
POOLPIDM_01763	7
POOLPIDM_01764	12
POOLPIDM_01765	11
POOLPIDM_01766	9
POOLPIDM_01767	30
POOLPIDM_01768	23
POOLPIDM_01769	75
POOLPIDM_01770	13
POOLPIDM_01771	12
POOLPIDM_01772	22
POOLPIDM_01773	2
POOLPIDM_01774	11
POOLPIDM_01775	10
POOLPIDM_01776	35
POOLPIDM_01777	12
POOLPIDM_01778	17
POOLPIDM_01779	11
POOLPIDM_01780	48
POOLPIDM_01781	11
POOLPIDM_01782	0
POOLPIDM_01783	0
POOLPIDM_01784	0
POOLPIDM_01785	0
POOLPIDM_01786	0
POOLPIDM_01787	0
POOLPIDM_01789	0
POOLPIDM_01790	0
POOLPIDM_01791	0
POOLPIDM_01792	0
POOLPIDM_01793	0
POOLPIDM_01794	0
POOLPIDM_01795	0
POOLPIDM_01796	0
POOLPIDM_01797	1
POOLPIDM_01798	8
POOLPIDM_01799	21
POOLPIDM_01800	0
POOLPIDM_01801	0
POOLPIDM_01802	1
POOLPIDM_01803	2
POOLPIDM_01804	1
POOLPIDM_01805	10
POOLPIDM_01806	1
POOLPIDM_01807	0
POOLPIDM_01808	3
POOLPIDM_01809	2
POOLPIDM_01810	55
POOLPIDM_01811	14
POOLPIDM_01812	9
POOLPIDM_01813	0
POOLPIDM_01814	0
POOLPIDM_01815	5
POOLPIDM_01816	5
POOLPIDM_01817	2
POOLPIDM_01818	1
POOLPIDM_01819	46
POOLPIDM_01820	43
POOLPIDM_01821	1
POOLPIDM_01822	0
POOLPIDM_01823	0
POOLPIDM_01824	0
POOLPIDM_01825	0
POOLPIDM_01826	1
POOLPIDM_01827	0
POOLPIDM_01828	2
POOLPIDM_01829	3
POOLPIDM_01830	0
POOLPIDM_01831	0
POOLPIDM_01832	0
POOLPIDM_01833	0
POOLPIDM_01834	1
POOLPIDM_01835	2
POOLPIDM_01836	4
POOLPIDM_01837	9
POOLPIDM_01838	0
POOLPIDM_01839	3
POOLPIDM_01840	0
POOLPIDM_01841	1
POOLPIDM_01842	6
POOLPIDM_01843	15
POOLPIDM_01844	2
POOLPIDM_01845	0
POOLPIDM_01846	26
POOLPIDM_01847	2486
POOLPIDM_01848	557
POOLPIDM_01849	3354
POOLPIDM_01850	11
POOLPIDM_01851	3
POOLPIDM_01852	1
POOLPIDM_01853	25
POOLPIDM_01854	18
POOLPIDM_01855	171
POOLPIDM_01856	5
POOLPIDM_01857	49
POOLPIDM_01858	12
POOLPIDM_01859	12
POOLPIDM_01860	97
POOLPIDM_01861	18
POOLPIDM_01862	18
POOLPIDM_01863	25
POOLPIDM_01864	17
POOLPIDM_01865	15
POOLPIDM_01866	1
POOLPIDM_01868	28
POOLPIDM_01869	12
POOLPIDM_01870	6
POOLPIDM_01871	2
POOLPIDM_01872	83
POOLPIDM_01873	16
POOLPIDM_01874	6
POOLPIDM_01875	0
POOLPIDM_01876	29
POOLPIDM_01877	2
POOLPIDM_01878	3
POOLPIDM_01879	84
POOLPIDM_01880	32
POOLPIDM_01881	57
POOLPIDM_01882	13
POOLPIDM_01883	3
POOLPIDM_01884	6
POOLPIDM_01885	4
POOLPIDM_01886	6
POOLPIDM_01887	7
POOLPIDM_01888	13
POOLPIDM_01889	37
POOLPIDM_01890	14
POOLPIDM_01891	23
POOLPIDM_01892	12
POOLPIDM_01893	5
POOLPIDM_01894	196
POOLPIDM_01895	33
POOLPIDM_01896	7
POOLPIDM_01897	1
POOLPIDM_01898	1
POOLPIDM_01899	58
POOLPIDM_01900	46
POOLPIDM_01901	6
POOLPIDM_01902	16
POOLPIDM_01903	22
POOLPIDM_01904	2
POOLPIDM_01905	5
POOLPIDM_01906	1
POOLPIDM_01907	2
POOLPIDM_01908	43
POOLPIDM_01909	10
POOLPIDM_01910	6
POOLPIDM_01911	9
POOLPIDM_01912	59
POOLPIDM_01913	23
POOLPIDM_01914	15
POOLPIDM_01915	13
POOLPIDM_01916	7
POOLPIDM_01917	5
POOLPIDM_01918	12
POOLPIDM_01919	1
POOLPIDM_01920	74
POOLPIDM_01921	4
POOLPIDM_01922	32
POOLPIDM_01923	84
POOLPIDM_01924	7
POOLPIDM_01925	53
POOLPIDM_01926	18
POOLPIDM_01927	3
POOLPIDM_01928	3
POOLPIDM_01929	11
POOLPIDM_01930	14
POOLPIDM_01931	96
POOLPIDM_01932	51
POOLPIDM_01933	65
POOLPIDM_01934	6
POOLPIDM_01935	74
POOLPIDM_01936	35
POOLPIDM_01937	7
POOLPIDM_01938	245
POOLPIDM_01939	1
POOLPIDM_01940	14
POOLPIDM_01941	2
POOLPIDM_01942	3
POOLPIDM_01943	38
POOLPIDM_01944	2
POOLPIDM_01945	51
POOLPIDM_01946	2
POOLPIDM_01947	1
POOLPIDM_01948	7
POOLPIDM_01949	1
POOLPIDM_01950	0
POOLPIDM_01951	0
POOLPIDM_01952	0
POOLPIDM_01953	0
POOLPIDM_01954	0
POOLPIDM_01955	0
POOLPIDM_01956	1
POOLPIDM_01957	31
POOLPIDM_01958	5
POOLPIDM_01959	12
POOLPIDM_01960	4
POOLPIDM_01961	4
POOLPIDM_01962	29
POOLPIDM_01963	29
POOLPIDM_01964	104
POOLPIDM_01965	27
POOLPIDM_01966	52
POOLPIDM_01967	13
POOLPIDM_01968	2
POOLPIDM_01969	3
POOLPIDM_01970	3
POOLPIDM_01971	1
POOLPIDM_01972	0
POOLPIDM_01973	1
POOLPIDM_01974	1
POOLPIDM_01975	2
POOLPIDM_01976	5
POOLPIDM_01977	10
POOLPIDM_01978	2
POOLPIDM_01979	0
POOLPIDM_01980	6
POOLPIDM_01981	3
POOLPIDM_01982	0
POOLPIDM_01983	3
POOLPIDM_01984	16
POOLPIDM_01985	15
POOLPIDM_01986	32
POOLPIDM_01987	93
POOLPIDM_01988	66
POOLPIDM_01989	7
POOLPIDM_01990	36
POOLPIDM_01991	9
POOLPIDM_01992	0
POOLPIDM_01993	9
POOLPIDM_01994	4
POOLPIDM_01995	13
POOLPIDM_01996	35
POOLPIDM_01997	5
POOLPIDM_01998	8
POOLPIDM_01999	2
POOLPIDM_02000	1
POOLPIDM_02001	7
POOLPIDM_02002	6
POOLPIDM_02003	4
POOLPIDM_02004	15
POOLPIDM_02005	5
POOLPIDM_02006	17
POOLPIDM_02007	38
POOLPIDM_02008	7
POOLPIDM_02009	0
POOLPIDM_02010	6
POOLPIDM_02011	2
POOLPIDM_02012	0
POOLPIDM_02013	19
POOLPIDM_02014	29
POOLPIDM_02015	0
POOLPIDM_02016	14
POOLPIDM_02017	11
POOLPIDM_02018	39
POOLPIDM_02019	97
POOLPIDM_02020	47
POOLPIDM_02021	314
POOLPIDM_02022	9
POOLPIDM_02023	29
POOLPIDM_02024	5
POOLPIDM_02025	13
POOLPIDM_02026	26
POOLPIDM_02027	2
POOLPIDM_02028	2
POOLPIDM_02029	5
POOLPIDM_02030	0
POOLPIDM_02031	43
POOLPIDM_02046	3
POOLPIDM_02047	21
POOLPIDM_02048	22
POOLPIDM_02049	78
POOLPIDM_02050	0
POOLPIDM_02051	21
POOLPIDM_02052	23
POOLPIDM_02053	3
POOLPIDM_02054	5
POOLPIDM_02055	4
POOLPIDM_02056	18
POOLPIDM_02057	9
POOLPIDM_02058	32
POOLPIDM_02059	18
POOLPIDM_02060	28
POOLPIDM_02061	0
POOLPIDM_02062	2
POOLPIDM_02063	15
POOLPIDM_02064	32
POOLPIDM_02065	7
POOLPIDM_02066	6
POOLPIDM_02067	3
POOLPIDM_02068	11
POOLPIDM_02069	7
POOLPIDM_02070	14
POOLPIDM_02071	88
POOLPIDM_02072	50
POOLPIDM_02073	111
POOLPIDM_02074	0
POOLPIDM_02075	0
POOLPIDM_02076	39
POOLPIDM_02077	21
POOLPIDM_02078	18
POOLPIDM_02079	30
POOLPIDM_02080	21
POOLPIDM_02081	19
POOLPIDM_02082	9
POOLPIDM_02083	38
POOLPIDM_02084	26
POOLPIDM_02085	91
POOLPIDM_02086	20
POOLPIDM_02087	25
POOLPIDM_02088	38
POOLPIDM_02089	9
POOLPIDM_02090	10
POOLPIDM_02091	12
POOLPIDM_02092	19
POOLPIDM_02093	23
POOLPIDM_02094	20
POOLPIDM_02095	3
POOLPIDM_02096	1
POOLPIDM_02097	47
POOLPIDM_02098	5
POOLPIDM_02099	9
POOLPIDM_02100	3
POOLPIDM_02101	1
POOLPIDM_02102	3
POOLPIDM_02103	8
POOLPIDM_02104	6
POOLPIDM_02105	4
POOLPIDM_02106	0
POOLPIDM_02107	6
POOLPIDM_02108	14
POOLPIDM_02109	2
POOLPIDM_02110	2
POOLPIDM_02111	94
POOLPIDM_02112	7
POOLPIDM_02113	6
POOLPIDM_02114	2
POOLPIDM_02115	0
POOLPIDM_02116	7
POOLPIDM_02117	2
POOLPIDM_02118	8
POOLPIDM_02119	2
POOLPIDM_02120	1
POOLPIDM_02121	3
POOLPIDM_02122	0
POOLPIDM_02123	14
POOLPIDM_02124	3
POOLPIDM_02125	26
POOLPIDM_02126	17
POOLPIDM_02127	132
POOLPIDM_02128	107
POOLPIDM_02129	24
POOLPIDM_02130	0
POOLPIDM_02131	0
POOLPIDM_02132	8
POOLPIDM_02133	5
POOLPIDM_02134	6
POOLPIDM_02135	1
POOLPIDM_02136	1
POOLPIDM_02137	2
POOLPIDM_02138	11
POOLPIDM_02139	24
POOLPIDM_02140	10
POOLPIDM_02141	11
POOLPIDM_02142	93
POOLPIDM_02143	23
POOLPIDM_02144	145
POOLPIDM_02145	49
POOLPIDM_02146	1
POOLPIDM_02147	6
POOLPIDM_02148	4
POOLPIDM_02149	1
POOLPIDM_02150	16
POOLPIDM_02151	4
POOLPIDM_02152	3
POOLPIDM_02153	3
POOLPIDM_02154	5
POOLPIDM_02155	12
POOLPIDM_02156	638
POOLPIDM_02157	2
POOLPIDM_02158	0
POOLPIDM_02159	6
POOLPIDM_02160	14
POOLPIDM_02161	3
POOLPIDM_02162	21
POOLPIDM_02163	30
POOLPIDM_02164	16
POOLPIDM_02165	0
POOLPIDM_02166	0
POOLPIDM_02167	12
POOLPIDM_02168	3
POOLPIDM_02169	1
POOLPIDM_02170	1
POOLPIDM_02171	6
POOLPIDM_02172	136
POOLPIDM_02173	15
POOLPIDM_02174	2
POOLPIDM_02175	1
POOLPIDM_02176	5
POOLPIDM_02177	5
POOLPIDM_02178	9
POOLPIDM_02179	7
POOLPIDM_02180	6
POOLPIDM_02181	0
POOLPIDM_02182	1
POOLPIDM_02183	5
POOLPIDM_02184	8
POOLPIDM_02185	1
POOLPIDM_02186	0
POOLPIDM_02187	1
POOLPIDM_02188	1
POOLPIDM_02189	0
POOLPIDM_02190	0
POOLPIDM_02191	4
POOLPIDM_02192	0
POOLPIDM_02193	5
POOLPIDM_02194	4
POOLPIDM_02195	7
POOLPIDM_02196	229
POOLPIDM_02197	27
POOLPIDM_02198	31
POOLPIDM_02199	3
POOLPIDM_02200	0
POOLPIDM_02201	13
POOLPIDM_02202	6
POOLPIDM_02203	1
POOLPIDM_02204	0
POOLPIDM_02205	1
POOLPIDM_02206	0
POOLPIDM_02207	18
POOLPIDM_02208	2
POOLPIDM_02209	0
POOLPIDM_02210	1
POOLPIDM_02211	31
POOLPIDM_02212	3
POOLPIDM_02213	0
POOLPIDM_02214	1
POOLPIDM_02215	7
POOLPIDM_02216	7
POOLPIDM_02217	6
POOLPIDM_02218	0
POOLPIDM_02219	1
POOLPIDM_02220	0
POOLPIDM_02221	6
POOLPIDM_02222	0
POOLPIDM_02223	0
POOLPIDM_02224	8
POOLPIDM_02225	0
POOLPIDM_02226	100
POOLPIDM_02227	55
POOLPIDM_02228	17
POOLPIDM_02229	0
POOLPIDM_02230	9
POOLPIDM_02231	0
POOLPIDM_02232	0
POOLPIDM_02233	56
POOLPIDM_02234	47
POOLPIDM_02235	17
POOLPIDM_02236	46
POOLPIDM_02237	13
POOLPIDM_02238	23
POOLPIDM_02239	3
POOLPIDM_02240	10
POOLPIDM_02241	1
POOLPIDM_02242	29
POOLPIDM_02243	100
POOLPIDM_02244	17
POOLPIDM_02245	3
POOLPIDM_02246	8
POOLPIDM_02247	4
POOLPIDM_02248	4
POOLPIDM_02249	26
POOLPIDM_02250	34
POOLPIDM_02251	6
POOLPIDM_02252	5
POOLPIDM_02253	28
POOLPIDM_02254	205
POOLPIDM_02255	332
POOLPIDM_02256	42
POOLPIDM_02257	10
POOLPIDM_02258	18
POOLPIDM_02259	6
POOLPIDM_02260	10
POOLPIDM_02261	134
POOLPIDM_02262	0
POOLPIDM_02263	15
POOLPIDM_02264	22
POOLPIDM_02265	26
POOLPIDM_02266	3
POOLPIDM_02267	5
POOLPIDM_02268	0
POOLPIDM_02269	0
POOLPIDM_02270	0
POOLPIDM_02271	0
POOLPIDM_02272	19
POOLPIDM_02273	386
POOLPIDM_02274	381
POOLPIDM_02275	0
POOLPIDM_02276	32
POOLPIDM_02277	38
POOLPIDM_02278	99
POOLPIDM_02279	74
POOLPIDM_02280	1
POOLPIDM_02281	27
POOLPIDM_02282	14
POOLPIDM_02283	14
POOLPIDM_02284	20
POOLPIDM_02285	13
POOLPIDM_02286	0
POOLPIDM_02287	1
POOLPIDM_02288	5
POOLPIDM_02289	1
POOLPIDM_02290	11
POOLPIDM_02291	58
POOLPIDM_02292	17
POOLPIDM_02293	7
POOLPIDM_02294	11
POOLPIDM_02295	32
POOLPIDM_02296	1
POOLPIDM_02297	31
POOLPIDM_02298	14
POOLPIDM_02299	7
POOLPIDM_02300	51
POOLPIDM_02301	3
POOLPIDM_02302	18
POOLPIDM_02303	6
POOLPIDM_02304	7
POOLPIDM_02305	0
POOLPIDM_02306	1
POOLPIDM_02307	10
POOLPIDM_02308	2
POOLPIDM_02309	6
POOLPIDM_02310	72
POOLPIDM_02311	16
POOLPIDM_02312	25
POOLPIDM_02313	23
POOLPIDM_02314	84
POOLPIDM_02315	1
POOLPIDM_02316	111
POOLPIDM_02317	15
POOLPIDM_02318	22
POOLPIDM_02319	25
POOLPIDM_02320	14
POOLPIDM_02321	8
POOLPIDM_02322	12
POOLPIDM_02323	9
POOLPIDM_02324	156
POOLPIDM_02325	116
POOLPIDM_02326	71
POOLPIDM_02327	1609
POOLPIDM_02328	82
POOLPIDM_02329	13
POOLPIDM_02330	29
POOLPIDM_02331	20
POOLPIDM_02332	17
POOLPIDM_02333	58
POOLPIDM_02334	18
POOLPIDM_02335	9
POOLPIDM_02336	4
POOLPIDM_02337	4
POOLPIDM_02338	8
POOLPIDM_02339	16
POOLPIDM_02340	33
POOLPIDM_02341	1
POOLPIDM_02342	4
POOLPIDM_02343	6
POOLPIDM_02344	3
POOLPIDM_02345	0
POOLPIDM_02346	26
POOLPIDM_02347	69
POOLPIDM_02348	1803
POOLPIDM_02349	226
POOLPIDM_02350	9
POOLPIDM_02351	38
POOLPIDM_02352	4
POOLPIDM_02353	3
POOLPIDM_02354	23
POOLPIDM_02355	0
POOLPIDM_02356	15
POOLPIDM_02357	6
POOLPIDM_02358	1
POOLPIDM_02359	20
POOLPIDM_02360	17
POOLPIDM_02361	0
POOLPIDM_02362	1
POOLPIDM_02363	0
POOLPIDM_02364	2
POOLPIDM_02365	90
POOLPIDM_02366	27
POOLPIDM_02367	25
POOLPIDM_02368	51
POOLPIDM_02369	12
POOLPIDM_02370	123
POOLPIDM_02371	12
POOLPIDM_02372	8
POOLPIDM_02373	83
POOLPIDM_02374	4
POOLPIDM_02375	209
POOLPIDM_02376	25
POOLPIDM_02377	31
POOLPIDM_02378	50
POOLPIDM_02379	44
POOLPIDM_02380	68
POOLPIDM_02381	8
POOLPIDM_02382	32
POOLPIDM_02383	25
POOLPIDM_02384	183
POOLPIDM_02385	13
POOLPIDM_02386	9
POOLPIDM_02387	32
POOLPIDM_02388	10
POOLPIDM_02389	4
POOLPIDM_02390	4
POOLPIDM_02391	10
POOLPIDM_02392	12
POOLPIDM_02393	5
POOLPIDM_02394	27
POOLPIDM_02395	34
POOLPIDM_02396	8
POOLPIDM_02397	13
POOLPIDM_02398	14
POOLPIDM_02399	29
POOLPIDM_02400	22
POOLPIDM_02401	43
POOLPIDM_02402	17
POOLPIDM_02403	47
POOLPIDM_02404	4
POOLPIDM_02405	13
POOLPIDM_02406	20
POOLPIDM_02407	153
POOLPIDM_02408	15
POOLPIDM_02409	2
POOLPIDM_02410	40
POOLPIDM_02411	30
POOLPIDM_02412	27
POOLPIDM_02413	15
POOLPIDM_02414	58
POOLPIDM_02415	17
POOLPIDM_02416	18
POOLPIDM_02417	31
POOLPIDM_02418	59
POOLPIDM_02419	12
POOLPIDM_02420	28
POOLPIDM_02421	85
POOLPIDM_02422	36
POOLPIDM_02423	27
POOLPIDM_02424	54
POOLPIDM_02425	13
POOLPIDM_02426	22
POOLPIDM_02427	41
POOLPIDM_02428	9
POOLPIDM_02429	276
POOLPIDM_02430	240
POOLPIDM_02431	25
POOLPIDM_02432	21
POOLPIDM_02433	7
POOLPIDM_02434	18
POOLPIDM_02435	114
POOLPIDM_02436	68
POOLPIDM_02437	49
POOLPIDM_02438	61
POOLPIDM_02439	39
POOLPIDM_02440	65
POOLPIDM_02441	90
POOLPIDM_02442	443
POOLPIDM_02443	12
POOLPIDM_02444	38
POOLPIDM_02445	5
POOLPIDM_02446	5
POOLPIDM_02447	16
POOLPIDM_02448	17
POOLPIDM_02449	108
POOLPIDM_02450	41
POOLPIDM_02451	8
POOLPIDM_02452	0
POOLPIDM_02453	4
POOLPIDM_02454	9
POOLPIDM_02455	11
POOLPIDM_02456	7
POOLPIDM_02457	1
POOLPIDM_02458	1
POOLPIDM_02459	2
POOLPIDM_02460	37
POOLPIDM_02461	65
POOLPIDM_02462	0
POOLPIDM_02463	0
POOLPIDM_02464	2
POOLPIDM_02465	8
POOLPIDM_02466	46
POOLPIDM_02467	27
POOLPIDM_02468	33
POOLPIDM_02469	26
POOLPIDM_02470	20
POOLPIDM_02471	98
POOLPIDM_02472	11
POOLPIDM_02473	18
POOLPIDM_02474	33
POOLPIDM_02475	7
POOLPIDM_02476	90
POOLPIDM_02477	45
POOLPIDM_02478	96
POOLPIDM_02479	38
POOLPIDM_02480	39
POOLPIDM_02481	3
POOLPIDM_02482	20
POOLPIDM_02483	12
POOLPIDM_02484	0
POOLPIDM_02485	2
POOLPIDM_02486	13
POOLPIDM_02487	27
POOLPIDM_02488	6
POOLPIDM_02489	6
POOLPIDM_02490	24
POOLPIDM_02491	11
POOLPIDM_02492	10
POOLPIDM_02493	25
POOLPIDM_02494	3
POOLPIDM_02495	33
POOLPIDM_02496	9
POOLPIDM_02497	230
POOLPIDM_02498	27
POOLPIDM_02499	39
POOLPIDM_02500	14
POOLPIDM_02510	0
POOLPIDM_02511	113
POOLPIDM_02512	1
POOLPIDM_02513	8
POOLPIDM_02514	33
POOLPIDM_02515	0
POOLPIDM_02516	5
POOLPIDM_02517	24
POOLPIDM_02518	23
POOLPIDM_02519	4
POOLPIDM_02520	9
POOLPIDM_02521	8
POOLPIDM_02522	30
POOLPIDM_02523	18
POOLPIDM_02524	26
POOLPIDM_02525	1
POOLPIDM_02526	18
POOLPIDM_02527	3
POOLPIDM_02528	154
POOLPIDM_02529	257
POOLPIDM_02530	12
POOLPIDM_02531	0
POOLPIDM_02532	1
POOLPIDM_02533	11
POOLPIDM_02534	6
POOLPIDM_02535	0
POOLPIDM_02536	0
POOLPIDM_02537	0
POOLPIDM_02538	2
POOLPIDM_02539	5
POOLPIDM_02540	11
POOLPIDM_02541	12
POOLPIDM_02542	57
POOLPIDM_02543	44
POOLPIDM_02544	111
POOLPIDM_02545	43
POOLPIDM_02546	33
POOLPIDM_02547	15
POOLPIDM_02548	3
POOLPIDM_02549	15
POOLPIDM_02550	27
POOLPIDM_02551	4
POOLPIDM_02552	0
POOLPIDM_02553	4
POOLPIDM_02554	1
POOLPIDM_02555	10
POOLPIDM_02556	3
POOLPIDM_02557	3
POOLPIDM_02558	5
POOLPIDM_02559	14
POOLPIDM_02560	1
POOLPIDM_02561	0
POOLPIDM_02562	4
POOLPIDM_02563	0
POOLPIDM_02564	7
POOLPIDM_02565	1
POOLPIDM_02566	2
POOLPIDM_02567	0
POOLPIDM_02568	9
POOLPIDM_02569	8
POOLPIDM_02570	15
POOLPIDM_02571	0
POOLPIDM_02572	23
POOLPIDM_02573	1
POOLPIDM_02574	1
POOLPIDM_02575	2
POOLPIDM_02576	0
POOLPIDM_02577	0
POOLPIDM_02578	1
POOLPIDM_02579	12
POOLPIDM_02580	56
POOLPIDM_02581	0
POOLPIDM_02582	10
POOLPIDM_02583	1
POOLPIDM_02584	3
POOLPIDM_02585	10
POOLPIDM_02586	0
POOLPIDM_02587	6
POOLPIDM_02588	8
POOLPIDM_02589	14
POOLPIDM_02590	52
POOLPIDM_02591	0
POOLPIDM_02592	0
POOLPIDM_02593	91
POOLPIDM_02594	2
POOLPIDM_02595	1
POOLPIDM_02596	15
POOLPIDM_02597	34
POOLPIDM_02598	3
POOLPIDM_02599	28
POOLPIDM_02600	16
POOLPIDM_02601	3
POOLPIDM_02602	22
POOLPIDM_02603	4
POOLPIDM_02604	0
POOLPIDM_02605	5
POOLPIDM_02606	1
POOLPIDM_02607	3
POOLPIDM_02608	67
POOLPIDM_02609	12
POOLPIDM_02610	1
POOLPIDM_02611	64
POOLPIDM_02612	7
POOLPIDM_02613	30
POOLPIDM_02614	1
POOLPIDM_02615	53
POOLPIDM_02616	15
POOLPIDM_02617	0
POOLPIDM_02618	5
POOLPIDM_02619	0
POOLPIDM_02620	1
POOLPIDM_02621	7
POOLPIDM_02622	16
POOLPIDM_02623	0
POOLPIDM_02624	162
POOLPIDM_02625	32
POOLPIDM_02626	27
POOLPIDM_02627	2
POOLPIDM_02628	7
POOLPIDM_02629	14
POOLPIDM_02630	0
POOLPIDM_02631	0
POOLPIDM_02632	0
POOLPIDM_02633	7
POOLPIDM_02634	0
POOLPIDM_02635	1
POOLPIDM_02636	31
POOLPIDM_02637	134
POOLPIDM_02638	4
POOLPIDM_02639	0
POOLPIDM_02640	2
POOLPIDM_02641	3
POOLPIDM_02642	10
POOLPIDM_02643	4
POOLPIDM_02644	10
POOLPIDM_02645	3
POOLPIDM_02646	1
POOLPIDM_02647	11
POOLPIDM_02648	0
POOLPIDM_02649	0
POOLPIDM_02650	0
POOLPIDM_02651	5
POOLPIDM_02652	1
POOLPIDM_02653	2
POOLPIDM_02654	0
POOLPIDM_02655	381
POOLPIDM_02656	5
POOLPIDM_02657	2
POOLPIDM_02658	4
POOLPIDM_02659	1
POOLPIDM_02660	6
POOLPIDM_02661	4
POOLPIDM_02662	6
POOLPIDM_02663	5
POOLPIDM_02664	0
POOLPIDM_02665	6
POOLPIDM_02666	26
POOLPIDM_02667	7
POOLPIDM_02668	1
POOLPIDM_02669	10
POOLPIDM_02670	14
POOLPIDM_02671	140
POOLPIDM_02672	130
POOLPIDM_02673	92
POOLPIDM_02674	114
POOLPIDM_02675	40
POOLPIDM_02676	0
POOLPIDM_02677	13
POOLPIDM_02678	33
POOLPIDM_02679	23
POOLPIDM_02680	84
POOLPIDM_02681	1403
POOLPIDM_02682	28
POOLPIDM_02683	0
POOLPIDM_02684	1
POOLPIDM_02685	15
POOLPIDM_02686	0
POOLPIDM_02687	0
POOLPIDM_02688	3
POOLPIDM_02689	0
POOLPIDM_02690	62
POOLPIDM_02691	57
POOLPIDM_02692	1
POOLPIDM_02693	32
POOLPIDM_02694	94
POOLPIDM_02695	0
POOLPIDM_02696	5
POOLPIDM_02697	0
POOLPIDM_02698	0
POOLPIDM_02699	0
POOLPIDM_02700	10
POOLPIDM_02701	15
POOLPIDM_02702	33
POOLPIDM_02703	49
POOLPIDM_02704	179
POOLPIDM_02705	36
POOLPIDM_02706	158
POOLPIDM_02707	8
POOLPIDM_02708	4
POOLPIDM_02709	0
POOLPIDM_02710	14
POOLPIDM_02711	6
POOLPIDM_02712	6
POOLPIDM_02713	3
POOLPIDM_02714	13
POOLPIDM_02715	14
POOLPIDM_02716	1
POOLPIDM_02717	1
POOLPIDM_02718	6
POOLPIDM_02719	2
POOLPIDM_02720	0
POOLPIDM_02721	73
POOLPIDM_02722	49
POOLPIDM_02723	95
POOLPIDM_02724	2
POOLPIDM_02725	8
POOLPIDM_02726	1
POOLPIDM_02727	14
POOLPIDM_02728	5
POOLPIDM_02729	4
POOLPIDM_02730	2
POOLPIDM_02731	0
POOLPIDM_02732	28
POOLPIDM_02733	1
POOLPIDM_02734	3
POOLPIDM_02735	0
POOLPIDM_02736	0
POOLPIDM_02737	2
POOLPIDM_02738	0
POOLPIDM_02739	19
POOLPIDM_02740	0
POOLPIDM_02741	30
POOLPIDM_02742	4
POOLPIDM_02743	1
POOLPIDM_02744	4
POOLPIDM_02745	10
POOLPIDM_02746	8
POOLPIDM_02747	4
POOLPIDM_02748	2
POOLPIDM_02749	0
POOLPIDM_02750	0
POOLPIDM_02751	0
POOLPIDM_02752	1
POOLPIDM_02753	0
POOLPIDM_02754	31
POOLPIDM_02755	10
POOLPIDM_02756	1
POOLPIDM_02757	3
POOLPIDM_02758	5
POOLPIDM_02759	1
POOLPIDM_02760	6
POOLPIDM_02761	12
POOLPIDM_02762	1
POOLPIDM_02763	2
POOLPIDM_02764	0
POOLPIDM_02765	0
POOLPIDM_02766	0
POOLPIDM_02767	9
POOLPIDM_02768	0
POOLPIDM_02769	3
POOLPIDM_02770	1
POOLPIDM_02771	46
POOLPIDM_02772	28
POOLPIDM_02773	0
POOLPIDM_02774	3
POOLPIDM_02775	0
POOLPIDM_02776	48
POOLPIDM_02777	1
POOLPIDM_02778	40
POOLPIDM_02779	4
POOLPIDM_02780	1
POOLPIDM_02781	1
POOLPIDM_02782	0
POOLPIDM_02783	3
POOLPIDM_02784	12
POOLPIDM_02785	0
POOLPIDM_02786	4
POOLPIDM_02787	3
POOLPIDM_02788	4
POOLPIDM_02789	0
POOLPIDM_02790	1
POOLPIDM_02791	2
POOLPIDM_02792	0
POOLPIDM_02793	0
POOLPIDM_02794	2
POOLPIDM_02795	2
POOLPIDM_02796	147
POOLPIDM_02797	0
POOLPIDM_02798	0
POOLPIDM_02799	7
POOLPIDM_02800	0
POOLPIDM_02801	5
POOLPIDM_02802	10
POOLPIDM_02803	2
POOLPIDM_02804	31
POOLPIDM_02805	4
POOLPIDM_02806	3
POOLPIDM_02807	0
POOLPIDM_02808	0
POOLPIDM_02809	0
POOLPIDM_02810	0
POOLPIDM_02811	0
POOLPIDM_02812	0
POOLPIDM_02813	0
POOLPIDM_02814	1
POOLPIDM_02815	1
POOLPIDM_02816	3
POOLPIDM_02817	9
POOLPIDM_02818	2
POOLPIDM_02819	0
POOLPIDM_02820	3
POOLPIDM_02821	0
POOLPIDM_02822	1
POOLPIDM_02823	0
POOLPIDM_02824	6
POOLPIDM_02825	0
POOLPIDM_02826	11
POOLPIDM_02827	1
POOLPIDM_02828	3
POOLPIDM_02829	5
POOLPIDM_02830	20
POOLPIDM_02831	3
POOLPIDM_02832	12
POOLPIDM_02833	5
POOLPIDM_02834	11
POOLPIDM_02835	27
POOLPIDM_02836	3
POOLPIDM_02837	10
POOLPIDM_02838	1
POOLPIDM_02839	3
POOLPIDM_02840	4
POOLPIDM_02841	8
POOLPIDM_02842	5
POOLPIDM_02843	6
POOLPIDM_02844	0
POOLPIDM_02845	6
POOLPIDM_02846	0
POOLPIDM_02847	14
POOLPIDM_02848	7
POOLPIDM_02849	10
POOLPIDM_02850	11
POOLPIDM_02851	0
POOLPIDM_02852	2
POOLPIDM_02853	1
POOLPIDM_02854	31
POOLPIDM_02855	34
POOLPIDM_02856	6
POOLPIDM_02857	0
POOLPIDM_02858	4
POOLPIDM_02859	4
POOLPIDM_02860	83
POOLPIDM_02861	140
POOLPIDM_02862	39
POOLPIDM_02863	2
POOLPIDM_02864	41
POOLPIDM_02865	24
POOLPIDM_02866	63
POOLPIDM_02867	2
POOLPIDM_02868	11
POOLPIDM_02869	2
POOLPIDM_02870	4
POOLPIDM_02871	0
POOLPIDM_02872	0
POOLPIDM_02873	12
POOLPIDM_02874	17
POOLPIDM_02875	53
POOLPIDM_02876	7
POOLPIDM_02877	8
POOLPIDM_02878	13
POOLPIDM_02879	12
POOLPIDM_02880	6
POOLPIDM_02881	46
POOLPIDM_02882	133
POOLPIDM_02883	20
POOLPIDM_02884	41
POOLPIDM_02885	16
POOLPIDM_02886	2
POOLPIDM_02887	0
POOLPIDM_02888	3
POOLPIDM_02889	6
POOLPIDM_02890	37
POOLPIDM_02891	42
POOLPIDM_02892	20
POOLPIDM_02893	67
POOLPIDM_02894	20
POOLPIDM_02895	1
POOLPIDM_02896	9
POOLPIDM_02897	7
POOLPIDM_02898	305
POOLPIDM_02899	33
POOLPIDM_02900	36
POOLPIDM_02901	11
POOLPIDM_02902	30
POOLPIDM_02903	42
POOLPIDM_02904	24
POOLPIDM_02905	91
POOLPIDM_02906	32
POOLPIDM_02907	11
POOLPIDM_02908	49
POOLPIDM_02909	45
POOLPIDM_02910	3
POOLPIDM_02911	626
POOLPIDM_02912	170
POOLPIDM_02913	1
POOLPIDM_02914	10
POOLPIDM_02915	57
POOLPIDM_02916	47
POOLPIDM_02917	2
POOLPIDM_02918	34
POOLPIDM_02919	12
POOLPIDM_02920	1
POOLPIDM_02921	19
POOLPIDM_02922	31
POOLPIDM_02923	11
POOLPIDM_02924	11
POOLPIDM_02925	83
POOLPIDM_02926	4
POOLPIDM_02927	10
POOLPIDM_02928	51
POOLPIDM_02929	2
POOLPIDM_02930	2
POOLPIDM_02931	4
POOLPIDM_02932	1
POOLPIDM_02933	0
POOLPIDM_02934	0
POOLPIDM_02935	0
POOLPIDM_02936	2
POOLPIDM_02937	0
POOLPIDM_02938	1
POOLPIDM_02939	1
POOLPIDM_02940	0
POOLPIDM_02941	0
POOLPIDM_02942	13
POOLPIDM_02943	0
POOLPIDM_02944	1
POOLPIDM_02945	0
POOLPIDM_02946	3
POOLPIDM_02947	11
POOLPIDM_02948	13
POOLPIDM_02949	0
POOLPIDM_02950	4
POOLPIDM_02951	8
POOLPIDM_02952	33
POOLPIDM_02953	0
POOLPIDM_02954	9
POOLPIDM_02955	17
POOLPIDM_02956	0
POOLPIDM_02957	1
POOLPIDM_02958	31
POOLPIDM_02959	11
POOLPIDM_02960	7
POOLPIDM_02961	2
POOLPIDM_02962	0
POOLPIDM_02963	3
POOLPIDM_02964	12
POOLPIDM_02965	4
POOLPIDM_02966	14
POOLPIDM_02967	3
POOLPIDM_02968	18
POOLPIDM_02969	22
POOLPIDM_02970	1
POOLPIDM_02971	21
POOLPIDM_02972	34
POOLPIDM_02973	0
POOLPIDM_02974	0
POOLPIDM_02975	0
POOLPIDM_02976	5
POOLPIDM_02977	30
POOLPIDM_02978	7
POOLPIDM_02979	32
POOLPIDM_02980	1
POOLPIDM_02981	1
POOLPIDM_02982	1
POOLPIDM_02983	3
POOLPIDM_02984	0
POOLPIDM_02985	1
POOLPIDM_02986	7
POOLPIDM_02987	20
POOLPIDM_02988	3
POOLPIDM_02989	6
POOLPIDM_02990	11
POOLPIDM_02991	1
POOLPIDM_02992	5
POOLPIDM_02993	0
POOLPIDM_02994	0
POOLPIDM_02995	3
POOLPIDM_02996	6
POOLPIDM_02997	2
POOLPIDM_02998	0
POOLPIDM_02999	2
POOLPIDM_03000	0
POOLPIDM_03001	1
POOLPIDM_03002	2
POOLPIDM_03003	0
POOLPIDM_03004	0
POOLPIDM_03005	0
POOLPIDM_03006	0
POOLPIDM_03007	0
POOLPIDM_03008	0
POOLPIDM_03009	0
POOLPIDM_03010	0
POOLPIDM_03011	0
POOLPIDM_03012	0
POOLPIDM_03013	30
POOLPIDM_03014	16
POOLPIDM_03015	12
POOLPIDM_03016	0
POOLPIDM_03017	3
POOLPIDM_03018	2
POOLPIDM_03019	45
POOLPIDM_03020	146
POOLPIDM_03021	14
POOLPIDM_03022	49
POOLPIDM_03023	11
POOLPIDM_03024	4
POOLPIDM_03025	62
POOLPIDM_03026	282
POOLPIDM_03027	2
POOLPIDM_03028	1
POOLPIDM_03029	10
POOLPIDM_03030	145
POOLPIDM_03031	731
POOLPIDM_03032	12
POOLPIDM_03033	2
POOLPIDM_03034	52
POOLPIDM_03035	0
POOLPIDM_03036	6
POOLPIDM_03037	1
POOLPIDM_03038	13
POOLPIDM_03039	1
POOLPIDM_03040	162
POOLPIDM_03041	630
POOLPIDM_03042	394
POOLPIDM_03043	0
POOLPIDM_03044	0
POOLPIDM_03045	0
POOLPIDM_03046	0
POOLPIDM_03047	0
POOLPIDM_03048	0
POOLPIDM_03049	0
POOLPIDM_03050	0
POOLPIDM_03051	0
POOLPIDM_03052	0
POOLPIDM_03053	1
POOLPIDM_03054	2
POOLPIDM_03055	1
POOLPIDM_03056	0
POOLPIDM_03057	23
POOLPIDM_03058	1
POOLPIDM_03059	1
POOLPIDM_03060	15
POOLPIDM_03061	15
POOLPIDM_03062	2
POOLPIDM_03063	22
POOLPIDM_03064	12
POOLPIDM_03065	1
POOLPIDM_03066	5
POOLPIDM_03067	0
POOLPIDM_03068	0
POOLPIDM_03069	27
POOLPIDM_03070	21
POOLPIDM_03071	0
POOLPIDM_03072	19
POOLPIDM_03073	2
POOLPIDM_03074	17
POOLPIDM_03075	88
POOLPIDM_03076	121
POOLPIDM_03077	2
POOLPIDM_03078	6
POOLPIDM_03079	0
POOLPIDM_03080	2
POOLPIDM_03081	15
POOLPIDM_03082	6
POOLPIDM_03083	78
POOLPIDM_03084	1
POOLPIDM_03085	0
POOLPIDM_03086	0
POOLPIDM_03087	1
POOLPIDM_03088	0
POOLPIDM_03089	0
POOLPIDM_03090	2
POOLPIDM_03091	1
POOLPIDM_03092	1
POOLPIDM_03093	2
POOLPIDM_03094	15
POOLPIDM_03095	97
POOLPIDM_03096	6
POOLPIDM_03097	3
POOLPIDM_03098	0
POOLPIDM_03099	0
POOLPIDM_03100	9
POOLPIDM_03101	0
POOLPIDM_03102	0
POOLPIDM_03103	2
POOLPIDM_03104	6
POOLPIDM_03105	97
POOLPIDM_03106	6
POOLPIDM_03107	8
POOLPIDM_03108	19
POOLPIDM_03109	1
POOLPIDM_03110	0
POOLPIDM_03111	1
POOLPIDM_03112	11
POOLPIDM_03113	225
POOLPIDM_03114	8
POOLPIDM_03115	7
POOLPIDM_03116	0
POOLPIDM_03117	4
POOLPIDM_03118	9
POOLPIDM_03119	1
POOLPIDM_03120	238
POOLPIDM_03121	101
POOLPIDM_03122	81
POOLPIDM_03123	3
POOLPIDM_03124	1
POOLPIDM_03125	5
POOLPIDM_03126	38
POOLPIDM_03127	21
POOLPIDM_03128	139
POOLPIDM_03129	13
POOLPIDM_03130	0
POOLPIDM_03131	0
POOLPIDM_03132	7
POOLPIDM_03133	70
POOLPIDM_03134	21
POOLPIDM_03135	7
POOLPIDM_03136	1
POOLPIDM_03137	1
POOLPIDM_03138	8
__no_feature	12613085
__ambiguous	3592
__too_low_aQual	229964
__not_aligned	123671
__alignment_not_unique	0
